hyeonwo0-kim@hyeonwo0:~/samba/workspace/BLboard/st-device-sdk-c-ref$ python build.py apps/bl602/switch_example flash /dev/ttyACM1

[18:31:20.360] - ==================================================
[18:31:20.360] - Chip name is BL602
[18:31:20.360] - Serial port is /dev/ttyACM1
[18:31:20.360] - Baudrate is 2000000
[18:31:20.360] - Firmware is /home/hyeonwo0-kim/samba/workspace/BLboard/st-device-sdk-c-ref/apps/bl602/switch_example/build_out/switch_example.bin
[18:31:20.360] - Partition Table is /home/hyeonwo0-kim/samba/workspace/BLboard/st-device-sdk-c-ref/bsp/bl602/tools/flash_tool/chips/bl602/partition/partition_cfg_2M.toml
[18:31:20.360] - Device Tree is
[18:31:20.360] - Boot2 is None
[18:31:20.360] - MFG is None
[18:31:20.360] - Media is None
[18:31:20.360] - Romfs Dir is None
[18:31:20.360] - ==================================================
[18:31:20.360] - ========= Interface is Uart =========
[18:31:20.361] - eflash loader bin is eflash_loader_40m.bin
[18:31:20.362] - ========= chip flash id: ef4015 =========
[18:31:20.364] - create partition.bin, pt_new is True
[18:31:20.366] - fw_boot_head_gen xtal: 40M
[18:31:20.367] - Create bootheader using /home/hyeonwo0-kim/samba/workspace/BLboard/st-device-sdk-c-ref/bsp/bl602/tools/flash_tool/chips/bl602/img_create_iot/efuse_bootheader_cfg.ini
[18:31:20.367] - Updating data according to </home/hyeonwo0-kim/samba/workspace/BLboard/st-device-sdk-c-ref/bsp/bl602/tools/flash_tool/chips/bl602/img_create_iot/efuse_bootheader_cfg.ini[BOOTHEADER_CFG]>
[18:31:20.368] - Created file len:176
[18:31:20.369] - Create efuse using /home/hyeonwo0-kim/samba/workspace/BLboard/st-device-sdk-c-ref/bsp/bl602/tools/flash_tool/chips/bl602/img_create_iot/efuse_bootheader_cfg.ini
[18:31:20.370] - Updating data according to </home/hyeonwo0-kim/samba/workspace/BLboard/st-device-sdk-c-ref/bsp/bl602/tools/flash_tool/chips/bl602/img_create_iot/efuse_bootheader_cfg.ini[EFUSE_CFG]>
[18:31:20.371] - Created file len:128
[18:31:20.373] - ========= sp image create =========
[18:31:20.373] - Image hash is b'11b0bd5cd039acbbcf31ea90dbf22d0c757739fedcaaef1be0ae674af4477fe0'
[18:31:20.373] - Hash ignored
[18:31:20.373] - Header crc ignored
[18:31:20.373] - Write flash img
[18:31:20.373] - Encrypt efuse data
[18:31:20.376] - fw_boot_head_gen xtal: 40M
[18:31:20.377] - Create bootheader using /home/hyeonwo0-kim/samba/workspace/BLboard/st-device-sdk-c-ref/bsp/bl602/tools/flash_tool/chips/bl602/img_create_iot/efuse_bootheader_cfg.ini
[18:31:20.377] - Updating data according to </home/hyeonwo0-kim/samba/workspace/BLboard/st-device-sdk-c-ref/bsp/bl602/tools/flash_tool/chips/bl602/img_create_iot/efuse_bootheader_cfg.ini[BOOTHEADER_CFG]>
[18:31:20.378] - Created file len:176
[18:31:20.379] - Create efuse using /home/hyeonwo0-kim/samba/workspace/BLboard/st-device-sdk-c-ref/bsp/bl602/tools/flash_tool/chips/bl602/img_create_iot/efuse_bootheader_cfg.ini
[18:31:20.380] - Updating data according to </home/hyeonwo0-kim/samba/workspace/BLboard/st-device-sdk-c-ref/bsp/bl602/tools/flash_tool/chips/bl602/img_create_iot/efuse_bootheader_cfg.ini[EFUSE_CFG]>
[18:31:20.381] - Created file len:128
[18:31:20.383] - ========= sp image create =========
[18:31:20.385] - Image hash is b'a5d43cb3142d59cd6dfd62168d2bf73e61600663c8e4f9a74ba1927878422535'
[18:31:20.385] - Header crc: b'e20dde29'
[18:31:20.385] - Write flash img
[18:31:20.388] - Encrypt efuse data
[18:31:20.389] - FW Header is 176, 3920 still needed
[18:31:20.389] - FW OTA bin header is Done. Len is 4096
[18:31:20.461] - BL60X_OTA_Ver1.0
[18:31:20.534] - FW OTA bin is Done. Len is 957360
[18:31:20.796] - OTA XZ file len = 546172
[18:31:20.796] - Partiton len = 425984
[18:31:20.796] - Warn: fw1 xz bin size is overflow with partition table, don't create ota bin
[18:31:20.796] - Warning: remove OTA files
[18:31:20.796] - FW OTA xz is Done
[18:31:20.796] - ========= eflash loader config =========
[18:31:20.796] - Image offset = 8192
[18:31:20.880] - Version: eflash_loader_v2.4.7
[18:31:20.880] - Program Start
[18:31:20.880] - ========= eflash loader cmd arguments =========
[18:31:20.880] - Config file: /home/hyeonwo0-kim/samba/workspace/BLboard/st-device-sdk-c-ref/bsp/bl602/tools/flash_tool/chips/bl602/eflash_loader/eflash_loader_cfg.ini
[18:31:20.881] - serial port is /dev/ttyACM1
[18:31:20.881] - cpu_reset=False
[18:31:20.881] - chiptype: bl602
[18:31:20.881] - ========= Interface is uart =========
[18:31:20.881] - com speed: 2000000
[18:31:20.881] - Eflash load helper file: /home/hyeonwo0-kim/samba/workspace/BLboard/st-device-sdk-c-ref/bsp/bl602/tools/flash_tool/chips/bl602/eflash_loader/eflash_loader_40m.bin
[18:31:20.881] - ========= load eflash_loader.bin =========
[18:31:20.881] - Load eflash_loader.bin via uart
[18:31:20.881] - ========= image load =========
[18:31:20.882] - FLffff(BFLB_FAIL)
[18:31:20.882] - Not ack OK
[18:31:20.882] - FLffff(BFLB_FAIL)
[18:31:20.882] - result: FLffff(BFLB_FAIL)
[18:31:20.889] - default set DTR high
[18:31:20.989] - usb serial port
[18:31:21.040] - clean buf
[18:31:21.041] - send sync
[18:31:21.253] - ack is ffffffffffffffffffffffffffffffffffffffffffffffffffffffffff4f4b
[18:31:21.285] - shake hand success
[18:31:21.296] - get_boot_info
[18:31:21.298] - data read is b'01000000000000000300000061974ccf0eb41800'
[18:31:21.298] - ========= chipid: b40ecf4c9761 =========
[18:31:21.298] - last boot info: None
[18:31:21.298] - sign is 0 encrypt is 0
[18:31:21.298] - segcnt is 1
[18:31:21.306] - segdata_len is 38464
[18:31:21.390] - 4080/38464
[18:31:21.473] - 8160/38464
[18:31:21.557] - 12240/38464
[18:31:21.641] - 16320/38464
[18:31:21.725] - 20400/38464
[18:31:21.809] - 24480/38464
[18:31:21.892] - 28560/38464
[18:31:21.975] - 32640/38464
[18:31:22.058] - 36720/38464
[18:31:22.095] - 38464/38464
[18:31:22.096] - Run img
[18:31:22.198] - Load helper bin time cost(ms): 1316.76025390625
[18:31:22.298] - Flash load shake hand
[18:31:22.310] - default set DTR high
[18:31:22.412] - clean buf
[18:31:22.412] - send sync
[18:31:22.618] - ack is 4f4b
[18:31:22.649] - Read mac addr
[18:31:22.650] - macaddr: 61974ccf0eb4
[18:31:22.651] - flash set para
[18:31:22.651] - ========= flash read jedec ID =========
[18:31:22.652] - Read flash jedec ID
[18:31:22.652] - flash jedec id: ef401580
[18:31:22.652] - Finished
[18:31:22.661] - get flash size: 0x00200000
[18:31:22.661] - Program operation
[18:31:22.661] - Dealing Index 0
[18:31:22.661] - ========= programming /home/hyeonwo0-kim/samba/workspace/BLboard/st-device-sdk-c-ref/bsp/bl602/tools/flash_tool/chips/bl602/img_create_iot/whole_img_boot2.bin to 0x00000000
[18:31:22.668] - ========= flash load =========
[18:31:22.668] - ========= flash erase =========
[18:31:22.668] - Erase flash from 0x0 to 0xaecf
[18:31:22.673] - erase pending
[18:31:22.802] - erase pending
[18:31:22.833] - erase pending
[18:31:22.863] - erase pending
[18:31:22.911] - Erase time cost(ms): 242.81787109375
[18:31:22.911] - decompress write rx timeout: 24.576
[18:31:22.922] - decompress flash load 22240
[18:31:22.934] - Load 2048/22240 {"progress":9}
[18:31:22.958] - Load 4096/22240 {"progress":18}
[18:31:22.970] - Load 6144/22240 {"progress":27}
[18:31:22.985] - Load 8192/22240 {"progress":36}
[18:31:23.000] - Load 10240/22240 {"progress":46}
[18:31:23.015] - Load 12288/22240 {"progress":55}
[18:31:23.030] - Load 14336/22240 {"progress":64}
[18:31:23.042] - Load 16384/22240 {"progress":73}
[18:31:23.057] - Load 18432/22240 {"progress":82}
[18:31:23.072] - Load 20480/22240 {"progress":92}
[18:31:23.087] - Load 22240/22240 {"progress":100}
[18:31:23.087] - Load 22240/22240 {"progress":100}
[18:31:23.087] - Write check
[18:31:23.100] - Flash load time cost(ms): 188.9951171875
[18:31:23.100] - Finished
[18:31:23.101] - Sha caled by host: baa60644753135f0cc261a1351daa2c603622d28554b31d467ea2310dfc34af9
[18:31:23.101] - xip mode Verify
[18:31:23.116] - Read Sha256/44752
[18:31:23.116] - Flash xip readsha time cost(ms): 14.2724609375
[18:31:23.116] - Finished
[18:31:23.117] - Sha caled by dev: baa60644753135f0cc261a1351daa2c603622d28554b31d467ea2310dfc34af9
[18:31:23.117] - Verify success
[18:31:23.117] - Dealing Index 1
[18:31:23.117] - ========= programming chips/bl602/partition/partition.bin to 0x0000E000
[18:31:23.124] - ========= flash load =========
[18:31:23.124] - ========= flash erase =========
[18:31:23.124] - Erase flash from 0xe000 to 0xe10f
[18:31:23.125] - erase pending
[18:31:23.179] - Erase time cost(ms): 54.688232421875
[18:31:23.182] - Load 272/272 {"progress":100}
[18:31:23.182] - Load 272/272 {"progress":100}
[18:31:23.182] - Write check
[18:31:23.183] - Flash load time cost(ms): 3.453857421875
[18:31:23.183] - Finished
[18:31:23.183] - Sha caled by host: c494e68287d8a04ad42e6253bd4f43928b9b80081b12c9805a361bf67e215dfe
[18:31:23.183] - xip mode Verify
[18:31:23.185] - Read Sha256/272
[18:31:23.185] - Flash xip readsha time cost(ms): 1.286865234375
[18:31:23.185] - Finished
[18:31:23.186] - Sha caled by dev: c494e68287d8a04ad42e6253bd4f43928b9b80081b12c9805a361bf67e215dfe
[18:31:23.186] - Verify success
[18:31:23.186] - Dealing Index 2
[18:31:23.186] - ========= programming chips/bl602/partition/partition.bin to 0x0000F000
[18:31:23.193] - ========= flash load =========
[18:31:23.193] - ========= flash erase =========
[18:31:23.193] - Erase flash from 0xf000 to 0xf10f
[18:31:23.194] - erase pending
[18:31:23.244] - Erase time cost(ms): 50.176513671875
[18:31:23.247] - Load 272/272 {"progress":100}
[18:31:23.247] - Load 272/272 {"progress":100}
[18:31:23.247] - Write check
[18:31:23.247] - Flash load time cost(ms): 3.623046875
[18:31:23.248] - Finished
[18:31:23.248] - Sha caled by host: c494e68287d8a04ad42e6253bd4f43928b9b80081b12c9805a361bf67e215dfe
[18:31:23.248] - xip mode Verify
[18:31:23.250] - Read Sha256/272
[18:31:23.250] - Flash xip readsha time cost(ms): 1.281494140625
[18:31:23.250] - Finished
[18:31:23.251] - Sha caled by dev: c494e68287d8a04ad42e6253bd4f43928b9b80081b12c9805a361bf67e215dfe
[18:31:23.251] - Verify success
[18:31:23.251] - Dealing Index 3
[18:31:23.251] - ========= programming /home/hyeonwo0-kim/samba/workspace/BLboard/st-device-sdk-c-ref/bsp/bl602/tools/flash_tool/chips/bl602/img_create_iot/whole_img.bin to 0x00010000
[18:31:23.261] - ========= flash load =========
[18:31:23.263] - ========= flash erase =========
[18:31:23.263] - Erase flash from 0x10000 to 0xf9baf
[18:31:23.268] - erase pending
[18:31:23.481] - erase pending
[18:31:23.681] - erase pending
[18:31:23.877] - erase pending
[18:31:24.073] - erase pending
[18:31:24.281] - erase pending
[18:31:24.481] - erase pending
[18:31:24.677] - erase pending
[18:31:24.887] - erase pending
[18:31:25.088] - erase pending
[18:31:25.283] - erase pending
[18:31:25.494] - erase pending
[18:31:25.710] - erase pending
[18:31:25.933] - erase pending
[18:31:26.136] - erase pending
[18:31:26.265] - erase pending
[18:31:26.295] - erase pending
[18:31:26.346] - Erase time cost(ms): 3082.48681640625
[18:31:26.346] - decompress write rx timeout: 24.576
[18:31:26.502] - decompress flash load 546172
[18:31:26.513] - Load 2048/546172 {"progress":0}
[18:31:26.535] - Load 4096/546172 {"progress":0}
[18:31:26.547] - Load 6144/546172 {"progress":1}
[18:31:26.561] - Load 8192/546172 {"progress":1}
[18:31:26.577] - Load 10240/546172 {"progress":1}
[18:31:26.592] - Load 12288/546172 {"progress":2}
[18:31:26.604] - Load 14336/546172 {"progress":2}
[18:31:26.619] - Load 16384/546172 {"progress":2}
[18:31:26.634] - Load 18432/546172 {"progress":3}
[18:31:26.649] - Load 20480/546172 {"progress":3}
[18:31:26.664] - Load 22528/546172 {"progress":4}
[18:31:26.679] - Load 24576/546172 {"progress":4}
[18:31:26.691] - Load 26624/546172 {"progress":4}
[18:31:26.707] - Load 28672/546172 {"progress":5}
[18:31:26.722] - Load 30720/546172 {"progress":5}
[18:31:26.746] - Load 32768/546172 {"progress":5}
[18:31:26.761] - Load 34816/546172 {"progress":6}
[18:31:26.773] - Load 36864/546172 {"progress":6}
[18:31:26.788] - Load 38912/546172 {"progress":7}
[18:31:26.803] - Load 40960/546172 {"progress":7}
[18:31:26.818] - Load 43008/546172 {"progress":7}
[18:31:26.830] - Load 45056/546172 {"progress":8}
[18:31:26.846] - Load 47104/546172 {"progress":8}
[18:31:26.860] - Load 49152/546172 {"progress":8}
[18:31:26.876] - Load 51200/546172 {"progress":9}
[18:31:26.891] - Load 53248/546172 {"progress":9}
[18:31:26.906] - Load 55296/546172 {"progress":10}
[18:31:26.918] - Load 57344/546172 {"progress":10}
[18:31:26.933] - Load 59392/546172 {"progress":10}
[18:31:26.948] - Load 61440/546172 {"progress":11}
[18:31:26.963] - Load 63488/546172 {"progress":11}
[18:31:26.977] - Load 65536/546172 {"progress":11}
[18:31:26.990] - Load 67584/546172 {"progress":12}
[18:31:27.005] - Load 69632/546172 {"progress":12}
[18:31:27.019] - Load 71680/546172 {"progress":13}
[18:31:27.034] - Load 73728/546172 {"progress":13}
[18:31:27.046] - Load 75776/546172 {"progress":13}
[18:31:27.061] - Load 77824/546172 {"progress":14}
[18:31:27.076] - Load 79872/546172 {"progress":14}
[18:31:27.091] - Load 81920/546172 {"progress":14}
[18:31:27.103] - Load 83968/546172 {"progress":15}
[18:31:27.119] - Load 86016/546172 {"progress":15}
[18:31:27.134] - Load 88064/546172 {"progress":16}
[18:31:27.149] - Load 90112/546172 {"progress":16}
[18:31:27.161] - Load 92160/546172 {"progress":16}
[18:31:27.176] - Load 94208/546172 {"progress":17}
[18:31:27.191] - Load 96256/546172 {"progress":17}
[18:31:27.206] - Load 98304/546172 {"progress":17}
[18:31:27.221] - Load 100352/546172 {"progress":18}
[18:31:27.236] - Load 102400/546172 {"progress":18}
[18:31:27.248] - Load 104448/546172 {"progress":19}
[18:31:27.264] - Load 106496/546172 {"progress":19}
[18:31:27.279] - Load 108544/546172 {"progress":19}
[18:31:27.294] - Load 110592/546172 {"progress":20}
[18:31:27.309] - Load 112640/546172 {"progress":20}
[18:31:27.324] - Load 114688/546172 {"progress":20}
[18:31:27.335] - Load 116736/546172 {"progress":21}
[18:31:27.351] - Load 118784/546172 {"progress":21}
[18:31:27.366] - Load 120832/546172 {"progress":22}
[18:31:27.381] - Load 122880/546172 {"progress":22}
[18:31:27.396] - Load 124928/546172 {"progress":22}
[18:31:27.411] - Load 126976/546172 {"progress":23}
[18:31:27.426] - Load 129024/546172 {"progress":23}
[18:31:27.438] - Load 131072/546172 {"progress":23}
[18:31:27.453] - Load 133120/546172 {"progress":24}
[18:31:27.469] - Load 135168/546172 {"progress":24}
[18:31:27.484] - Load 137216/546172 {"progress":25}
[18:31:27.496] - Load 139264/546172 {"progress":25}
[18:31:27.511] - Load 141312/546172 {"progress":25}
[18:31:27.526] - Load 143360/546172 {"progress":26}
[18:31:27.541] - Load 145408/546172 {"progress":26}
[18:31:27.553] - Load 147456/546172 {"progress":26}
[18:31:27.568] - Load 149504/546172 {"progress":27}
[18:31:27.583] - Load 151552/546172 {"progress":27}
[18:31:27.598] - Load 153600/546172 {"progress":28}
[18:31:27.613] - Load 155648/546172 {"progress":28}
[18:31:27.629] - Load 157696/546172 {"progress":28}
[18:31:27.641] - Load 159744/546172 {"progress":29}
[18:31:27.656] - Load 161792/546172 {"progress":29}
[18:31:27.671] - Load 163840/546172 {"progress":29}
[18:31:27.686] - Load 165888/546172 {"progress":30}
[18:31:27.702] - Load 167936/546172 {"progress":30}
[18:31:27.717] - Load 169984/546172 {"progress":31}
[18:31:27.728] - Load 172032/546172 {"progress":31}
[18:31:27.744] - Load 174080/546172 {"progress":31}
[18:31:27.759] - Load 176128/546172 {"progress":32}
[18:31:27.774] - Load 178176/546172 {"progress":32}
[18:31:27.789] - Load 180224/546172 {"progress":32}
[18:31:27.801] - Load 182272/546172 {"progress":33}
[18:31:27.817] - Load 184320/546172 {"progress":33}
[18:31:27.832] - Load 186368/546172 {"progress":34}
[18:31:27.846] - Load 188416/546172 {"progress":34}
[18:31:27.858] - Load 190464/546172 {"progress":34}
[18:31:27.874] - Load 192512/546172 {"progress":35}
[18:31:27.888] - Load 194560/546172 {"progress":35}
[18:31:27.903] - Load 196608/546172 {"progress":35}
[18:31:27.919] - Load 198656/546172 {"progress":36}
[18:31:27.931] - Load 200704/546172 {"progress":36}
[18:31:27.946] - Load 202752/546172 {"progress":37}
[18:31:27.961] - Load 204800/546172 {"progress":37}
[18:31:27.976] - Load 206848/546172 {"progress":37}
[18:31:27.991] - Load 208896/546172 {"progress":38}
[18:31:28.007] - Load 210944/546172 {"progress":38}
[18:31:28.021] - Load 212992/546172 {"progress":38}
[18:31:28.033] - Load 215040/546172 {"progress":39}
[18:31:28.049] - Load 217088/546172 {"progress":39}
[18:31:28.063] - Load 219136/546172 {"progress":40}
[18:31:28.079] - Load 221184/546172 {"progress":40}
[18:31:28.094] - Load 223232/546172 {"progress":40}
[18:31:28.109] - Load 225280/546172 {"progress":41}
[18:31:28.124] - Load 227328/546172 {"progress":41}
[18:31:28.135] - Load 229376/546172 {"progress":41}
[18:31:28.151] - Load 231424/546172 {"progress":42}
[18:31:28.166] - Load 233472/546172 {"progress":42}
[18:31:28.181] - Load 235520/546172 {"progress":43}
[18:31:28.196] - Load 237568/546172 {"progress":43}
[18:31:28.212] - Load 239616/546172 {"progress":43}
[18:31:28.227] - Load 241664/546172 {"progress":44}
[18:31:28.242] - Load 243712/546172 {"progress":44}
[18:31:28.257] - Load 245760/546172 {"progress":44}
[18:31:28.272] - Load 247808/546172 {"progress":45}
[18:31:28.287] - Load 249856/546172 {"progress":45}
[18:31:28.299] - Load 251904/546172 {"progress":46}
[18:31:28.314] - Load 253952/546172 {"progress":46}
[18:31:28.330] - Load 256000/546172 {"progress":46}
[18:31:28.346] - Load 258048/546172 {"progress":47}
[18:31:28.358] - Load 260096/546172 {"progress":47}
[18:31:28.373] - Load 262144/546172 {"progress":47}
[18:31:28.388] - Load 264192/546172 {"progress":48}
[18:31:28.400] - Load 266240/546172 {"progress":48}
[18:31:28.416] - Load 268288/546172 {"progress":49}
[18:31:28.431] - Load 270336/546172 {"progress":49}
[18:31:28.447] - Load 272384/546172 {"progress":49}
[18:31:28.458] - Load 274432/546172 {"progress":50}
[18:31:28.474] - Load 276480/546172 {"progress":50}
[18:31:28.489] - Load 278528/546172 {"progress":50}
[18:31:28.500] - Load 280576/546172 {"progress":51}
[18:31:28.516] - Load 282624/546172 {"progress":51}
[18:31:28.531] - Load 284672/546172 {"progress":52}
[18:31:28.546] - Load 286720/546172 {"progress":52}
[18:31:28.562] - Load 288768/546172 {"progress":52}
[18:31:28.576] - Load 290816/546172 {"progress":53}
[18:31:28.592] - Load 292864/546172 {"progress":53}
[18:31:28.603] - Load 294912/546172 {"progress":53}
[18:31:28.619] - Load 296960/546172 {"progress":54}
[18:31:28.634] - Load 299008/546172 {"progress":54}
[18:31:28.649] - Load 301056/546172 {"progress":55}
[18:31:28.665] - Load 303104/546172 {"progress":55}
[18:31:28.680] - Load 305152/546172 {"progress":55}
[18:31:28.694] - Load 307200/546172 {"progress":56}
[18:31:28.710] - Load 309248/546172 {"progress":56}
[18:31:28.725] - Load 311296/546172 {"progress":56}
[18:31:28.737] - Load 313344/546172 {"progress":57}
[18:31:28.753] - Load 315392/546172 {"progress":57}
[18:31:28.767] - Load 317440/546172 {"progress":58}
[18:31:28.783] - Load 319488/546172 {"progress":58}
[18:31:28.798] - Load 321536/546172 {"progress":58}
[18:31:28.813] - Load 323584/546172 {"progress":59}
[18:31:28.828] - Load 325632/546172 {"progress":59}
[18:31:28.840] - Load 327680/546172 {"progress":59}
[18:31:28.855] - Load 329728/546172 {"progress":60}
[18:31:28.870] - Load 331776/546172 {"progress":60}
[18:31:28.886] - Load 333824/546172 {"progress":61}
[18:31:28.901] - Load 335872/546172 {"progress":61}
[18:31:28.916] - Load 337920/546172 {"progress":61}
[18:31:28.928] - Load 339968/546172 {"progress":62}
[18:31:28.943] - Load 342016/546172 {"progress":62}
[18:31:28.958] - Load 344064/546172 {"progress":62}
[18:31:28.973] - Load 346112/546172 {"progress":63}
[18:31:28.988] - Load 348160/546172 {"progress":63}
[18:31:29.003] - Load 350208/546172 {"progress":64}
[18:31:29.015] - Load 352256/546172 {"progress":64}
[18:31:29.031] - Load 354304/546172 {"progress":64}
[18:31:29.046] - Load 356352/546172 {"progress":65}
[18:31:29.061] - Load 358400/546172 {"progress":65}
[18:31:29.076] - Load 360448/546172 {"progress":65}
[18:31:29.088] - Load 362496/546172 {"progress":66}
[18:31:29.103] - Load 364544/546172 {"progress":66}
[18:31:29.118] - Load 366592/546172 {"progress":67}
[18:31:29.133] - Load 368640/546172 {"progress":67}
[18:31:29.145] - Load 370688/546172 {"progress":67}
[18:31:29.160] - Load 372736/546172 {"progress":68}
[18:31:29.175] - Load 374784/546172 {"progress":68}
[18:31:29.190] - Load 376832/546172 {"progress":68}
[18:31:29.206] - Load 378880/546172 {"progress":69}
[18:31:29.222] - Load 380928/546172 {"progress":69}
[18:31:29.237] - Load 382976/546172 {"progress":70}
[18:31:29.249] - Load 385024/546172 {"progress":70}
[18:31:29.264] - Load 387072/546172 {"progress":70}
[18:31:29.279] - Load 389120/546172 {"progress":71}
[18:31:29.294] - Load 391168/546172 {"progress":71}
[18:31:29.306] - Load 393216/546172 {"progress":71}
[18:31:29.321] - Load 395264/546172 {"progress":72}
[18:31:29.336] - Load 397312/546172 {"progress":72}
[18:31:29.351] - Load 399360/546172 {"progress":73}
[18:31:29.366] - Load 401408/546172 {"progress":73}
[18:31:29.378] - Load 403456/546172 {"progress":73}
[18:31:29.393] - Load 405504/546172 {"progress":74}
[18:31:29.409] - Load 407552/546172 {"progress":74}
[18:31:29.423] - Load 409600/546172 {"progress":74}
[18:31:29.439] - Load 411648/546172 {"progress":75}
[18:31:29.451] - Load 413696/546172 {"progress":75}
[18:31:29.466] - Load 415744/546172 {"progress":76}
[18:31:29.481] - Load 417792/546172 {"progress":76}
[18:31:29.496] - Load 419840/546172 {"progress":76}
[18:31:29.511] - Load 421888/546172 {"progress":77}
[18:31:29.527] - Load 423936/546172 {"progress":77}
[18:31:29.539] - Load 425984/546172 {"progress":77}
[18:31:29.554] - Load 428032/546172 {"progress":78}
[18:31:29.569] - Load 430080/546172 {"progress":78}
[18:31:29.584] - Load 432128/546172 {"progress":79}
[18:31:29.597] - Load 434176/546172 {"progress":79}
[18:31:29.620] - Load 436224/546172 {"progress":79}
[18:31:29.632] - Load 438272/546172 {"progress":80}
[18:31:29.648] - Load 440320/546172 {"progress":80}
[18:31:29.662] - Load 442368/546172 {"progress":80}
[18:31:29.674] - Load 444416/546172 {"progress":81}
[18:31:29.689] - Load 446464/546172 {"progress":81}
[18:31:29.705] - Load 448512/546172 {"progress":82}
[18:31:29.720] - Load 450560/546172 {"progress":82}
[18:31:29.734] - Load 452608/546172 {"progress":82}
[18:31:29.747] - Load 454656/546172 {"progress":83}
[18:31:29.761] - Load 456704/546172 {"progress":83}
[18:31:29.776] - Load 458752/546172 {"progress":83}
[18:31:29.792] - Load 460800/546172 {"progress":84}
[18:31:29.806] - Load 462848/546172 {"progress":84}
[18:31:29.818] - Load 464896/546172 {"progress":85}
[18:31:29.834] - Load 466944/546172 {"progress":85}
[18:31:29.848] - Load 468992/546172 {"progress":85}
[18:31:29.865] - Load 471040/546172 {"progress":86}
[18:31:29.889] - Load 473088/546172 {"progress":86}
[18:31:29.904] - Load 475136/546172 {"progress":86}
[18:31:29.929] - Load 477184/546172 {"progress":87}
[18:31:29.945] - Load 479232/546172 {"progress":87}
[18:31:29.968] - Load 481280/546172 {"progress":88}
[18:31:29.993] - Load 483328/546172 {"progress":88}
[18:31:30.009] - Load 485376/546172 {"progress":88}
[18:31:30.033] - Load 487424/546172 {"progress":89}
[18:31:30.049] - Load 489472/546172 {"progress":89}
[18:31:30.073] - Load 491520/546172 {"progress":89}
[18:31:30.097] - Load 493568/546172 {"progress":90}
[18:31:30.114] - Load 495616/546172 {"progress":90}
[18:31:30.146] - Load 497664/546172 {"progress":91}
[18:31:30.162] - Load 499712/546172 {"progress":91}
[18:31:30.177] - Load 501760/546172 {"progress":91}
[18:31:30.188] - Load 503808/546172 {"progress":92}
[18:31:30.202] - Load 505856/546172 {"progress":92}
[18:31:30.214] - Load 507904/546172 {"progress":92}
[18:31:30.229] - Load 509952/546172 {"progress":93}
[18:31:30.240] - Load 512000/546172 {"progress":93}
[18:31:30.254] - Load 514048/546172 {"progress":94}
[18:31:30.268] - Load 516096/546172 {"progress":94}
[18:31:30.280] - Load 518144/546172 {"progress":94}
[18:31:30.293] - Load 520192/546172 {"progress":95}
[18:31:30.306] - Load 522240/546172 {"progress":95}
[18:31:30.319] - Load 524288/546172 {"progress":95}
[18:31:30.331] - Load 526336/546172 {"progress":96}
[18:31:30.345] - Load 528384/546172 {"progress":96}
[18:31:30.360] - Load 530432/546172 {"progress":97}
[18:31:30.375] - Load 532480/546172 {"progress":97}
[18:31:30.400] - Load 534528/546172 {"progress":97}
[18:31:30.416] - Load 536576/546172 {"progress":98}
[18:31:30.440] - Load 538624/546172 {"progress":98}
[18:31:30.457] - Load 540672/546172 {"progress":98}
[18:31:30.483] - Load 542720/546172 {"progress":99}
[18:31:30.506] - Load 544768/546172 {"progress":99}
[18:31:30.521] - Load 546172/546172 {"progress":100}
[18:31:30.521] - Load 546172/546172 {"progress":100}
[18:31:30.521] - Write check
[18:31:30.541] - Flash load time cost(ms): 4194.477783203125
[18:31:30.541] - Finished
[18:31:30.547] - Sha caled by host: 9d414d3cd33a096b07e81580d667090480d452e8a3b33e3f58cb96f08f1bc383
[18:31:30.547] - xip mode Verify
[18:31:30.807] - Read Sha256/957360
[18:31:30.807] - Flash xip readsha time cost(ms): 259.895263671875
[18:31:30.807] - Finished
[18:31:30.808] - Sha caled by dev: 9d414d3cd33a096b07e81580d667090480d452e8a3b33e3f58cb96f08f1bc383
[18:31:30.808] - Verify success
[18:31:30.808] - Program Finished
[18:31:30.808] - All time cost(ms): 9928.0107421875
[18:31:30.911] - close interface
[18:31:30.911] - [All Success]
hyeonwo0-kim@hyeonwo0:~/samba/workspace/BLboard/st-device-sdk-c-ref$ python build.py apps/bl602/switch_example flash /dev/ttyACM1light_example monitorswitch_example flash /dev/ttyACM1 /dev/ttyACM1 /dev/ttyACM1 /dev/ttyACM1 /dev/ttyACM1m /dev/ttyACM1o /dev/ttyACM1n /dev/ttyACM1i /dev/ttyACM1t /dev/ttyACM1o /dev/ttyACM1r /dev/ttyACM1

Serial port opened
Starting bl602 now....
Booting BL602 Chip...
          
      
       
     

     


------------------------------------------------------------
RISC-V Core Feature:RV32-ACFIMX
Build Version: release_bl_iot_sdk_1.6.40-41-g9890ac3e7-dirty
Build Date: Mar 17 2025
Build Time: 17:36:27
------------------------------------------------------------

blog init set power on level 2, 2, 2.
[IRQ] Clearing and Disable all the pending IRQ...
[         0][INFO: hal_boot2.c: 282] [HAL] [BOOT2] Active Partition[0] consumed 596 Bytes
[         0][INFO: hal_boot2.c:  82] ======= PtTable_Config @0x4200e9b0=======
[         0][INFO: hal_boot2.c:  83] magicCode 0x54504642; version 0x0000; entryCnt 7; age 0; crc32 0x12DF9A26
[         0][INFO: hal_boot2.c:  89] idx  type device activeIndex     name   Address[0]  Address[1]  Length[0]   Length[1]   age
[         0][INFO: hal_boot2.c:  91] [00]  00     0         0            FW  0x00010000  0x00108000  0x000f8000  0x00068000  0
[         0][INFO: hal_boot2.c:  91] [01]  02     0         0           mfg  0x00170000  0x00000000  0x00032000  0x00000000  0
[         0][INFO: hal_boot2.c:  91] [02]  03     0         0         media  0x001a2000  0x00000000  0x00047000  0x00000000  0
[         0][INFO: hal_boot2.c:  91] [03]  04     0         0           PSM  0x001e9000  0x00000000  0x00008000  0x00000000  0
[         0][INFO: hal_boot2.c:  91] [04]  05     0         0           KEY  0x001f1000  0x00000000  0x00002000  0x00000000  0
[         0][INFO: hal_boot2.c:  91] [05]  06     0         0          DATA  0x001f3000  0x00000000  0x00005000  0x00000000  0
[         0][INFO: hal_boot2.c:  91] [06]  07     0         0       factory  0x001f8000  0x00000000  0x00007000  0x00000000  0
[         0][INFO: bl_flash.c: 391] ======= FlashCfg magiccode @0x42049c18=======
[         0][INFO: bl_flash.c: 392] mid 0xEF
[         0][INFO: bl_flash.c: 393] clkDelay 0x1
[         0][INFO: bl_flash.c: 394] clkInvert 0x1
[         0][INFO: bl_flash.c: 395] sector size4KBytes
[         0][INFO: bl_flash.c: 396] page size256Bytes
[         0][INFO: bl_flash.c: 397] ---------------------------------------------------------------
[         0][INFO: hal_board.c:1249] [MAIN] [BOARD] [FLASH] addr from partition is 001f8000, ret is 0
[         0][INFO: hal_board.c:1257] [MAIN] [BOARD] [XIP] addr from partition is 231e7000, ret is 0
[         0][INFO: hal_board.c: 208] MAC address mode length 3
[         0][INFO: hal_board.c: 212] MAC address mode is MBF
Read slot:0
[         0][INFO: hal_board.c: 187] Set MAC addrress B4:0E:CF:4C:97:61
[         0][INFO: hal_board.c: 955] country_code : 86
[         0][INFO: hal_board.c: 323] xtal_mode length 2
[         0][INFO: hal_board.c: 327] xtal_mode is MF
Read slot:0
[         0][INFO: hal_board.c: 986] channel_div_table :
[         0][BUF: hal_board.c: 987] c4 4e ec 1e cb b7 fc 1e d2 20 0d 1f d8 89 1d 1f df f2 2d 1f e5 5b 3e 1f ec c4 4e 1f f2 2d 5f 1f f9 96 6f 1f 00 00 80 1f 06 69 90 1f 0d d2 a0 1f 13 3b
[         0][BUF: hal_board.c: 987] b1 1f 89 9d d8 1f f8 81 1f 20
[         0][INFO: hal_board.c: 997] channel_cnt_table :
[         0][BUF: hal_board.c: 998] 8a a7 e3 a7 3c a8 95 a8 ed a8 46 a9 9f a9 f8 a9 51 aa aa aa 03 ab 5c ab b5 ab 8a ac 0c 9f 0b 23 68 c1 0b 23 a0 8a 01 42 00 c0 0b 23 00 c0 0b 23 00 c0
[         0][BUF: hal_board.c: 998] 0b 23 00 c0 0b 23
[         0][INFO: hal_board.c:1006] lo_fcal_div : 1387
[         0][INFO: hal_board.c:1020] pwr_table_11b :20 20 20 18
[         0][INFO: hal_board.c:1036] pwr_table_11g :18 18 18 18 18 18 14 14
[         0][INFO: hal_board.c:1056] pwr_table_11n :18 18 18 18 18 16 14 14
[         0][INFO: hal_board.c: 523] pwr_mode length 2
[         0][INFO: hal_board.c: 527] pwr_mode is bf
No written slot found
[         0][INFO: hal_board.c: 415] pwr_offset from dtb:
[         0][BUF: hal_board.c: 416] 0a 0a 0a 0a 0a 0a 0a 0a 0a 0a 0a 0a 0a 0a
[         0][INFO: hal_board.c: 421] pwr_offset from dtb (rebase on 10):
[         0][BUF: hal_board.c: 504]   0   0   0   0   0   0   0   0   0   0   0   0   0   0
[         0][INFO: hal_board.c:1086] set pwr_table_ble = 13 in dts
[         0][INFO: hal_board.c: 687] ap_ssid string[0] = bl_test_005, ap_ssid_len = 11
[         0][INFO: hal_board.c: 698] ap_psk string[0] = 12345678, ap_psk_len = 8
[         0][INFO: hal_board.c: 707] ap_channel = 11
[         0][INFO: hal_board.c: 635] [STA] ap_ssid string[0] = yourssid, ap_ssid_len = 8
[         0][INFO: hal_board.c: 646] [STA] ap_psk string[0] = yourapssword, ap_psk_len = 12
[         0][INFO: hal_board.c: 654] auto_connect_enable = 0
[OS] Starting aos_loop_proc task...
[OS] Starting OS Scheduler...
[MTD] >>>>>> Hanlde info Dump >>>>>>
name PSM
id 0
offset 0x001e9000(2002944)
size 0x00008000(32Kbytes)
xip_addr 0x231d8000
[MTD] <<<<<< Hanlde info End <<<<<<
[EF] Found Valid PSM partition, XIP Addr 231d8000, flash addr 001e9000, size 32768
ENV AREA SIZE 32768, SECTOR NUM 8
*default_env_size = 0x00000001
ENV start address is 0x00000000, size is 32768 bytes.
EasyFlash V4.0.99 is initialize success.
You can get the latest version on https://github.com/armink/EasyFlash .
[MTD] >>>>>> Hanlde info Dump >>>>>>
name media
id 0
offset 0x001a2000(1712128)
size 0x00047000(284Kbytes)
xip_addr 0x23191000
[MTD] <<<<<< Hanlde info End <<<<<<
[        25][ERROR : bl_romfs.c: 158] romfs magic is NOT correct
Init CLI with event Driven
!_!_!_!---- create app main task
[app_main_entry] enter
[APP_FLAG] enter main
[        27][INFO  : hosal_adc.c: 459] offset = 2139
[        27][INFO  : hosal_adc.c: 233] ADC freq: 284Hz. div:6
[MTD] >>>>>> Hanlde info Dump >>>>>>
name PSM
id 0
offset 0x001e9000(2002944)
size 0x00008000(32Kbytes)
xip_addr 0x231d8000
[MTD] <<<<<< Hanlde info End <<<<<<
[EF] Found Valid PSM partition, XIP Addr 231d8000, flash addr 001e9000, size 32768
ENV AREA SIZE 32768, SECTOR NUM 8
*default_env_size = 0x00000001
EasyFlash V4.0.99 is initialize success.
You can get the latest version on https://github.com/armink/EasyFlash .
I (32) [IoT] : _dump_device_info(748) > firmware_version: switch_example_001
I (32) [IoT] : iot_bsp_wifi_init(219) > [bl602] iot_bsp_wifi_init
-------------------->>>>>>>> LWIP tcp_port 57372
1th channel,lo_vco_freq_cw=150
2th channel,lo_vco_freq_cw=149
3th channel,lo_vco_freq_cw=148
4th channel,lo_vco_freq_cw=146
5th channel,lo_vco_freq_cw=145
6th channel,lo_vco_freq_cw=144
7th channel,lo_vco_freq_cw=142
8th channel,lo_vco_freq_cw=141
9th channel,lo_vco_freq_cw=140
10th channel,lo_vco_freq_cw=139
11th channel,lo_vco_freq_cw=137
12th channel,lo_vco_freq_cw=136
13th channel,lo_vco_freq_cw=135
14th channel,lo_vco_freq_cw=134
15th channel,lo_vco_freq_cw=132
16th channel,lo_vco_freq_cw=131
17th channel,lo_vco_freq_cw=130
18th channel,lo_vco_freq_cw=129
19th channel,lo_vco_freq_cw=128
20th channel,lo_vco_freq_cw=127
21th channel,lo_vco_freq_cw=125
0th channel,vco_idac_cw=7
1th channel,vco_idac_cw=7
2th channel,vco_idac_cw=7
3th channel,vco_idac_cw=7
4th channel,vco_idac_cw=7
5th channel,vco_idac_cw=7
6th channel,vco_idac_cw=7
7th channel,vco_idac_cw=7
8th channel,vco_idac_cw=7
9th channel,vco_idac_cw=7
10th channel,vco_idac_cw=7
11th channel,vco_idac_cw=7
12th channel,vco_idac_cw=7
13th channel,vco_idac_cw=7
14th channel,vco_idac_cw=7
15th channel,vco_idac_cw=7
16th channel,vco_idac_cw=7
17th channel,vco_idac_cw=7
18th channel,vco_idac_cw=7
19th channel,vco_idac_cw=7
20th channel,vco_idac_cw=6
LO locked 9 140
rosdac_i_gc3=41
rosdac_i_gc2=41
rosdac_i_gc1=41
rosdac_i_gc0=41
rosdac_q_gc3=34
rosdac_q_gc2=34
rosdac_q_gc1=34
rosdac_q_gc0=34
rbb_cap1_fc_i=30,rbb_cap2_fc_i=30,rbb_cap1_fc_q=31,rbb_cap2_fc_q=31
new rbb_cap1_fc_i=54,rbb_cap2_fc_i=54,rbb_cap1_fc_q=54,rbb_cap2_fc_q=54
LO locked 9 140
amp=128,step=32,adc_mean_i=62
amp=160,step=16,adc_mean_i=90
amp=176,step=8,adc_mean_i=105
tmx_cs=0, tmxcs_pwr_avg=32059, tmxcs_pwr_avg>>10=31
tmx_cs=1, tmxcs_pwr_avg=41117, tmxcs_pwr_avg>>10=40
tmx_cs=2, tmxcs_pwr_avg=54588, tmxcs_pwr_avg>>10=53
tmx_cs=3, tmxcs_pwr_avg=72892, tmxcs_pwr_avg>>10=71
tmx_cs=4, tmxcs_pwr_avg=93372, tmxcs_pwr_avg>>10=91
tmx_cs=5, tmxcs_pwr_avg=106597, tmxcs_pwr_avg>>10=104
tmx_cs=6, tmxcs_pwr_avg=100731, tmxcs_pwr_avg>>10=98
tmx_cs=7, tmxcs_pwr_avg=80883, tmxcs_pwr_avg>>10=78
tmx_cs_max=5, tmxcs_pwr_max=106597, tmxcs_pwr_max>>10=104
amp=256,step=64,adc_mean_i=70
amp=320,step=32,adc_mean_i=203
tosdac_i=18,tosdac_q=40,tx_iq_gain_comp=1034,tx_iq_phase_comp=7
tosdac_i=19,tosdac_q=38,tx_iq_gain_comp=1031,tx_iq_phase_comp=8
tosdac_i=22,tosdac_q=32,tx_iq_gain_comp=1016,tx_iq_phase_comp=3
tosdac_i=21,tosdac_q=36,tx_iq_gain_comp=1024,tx_iq_phase_comp=6
tosdac_i=22,tosdac_q=36,tx_iq_gain_comp=1018,tx_iq_phase_comp=5
tosdac_i=21,tosdac_q=38,tx_iq_gain_comp=1016,tx_iq_phase_comp=6
tosdac_i=22,tosdac_q=26,tx_iq_gain_comp=1016,tx_iq_phase_comp=10
tosdac_i=24,tosdac_q=25,tx_iq_gain_comp=1020,tx_iq_phase_comp=8
[WF] [KEY] [CFG] nVAP is 2, endidx 12, startidx 8
td_init
td_reset idx=0
td_reset idx=1


[BL] Initi Wi-Fi with MAC #### B4:0E:CF:4C:97:61 ####
hostname: Bouffalolab_BL602-4c9761
[WF] country code CN used, num of channel 13
-----------------------------------------------------
[IPC] [TX] Low level size 204, driver size 100, total size 304
Enable BMX IRQ
[WF] [KEY] [CFG] nVAP is 2, endidx 12, startidx 8
td_init
td_reset idx=0
td_reset idx=1
[version] lmac 5.4.0.0
[version] version_machw_1 000055FB
[version] version_machw_2 000001B3
[version] version_phy_1 00822111
[version] version_phy_2 00000000
[version] features 001089DF
[ME] HT supp 1, VHT supp 0
[WF][SM] reload tsen
[WF][SM] Exiting ifaceDown state
[WF][SM] State Action ###ifaceDown### --->>> ###idle###
[WF][SM] Entering idle state
I (121) [IoT] : iot_bsp_wifi_init(235) > [bl602] iot_bsp_wifi_init done
I (122) [IoT] : st_conn_init(1163) > stdk_version : 2.0.2
[APP_FLAG] iot ctx is not null
[APP_FLAG] launch app_main_task
I (123) [IoT] : st_conn_start(1250) > st_conn_start start (no-pin)
Not found 'DeviceID' in ENV.
I (143) [IoT] : st_conn_start(1302) > st_conn_start done (0)
I (144) [IoT] : _device_work_queue_task(990) > Enter device work queue task
I (144) [IoT] : _do_iot_main_command(648) > curr_main_cmd:0, curr_main_state:0
I (145) [IoT] : _do_state_updating(456) > current state 0, new state 2
I (145) [IoT] : iot_bsp_wifi_set_mode(319) > iot_bsp_wifi_set_mode = 1
------>>>>>> Scan CMD
[WIFI] [IND] SCAN Done
wifi_mgmr_scan_complete_callback: scan complete
I (3056) [IoT] : event_cb_wifi_event(203) > Complete scanning
I (3057) [IoT] : iot_ble_ctrl_request(183) > BLE onboarding start!!

I (3057) [IoT] : iot_easysetup_init(526) > IOT_STATE_PROV_ES_START
I (3057) [IoT] : es_ble_init(110) > ble init!!
I (3059) [IoT] : set_advertise_mac_addr(212) > macaddr.a.val[0]: 0
I (3060) [IoT] : set_advertise_mac_addr(212) > macaddr.a.val[1]: 0
I (3060) [IoT] : set_advertise_mac_addr(212) > macaddr.a.val[2]: 0
I (3060) [IoT] : set_advertise_mac_addr(212) > macaddr.a.val[3]: 0
I (3061) [IoT] : set_advertise_mac_addr(212) > macaddr.a.val[4]: 0
I (3061) [IoT] : set_advertise_mac_addr(212) > macaddr.a.val[5]: 0

ADV_Data:
0x2,  0x1,  0x4,  0x1b,  0xff,  0x75,  0x0,  0x42,  0xc,  0x83,  0x5,  0x59,  0x66,  0x37,  0x4d,  0x7a,  0x30,  0x30,  0x31,  0x4,  0x1,  0x0,  0x0,  0x0,  0x0,  0x0,  0x0,  0xa,  0x3,  0x8,  0x4f,
0x75,  0x0,  0x42,  0xc,  0x83,  0x5,  0x59,  0x66,  0x37,  0x4d,  0x7a,  0x30,  0x30,  0x31,  0x4,  0x1,  0x0,  0x0,  0x0,  0x0,  0x0,  0x0,  0xa,  0x3,  0x8,  0x4f,
I (3063) [IoT] : iot_create_scan_response_packet(361) > device_onboarding_id: Switch Example

scan_response_data:
0xf,  0x9,  0x53,  0x77,  0x69,  0x74,  0x63,  0x68,  0x20,  0x45,  0x78,  0x61,  0x6d,  0x70,  0x6c,  0x65,  0xa,  0xff,  0x75,  0x0,  0x63,  0x58,  0x33,  0x58,  0x35,  0x78,  0x47,  0x0,  0x0,  0x0,  0x0,
0x75,  0x0,  0x63,  0x58,  0x33,  0x58,  0x35,  0x78,  0x47,
[MTD] >>>>>> Hanlde info Dump >>>>>>
name PSM
id 0
offset 0x001e9000(2002944)
size 0x00008000(32Kbytes)
xip_addr 0x231d8000
[MTD] <<<<<< Hanlde info End <<<<<<
[EF] Found Valid PSM partition, XIP Addr 231d8000, flash addr 001e9000, size 32768
ENV AREA SIZE 32768, SECTOR NUM 8
*default_env_size = 0x00000001
EasyFlash V4.0.99 is initialize success.
You can get the latest version on https://github.com/armink/EasyFlash .
ACL LE buffers: pkts 2 mtu 251,CONFIG_BT_L2CAP_TX_BUF_COUNT=2, le_read_buffer_size_complete
I (3135) [IoT] : ble_app_init(555) > BT SUCCESS started
I (3135) [IoT] : bt_ready(532) > Bluetooth initiblfized
I (3136) [IoT] : bleapps_adv_starting(507) > Bluetooth Advertising start
I (3141) [IoT] : ble_app_init(558) > BT SUCCESS started1
I (3142) [IoT] : print_gatt_service_info(634) > GATT Service address: 0x4200db58
I (3142) [IoT] : print_gatt_service_info(636) > size_t value: 1107352412
I (3143) [IoT] : print_gatt_service_info(637) > Status register value: 0x0
I (3143) [IoT] : iot_bsp_ble_init(671) > bt_gatt_service_register ok
Invalid MTU size 247, bt_att_set_mtu
I (3144) [IoT] : iot_easysetup_init(557) > IOT_STATE_PROV_ES_INIT_DONE
I (3145) [IoT] : _do_state_updating(561) > Current timeout : 300000 for 0
status: 2, stat: 1
I (3146) [IoT] : _do_state_updating(613) > Call usr status_cb with 0x102
I (38307) [IoT] : bl_connected(576) > Connected
E (38308) [IoT] : bl_connected(586) > conn update initiated
Bluetooth Advertising stopI (38311) [IoT] : _iot_easysetup_ble_event_cb(93) > BLE Gatt Connection
I (39134) [IoT] : ble_bl_ccc_cfg_changed(175) > enable indicate.
I (39157) [IoT] : mtu_change_cb(641) > mtu change callback called, new mtu:23
I (39236) [IoT] : es_msg_assemble(123) > op_code : 0, cmd_num : 1, transaction_id : 0, chunk_data_continued : 0, total_size : 55
I (39236) [IoT] : es_msg_assemble(183) > msg command num[1]
I (39334) [IoT] : es_msg_assemble(123) > op_code : 1, cmd_num : 1, transaction_id : 0, chunk_data_continued : 5, total_size : 9
I (39431) [IoT] : es_msg_assemble(123) > op_code : 2, cmd_num : 1, transaction_id : 0, chunk_data_continued : 4, total_size : 18
I (39528) [IoT] : es_msg_assemble(123) > op_code : 3, cmd_num : 1, transaction_id : 0, chunk_data_continued : 3, total_size : 27
I (39626) [IoT] : es_msg_assemble(123) > op_code : 4, cmd_num : 1, transaction_id : 0, chunk_data_continued : 2, total_size : 36
I (39723) [IoT] : es_msg_assemble(123) > op_code : 5, cmd_num : 1, transaction_id : 0, chunk_data_continued : 1, total_size : 45
I (39820) [IoT] : es_msg_assemble(123) > op_code : 6, cmd_num : 1, transaction_id : 0, chunk_data_continued : 0, total_size : 54
I (39821) [IoT] : es_msg_assemble(207) > es_msg_dispatch is called
I (39825) [IoT] : _es_process_accepted_connection(72) > ble event reported
I (39825) [IoT] : iot_easysetup_ble_msg_handler(392) > cmd : 0
status: 2, stat: 4
I (39826) [IoT] : _iot_easysetup_gen_payload(205) > waiting.. response for [0]
I (39830) [IoT] : iot_easysetup_ble_msg_handler(494) > es_ble_msg_disassemble start [248]
I (39831) [IoT] : es_msg_disassemble(268) > Send [0] [0] / [248]
I (39831) [IoT] : iot_send_indication(444) > indicate_need_confirmed = 0
I (39833) [IoT] : es_msg_disassemble(268) > Send [0] [11] / [248]
I (39834) [IoT] : iot_send_indication(444) > indicate_need_confirmed = 1
I (39919) [IoT] : es_msg_disassemble(268) > Send [0] [22] / [248]
I (39919) [IoT] : iot_send_indication(444) > indicate_need_confirmed = 1
I (40016) [IoT] : es_msg_disassemble(268) > Send [0] [33] / [248]
I (40017) [IoT] : iot_send_indication(444) > indicate_need_confirmed = 1
I (40114) [IoT] : es_msg_disassemble(268) > Send [0] [44] / [248]
I (40114) [IoT] : iot_send_indication(444) > indicate_need_confirmed = 1
I (40212) [IoT] : es_msg_disassemble(268) > Send [0] [55] / [248]
I (40212) [IoT] : iot_send_indication(444) > indicate_need_confirmed = 1
I (40309) [IoT] : es_msg_disassemble(268) > Send [0] [66] / [248]
I (40310) [IoT] : iot_send_indication(444) > indicate_need_confirmed = 1
I (40407) [IoT] : es_msg_disassemble(268) > Send [0] [77] / [248]
I (40407) [IoT] : iot_send_indication(444) > indicate_need_confirmed = 1
I (40504) [IoT] : es_msg_disassemble(268) > Send [0] [88] / [248]
I (40504) [IoT] : iot_send_indication(444) > indicate_need_confirmed = 1
I (40601) [IoT] : es_msg_disassemble(268) > Send [0] [99] / [248]
I (40602) [IoT] : iot_send_indication(444) > indicate_need_confirmed = 1
I (40699) [IoT] : es_msg_disassemble(268) > Send [0] [110] / [248]
I (40699) [IoT] : iot_send_indication(444) > indicate_need_confirmed = 1
I (40796) [IoT] : es_msg_disassemble(268) > Send [0] [121] / [248]
I (40797) [IoT] : iot_send_indication(444) > indicate_need_confirmed = 1
I (40942) [IoT] : es_msg_disassemble(268) > Send [0] [132] / [248]
I (40943) [IoT] : iot_send_indication(444) > indicate_need_confirmed = 1
I (41040) [IoT] : es_msg_disassemble(268) > Send [0] [143] / [248]
I (41041) [IoT] : iot_send_indication(444) > indicate_need_confirmed = 1
I (41138) [IoT] : es_msg_disassemble(268) > Send [0] [154] / [248]
I (41138) [IoT] : iot_send_indication(444) > indicate_need_confirmed = 1
I (41236) [IoT] : es_msg_disassemble(268) > Send [0] [165] / [248]
I (41236) [IoT] : iot_send_indication(444) > indicate_need_confirmed = 1
I (41333) [IoT] : es_msg_disassemble(268) > Send [0] [176] / [248]
I (41333) [IoT] : iot_send_indication(444) > indicate_need_confirmed = 1
I (41430) [IoT] : es_msg_disassemble(268) > Send [0] [187] / [248]
I (41431) [IoT] : iot_send_indication(444) > indicate_need_confirmed = 1
I (41528) [IoT] : es_msg_disassemble(268) > Send [0] [198] / [248]
I (41528) [IoT] : iot_send_indication(444) > indicate_need_confirmed = 1
I (41625) [IoT] : es_msg_disassemble(268) > Send [0] [209] / [248]
I (41626) [IoT] : iot_send_indication(444) > indicate_need_confirmed = 1
I (41723) [IoT] : es_msg_disassemble(268) > Send [0] [220] / [248]
I (41723) [IoT] : iot_send_indication(444) > indicate_need_confirmed = 1
I (41820) [IoT] : es_msg_disassemble(268) > Send [0] [231] / [248]
I (41821) [IoT] : iot_send_indication(444) > indicate_need_confirmed = 1
I (41918) [IoT] : es_msg_disassemble(268) > Send [0] [242] / [248]
I (41918) [IoT] : iot_send_indication(444) > indicate_need_confirmed = 1
I (42015) [IoT] : es_msg_disassemble(281) > send complete
I (42113) [IoT] : es_msg_assemble(123) > op_code : 0, cmd_num : 2, transaction_id : 1, chunk_data_continued : 0, total_size : 357
I (42114) [IoT] : es_msg_assemble(183) > msg command num[2]
I (42210) [IoT] : es_msg_assemble(123) > op_code : 1, cmd_num : 2, transaction_id : 1, chunk_data_continued : 38, total_size : 9
I (42307) [IoT] : es_msg_assemble(123) > op_code : 2, cmd_num : 2, transaction_id : 1, chunk_data_continued : 37, total_size : 18
I (42404) [IoT] : es_msg_assemble(123) > op_code : 3, cmd_num : 2, transaction_id : 1, chunk_data_continued : 36, total_size : 27
I (42502) [IoT] : es_msg_assemble(123) > op_code : 4, cmd_num : 2, transaction_id : 1, chunk_data_continued : 35, total_size : 36
I (42599) [IoT] : es_msg_assemble(123) > op_code : 5, cmd_num : 2, transaction_id : 1, chunk_data_continued : 34, total_size : 45
I (42697) [IoT] : es_msg_assemble(123) > op_code : 6, cmd_num : 2, transaction_id : 1, chunk_data_continued : 33, total_size : 54
I (42794) [IoT] : es_msg_assemble(123) > op_code : 7, cmd_num : 2, transaction_id : 1, chunk_data_continued : 32, total_size : 63
I (42892) [IoT] : es_msg_assemble(123) > op_code : 8, cmd_num : 2, transaction_id : 1, chunk_data_continued : 31, total_size : 72
I (42989) [IoT] : es_msg_assemble(123) > op_code : 9, cmd_num : 2, transaction_id : 1, chunk_data_continued : 30, total_size : 81
I (43087) [IoT] : es_msg_assemble(123) > op_code : 10, cmd_num : 2, transaction_id : 1, chunk_data_continued : 29, total_size : 90
I (43184) [IoT] : es_msg_assemble(123) > op_code : 11, cmd_num : 2, transaction_id : 1, chunk_data_continued : 28, total_size : 99
I (43282) [IoT] : es_msg_assemble(123) > op_code : 12, cmd_num : 2, transaction_id : 1, chunk_data_continued : 27, total_size : 108
I (43428) [IoT] : es_msg_assemble(123) > op_code : 13, cmd_num : 2, transaction_id : 1, chunk_data_continued : 26, total_size : 117
I (43574) [IoT] : es_msg_assemble(123) > op_code : 14, cmd_num : 2, transaction_id : 1, chunk_data_continued : 25, total_size : 126
I (43672) [IoT] : es_msg_assemble(123) > op_code : 15, cmd_num : 2, transaction_id : 1, chunk_data_continued : 24, total_size : 135
I (43769) [IoT] : es_msg_assemble(123) > op_code : 16, cmd_num : 2, transaction_id : 1, chunk_data_continued : 23, total_size : 144
I (43867) [IoT] : es_msg_assemble(123) > op_code : 17, cmd_num : 2, transaction_id : 1, chunk_data_continued : 22, total_size : 153
I (43964) [IoT] : es_msg_assemble(123) > op_code : 18, cmd_num : 2, transaction_id : 1, chunk_data_continued : 21, total_size : 162
I (44062) [IoT] : es_msg_assemble(123) > op_code : 19, cmd_num : 2, transaction_id : 1, chunk_data_continued : 20, total_size : 171
I (44159) [IoT] : es_msg_assemble(123) > op_code : 20, cmd_num : 2, transaction_id : 1, chunk_data_continued : 19, total_size : 180
I (44257) [IoT] : es_msg_assemble(123) > op_code : 21, cmd_num : 2, transaction_id : 1, chunk_data_continued : 18, total_size : 189
I (44354) [IoT] : es_msg_assemble(123) > op_code : 22, cmd_num : 2, transaction_id : 1, chunk_data_continued : 17, total_size : 198
I (44452) [IoT] : es_msg_assemble(123) > op_code : 23, cmd_num : 2, transaction_id : 1, chunk_data_continued : 16, total_size : 207
I (44549) [IoT] : es_msg_assemble(123) > op_code : 24, cmd_num : 2, transaction_id : 1, chunk_data_continued : 15, total_size : 216
I (44647) [IoT] : es_msg_assemble(123) > op_code : 25, cmd_num : 2, transaction_id : 1, chunk_data_continued : 14, total_size : 225
I (44744) [IoT] : es_msg_assemble(123) > op_code : 26, cmd_num : 2, transaction_id : 1, chunk_data_continued : 13, total_size : 234
I (44842) [IoT] : es_msg_assemble(123) > op_code : 27, cmd_num : 2, transaction_id : 1, chunk_data_continued : 12, total_size : 243
I (44939) [IoT] : es_msg_assemble(123) > op_code : 28, cmd_num : 2, transaction_id : 1, chunk_data_continued : 11, total_size : 252
I (45037) [IoT] : es_msg_assemble(123) > op_code : 29, cmd_num : 2, transaction_id : 1, chunk_data_continued : 10, total_size : 261
I (45134) [IoT] : es_msg_assemble(123) > op_code : 30, cmd_num : 2, transaction_id : 1, chunk_data_continued : 9, total_size : 270
I (45232) [IoT] : es_msg_assemble(123) > op_code : 31, cmd_num : 2, transaction_id : 1, chunk_data_continued : 8, total_size : 279
I (45329) [IoT] : es_msg_assemble(123) > op_code : 32, cmd_num : 2, transaction_id : 1, chunk_data_continued : 7, total_size : 288
I (45427) [IoT] : es_msg_assemble(123) > op_code : 33, cmd_num : 2, transaction_id : 1, chunk_data_continued : 6, total_size : 297
I (45524) [IoT] : es_msg_assemble(123) > op_code : 34, cmd_num : 2, transaction_id : 1, chunk_data_continued : 5, total_size : 306
I (45622) [IoT] : es_msg_assemble(123) > op_code : 35, cmd_num : 2, transaction_id : 1, chunk_data_continued : 4, total_size : 315
I (45719) [IoT] : es_msg_assemble(123) > op_code : 36, cmd_num : 2, transaction_id : 1, chunk_data_continued : 3, total_size : 324
I (45817) [IoT] : es_msg_assemble(123) > op_code : 37, cmd_num : 2, transaction_id : 1, chunk_data_continued : 2, total_size : 333
I (45914) [IoT] : es_msg_assemble(123) > op_code : 38, cmd_num : 2, transaction_id : 1, chunk_data_continued : 1, total_size : 342
I (46012) [IoT] : es_msg_assemble(123) > op_code : 39, cmd_num : 2, transaction_id : 1, chunk_data_continued : 0, total_size : 351
I (46013) [IoT] : es_msg_assemble(207) > es_msg_dispatch is called
I (46016) [IoT] : _es_process_accepted_connection(72) > ble event reported
I (46016) [IoT] : iot_easysetup_ble_msg_handler(392) > cmd : 1
I (46017) [IoT] : _iot_easysetup_gen_payload(205) > waiting.. response for [1]
I (46044) [IoT] : _es_keyinfo_handler(875) > master secret generation success
I (46048) [IoT] : iot_easysetup_ble_msg_handler(494) > es_ble_msg_disassemble start [64]
I (46049) [IoT] : es_msg_disassemble(268) > Send [0] [0] / [64]
I (46049) [IoT] : iot_send_indication(444) > indicate_need_confirmed = 0
I (46051) [IoT] : es_msg_disassemble(268) > Send [0] [11] / [64]
I (46051) [IoT] : iot_send_indication(444) > indicate_need_confirmed = 1
I (46110) [IoT] : es_msg_disassemble(268) > Send [0] [22] / [64]
I (46111) [IoT] : iot_send_indication(444) > indicate_need_confirmed = 1
I (46208) [IoT] : es_msg_disassemble(268) > Send [0] [33] / [64]
I (46208) [IoT] : iot_send_indication(444) > indicate_need_confirmed = 1
I (46305) [IoT] : es_msg_disassemble(268) > Send [0] [44] / [64]
I (46306) [IoT] : iot_send_indication(444) > indicate_need_confirmed = 1
I (46403) [IoT] : es_msg_disassemble(268) > Send [0] [55] / [64]
I (46403) [IoT] : iot_send_indication(444) > indicate_need_confirmed = 1
I (46500) [IoT] : es_msg_disassemble(281) > send complete
I (46645) [IoT] : es_msg_assemble(123) > op_code : 0, cmd_num : 3, transaction_id : 2, chunk_data_continued : 0, total_size : 48
I (46646) [IoT] : es_msg_assemble(183) > msg command num[3]
I (46743) [IoT] : es_msg_assemble(123) > op_code : 1, cmd_num : 3, transaction_id : 2, chunk_data_continued : 4, total_size : 9
I (46841) [IoT] : es_msg_assemble(123) > op_code : 2, cmd_num : 3, transaction_id : 2, chunk_data_continued : 3, total_size : 18
I (46938) [IoT] : es_msg_assemble(123) > op_code : 3, cmd_num : 3, transaction_id : 2, chunk_data_continued : 2, total_size : 27
I (47036) [IoT] : es_msg_assemble(123) > op_code : 4, cmd_num : 3, transaction_id : 2, chunk_data_continued : 1, total_size : 36
I (47133) [IoT] : es_msg_assemble(123) > op_code : 5, cmd_num : 3, transaction_id : 2, chunk_data_continued : 0, total_size : 45
I (47134) [IoT] : es_msg_assemble(207) > es_msg_dispatch is called
I (47135) [IoT] : _es_process_accepted_connection(72) > ble event reported
I (47136) [IoT] : iot_easysetup_ble_msg_handler(392) > cmd : 2
I (47137) [IoT] : _iot_easysetup_gen_payload(205) > waiting.. response for [2]
I (47138) [IoT] : _es_confirminfo_handler(1241) > otmSupportFeature = 2
I (47139) [IoT] : _es_is_otm_feature_supported(1040) > confirm featuer info[0] : 4
I (47139) [IoT] : _es_confirm_check_manager(1059) > IOT_STATE_PROV_CONFIRMING
I (47140) [IoT] : iot_state_update(261) > Trigger PROV_CONFIRM
status: 4, stat: 0
I (47140) [IoT] : _es_confirm_check_manager(1164) > The button confirmation is requested
Button event, val: 0, tick: 53525
Button event, val: 1, tick: 53865
Button short press, count: 1
I (54165) [IoT] : st_conn_ownership_confirm(68) > button confirm asserted
I (54166) [IoT] : _es_confirm_check_manager(1172) > OVF_BIT_BUTTON confirm
I (54167) [IoT] : iot_easysetup_ble_msg_handler(494) > es_ble_msg_disassemble start [16]
I (54168) [IoT] : es_msg_disassemble(268) > Send [0] [0] / [16]
I (54168) [IoT] : iot_send_indication(444) > indicate_need_confirmed = 0
I (54170) [IoT] : es_msg_disassemble(268) > Send [0] [11] / [16]
I (54171) [IoT] : iot_send_indication(444) > indicate_need_confirmed = 1
I (54251) [IoT] : es_msg_disassemble(281) > send complete
I (54252) [IoT] : _do_iot_main_command(648) > curr_main_cmd:0, curr_main_state:2
I (54253) [IoT] : _do_state_updating(456) > current state 2, new state 3
I (54253) [IoT] : _do_state_updating(613) > Call usr status_cb with 0x04
I (54349) [IoT] : es_msg_assemble(123) > op_code : 0, cmd_num : 5, transaction_id : 3, chunk_data_continued : 0, total_size : 16
I (54350) [IoT] : es_msg_assemble(183) > msg command num[5]
I (54446) [IoT] : es_msg_assemble(123) > op_code : 1, cmd_num : 5, transaction_id : 3, chunk_data_continued : 0, total_size : 9
I (54446) [IoT] : es_msg_assemble(207) > es_msg_dispatch is called
I (54452) [IoT] : _es_process_accepted_connection(72) > ble event reported
I (54452) [IoT] : iot_easysetup_ble_msg_handler(392) > cmd : 4
I (54453) [IoT] : _iot_easysetup_gen_payload(205) > waiting.. response for [4]
E (54454) [IoT] : _es_wifiscaninfo_handler(1427) > no mobileWifiCredential
I (54455) [IoT] : iot_bsp_wifi_set_mode(319) > iot_bsp_wifi_set_mode = 1
------>>>>>> Scan CMD
[WIFI] [IND] SCAN Done
wifi_mgmr_scan_complete_callback: scan complete
I (57366) [IoT] : event_cb_wifi_event(203) > Complete scanning
I (57411) [IoT] : iot_easysetup_ble_msg_handler(494) > es_ble_msg_disassemble start [3600]
I (57412) [IoT] : es_msg_disassemble(268) > Send [0] [0] / [3600]
I (57412) [IoT] : iot_send_indication(444) > indicate_need_confirmed = 0
I (57414) [IoT] : es_msg_disassemble(268) > Send [0] [11] / [3600]
I (57414) [IoT] : iot_send_indication(444) > indicate_need_confirmed = 1
I (57469) [IoT] : es_msg_disassemble(268) > Send [0] [22] / [3600]
I (57469) [IoT] : iot_send_indication(444) > indicate_need_confirmed = 1
I (57566) [IoT] : es_msg_disassemble(268) > Send [0] [33] / [3600]
I (57567) [IoT] : iot_send_indication(444) > indicate_need_confirmed = 1
I (57664) [IoT] : es_msg_disassemble(268) > Send [0] [44] / [3600]
I (57664) [IoT] : iot_send_indication(444) > indicate_need_confirmed = 1
I (57761) [IoT] : es_msg_disassemble(268) > Send [0] [55] / [3600]
I (57762) [IoT] : iot_send_indication(444) > indicate_need_confirmed = 1
I (57859) [IoT] : es_msg_disassemble(268) > Send [0] [66] / [3600]
I (57859) [IoT] : iot_send_indication(444) > indicate_need_confirmed = 1
I (57956) [IoT] : es_msg_disassemble(268) > Send [0] [77] / [3600]
I (57957) [IoT] : iot_send_indication(444) > indicate_need_confirmed = 1
I (58103) [IoT] : es_msg_disassemble(268) > Send [0] [88] / [3600]
I (58103) [IoT] : iot_send_indication(444) > indicate_need_confirmed = 1
I (58200) [IoT] : es_msg_disassemble(268) > Send [0] [99] / [3600]
I (58201) [IoT] : iot_send_indication(444) > indicate_need_confirmed = 1
I (58298) [IoT] : es_msg_disassemble(268) > Send [0] [110] / [3600]
I (58298) [IoT] : iot_send_indication(444) > indicate_need_confirmed = 1
I (58444) [IoT] : es_msg_disassemble(268) > Send [0] [121] / [3600]
I (58444) [IoT] : iot_send_indication(444) > indicate_need_confirmed = 1
I (58541) [IoT] : es_msg_disassemble(268) > Send [0] [132] / [3600]
I (58542) [IoT] : iot_send_indication(444) > indicate_need_confirmed = 1
I (58639) [IoT] : es_msg_disassemble(268) > Send [0] [143] / [3600]
I (58639) [IoT] : iot_send_indication(444) > indicate_need_confirmed = 1
I (58737) [IoT] : es_msg_disassemble(268) > Send [0] [154] / [3600]
I (58737) [IoT] : iot_send_indication(444) > indicate_need_confirmed = 1
I (58834) [IoT] : es_msg_disassemble(268) > Send [0] [165] / [3600]
I (58835) [IoT] : iot_send_indication(444) > indicate_need_confirmed = 1
I (58931) [IoT] : es_msg_disassemble(268) > Send [0] [176] / [3600]
I (58932) [IoT] : iot_send_indication(444) > indicate_need_confirmed = 1
I (59029) [IoT] : es_msg_disassemble(268) > Send [0] [187] / [3600]
I (59029) [IoT] : iot_send_indication(444) > indicate_need_confirmed = 1
I (59126) [IoT] : es_msg_disassemble(268) > Send [0] [198] / [3600]
I (59127) [IoT] : iot_send_indication(444) > indicate_need_confirmed = 1
I (59224) [IoT] : es_msg_disassemble(268) > Send [0] [209] / [3600]
I (59224) [IoT] : iot_send_indication(444) > indicate_need_confirmed = 1
I (59321) [IoT] : es_msg_disassemble(268) > Send [0] [220] / [3600]
I (59322) [IoT] : iot_send_indication(444) > indicate_need_confirmed = 1
I (59419) [IoT] : es_msg_disassemble(268) > Send [0] [231] / [3600]
I (59419) [IoT] : iot_send_indication(444) > indicate_need_confirmed = 1
I (59516) [IoT] : es_msg_disassemble(268) > Send [0] [242] / [3600]
I (59517) [IoT] : iot_send_indication(444) > indicate_need_confirmed = 1
I (59614) [IoT] : es_msg_disassemble(268) > Send [0] [253] / [3600]
I (59614) [IoT] : iot_send_indication(444) > indicate_need_confirmed = 1
I (59711) [IoT] : es_msg_disassemble(268) > Send [0] [264] / [3600]
I (59712) [IoT] : iot_send_indication(444) > indicate_need_confirmed = 1
I (59809) [IoT] : es_msg_disassemble(268) > Send [0] [275] / [3600]
I (59809) [IoT] : iot_send_indication(444) > indicate_need_confirmed = 1
I (59906) [IoT] : es_msg_disassemble(268) > Send [0] [286] / [3600]
I (59907) [IoT] : iot_send_indication(444) > indicate_need_confirmed = 1
I (60004) [IoT] : es_msg_disassemble(268) > Send [0] [297] / [3600]
I (60004) [IoT] : iot_send_indication(444) > indicate_need_confirmed = 1
I (60101) [IoT] : es_msg_disassemble(268) > Send [0] [308] / [3600]
I (60102) [IoT] : iot_send_indication(444) > indicate_need_confirmed = 1
I (60199) [IoT] : es_msg_disassemble(268) > Send [0] [319] / [3600]
I (60199) [IoT] : iot_send_indication(444) > indicate_need_confirmed = 1
I (60296) [IoT] : es_msg_disassemble(268) > Send [0] [330] / [3600]
I (60297) [IoT] : iot_send_indication(444) > indicate_need_confirmed = 1
I (60394) [IoT] : es_msg_disassemble(268) > Send [0] [341] / [3600]
I (60394) [IoT] : iot_send_indication(444) > indicate_need_confirmed = 1
I (60491) [IoT] : es_msg_disassemble(268) > Send [0] [352] / [3600]
I (60492) [IoT] : iot_send_indication(444) > indicate_need_confirmed = 1
I (60589) [IoT] : es_msg_disassemble(268) > Send [0] [363] / [3600]
I (60589) [IoT] : iot_send_indication(444) > indicate_need_confirmed = 1
I (60686) [IoT] : es_msg_disassemble(268) > Send [0] [374] / [3600]
I (60687) [IoT] : iot_send_indication(444) > indicate_need_confirmed = 1
I (60784) [IoT] : es_msg_disassemble(268) > Send [0] [385] / [3600]
I (60784) [IoT] : iot_send_indication(444) > indicate_need_confirmed = 1
I (60930) [IoT] : es_msg_disassemble(268) > Send [0] [396] / [3600]
I (60930) [IoT] : iot_send_indication(444) > indicate_need_confirmed = 1
I (61028) [IoT] : es_msg_disassemble(268) > Send [0] [407] / [3600]
I (61028) [IoT] : iot_send_indication(444) > indicate_need_confirmed = 1
I (61125) [IoT] : es_msg_disassemble(268) > Send [0] [418] / [3600]
I (61126) [IoT] : iot_send_indication(444) > indicate_need_confirmed = 1
I (61223) [IoT] : es_msg_disassemble(268) > Send [0] [429] / [3600]
I (61223) [IoT] : iot_send_indication(444) > indicate_need_confirmed = 1
I (61320) [IoT] : es_msg_disassemble(268) > Send [0] [440] / [3600]
I (61321) [IoT] : iot_send_indication(444) > indicate_need_confirmed = 1
I (61418) [IoT] : es_msg_disassemble(268) > Send [0] [451] / [3600]
I (61418) [IoT] : iot_send_indication(444) > indicate_need_confirmed = 1
I (61515) [IoT] : es_msg_disassemble(268) > Send [0] [462] / [3600]
I (61516) [IoT] : iot_send_indication(444) > indicate_need_confirmed = 1
I (61613) [IoT] : es_msg_disassemble(268) > Send [0] [473] / [3600]
I (61613) [IoT] : iot_send_indication(444) > indicate_need_confirmed = 1
I (61710) [IoT] : es_msg_disassemble(268) > Send [0] [484] / [3600]
I (61711) [IoT] : iot_send_indication(444) > indicate_need_confirmed = 1
I (61808) [IoT] : es_msg_disassemble(268) > Send [0] [495] / [3600]
I (61808) [IoT] : iot_send_indication(444) > indicate_need_confirmed = 1
I (61905) [IoT] : es_msg_disassemble(268) > Send [0] [506] / [3600]
I (61906) [IoT] : iot_send_indication(444) > indicate_need_confirmed = 1
I (62003) [IoT] : es_msg_disassemble(268) > Send [0] [517] / [3600]
I (62003) [IoT] : iot_send_indication(444) > indicate_need_confirmed = 1
I (62100) [IoT] : es_msg_disassemble(268) > Send [0] [528] / [3600]
I (62101) [IoT] : iot_send_indication(444) > indicate_need_confirmed = 1
I (62198) [IoT] : es_msg_disassemble(268) > Send [0] [539] / [3600]
I (62198) [IoT] : iot_send_indication(444) > indicate_need_confirmed = 1
I (62295) [IoT] : es_msg_disassemble(268) > Send [0] [550] / [3600]
I (62296) [IoT] : iot_send_indication(444) > indicate_need_confirmed = 1
I (62393) [IoT] : es_msg_disassemble(268) > Send [0] [561] / [3600]
I (62393) [IoT] : iot_send_indication(444) > indicate_need_confirmed = 1
I (62490) [IoT] : es_msg_disassemble(268) > Send [0] [572] / [3600]
I (62491) [IoT] : iot_send_indication(444) > indicate_need_confirmed = 1
I (62588) [IoT] : es_msg_disassemble(268) > Send [0] [583] / [3600]
I (62588) [IoT] : iot_send_indication(444) > indicate_need_confirmed = 1
I (62685) [IoT] : es_msg_disassemble(268) > Send [0] [594] / [3600]
I (62686) [IoT] : iot_send_indication(444) > indicate_need_confirmed = 1
I (62783) [IoT] : es_msg_disassemble(268) > Send [0] [605] / [3600]
I (62783) [IoT] : iot_send_indication(444) > indicate_need_confirmed = 1
I (62880) [IoT] : es_msg_disassemble(268) > Send [0] [616] / [3600]
I (62881) [IoT] : iot_send_indication(444) > indicate_need_confirmed = 1
I (62978) [IoT] : es_msg_disassemble(268) > Send [0] [627] / [3600]
I (62978) [IoT] : iot_send_indication(444) > indicate_need_confirmed = 1
I (63075) [IoT] : es_msg_disassemble(268) > Send [0] [638] / [3600]
I (63076) [IoT] : iot_send_indication(444) > indicate_need_confirmed = 1
I (63173) [IoT] : es_msg_disassemble(268) > Send [0] [649] / [3600]
I (63173) [IoT] : iot_send_indication(444) > indicate_need_confirmed = 1
I (63270) [IoT] : es_msg_disassemble(268) > Send [0] [660] / [3600]
I (63271) [IoT] : iot_send_indication(444) > indicate_need_confirmed = 1
I (63416) [IoT] : es_msg_disassemble(268) > Send [0] [671] / [3600]
I (63416) [IoT] : iot_send_indication(444) > indicate_need_confirmed = 1
I (63514) [IoT] : es_msg_disassemble(268) > Send [0] [682] / [3600]
I (63514) [IoT] : iot_send_indication(444) > indicate_need_confirmed = 1
I (63611) [IoT] : es_msg_disassemble(268) > Send [0] [693] / [3600]
I (63612) [IoT] : iot_send_indication(444) > indicate_need_confirmed = 1
I (63709) [IoT] : es_msg_disassemble(268) > Send [0] [704] / [3600]
I (63710) [IoT] : iot_send_indication(444) > indicate_need_confirmed = 1
I (63806) [IoT] : es_msg_disassemble(268) > Send [0] [715] / [3600]
I (63807) [IoT] : iot_send_indication(444) > indicate_need_confirmed = 1
I (63904) [IoT] : es_msg_disassemble(268) > Send [0] [726] / [3600]
I (63904) [IoT] : iot_send_indication(444) > indicate_need_confirmed = 1
I (64001) [IoT] : es_msg_disassemble(268) > Send [0] [737] / [3600]
I (64002) [IoT] : iot_send_indication(444) > indicate_need_confirmed = 1
I (64099) [IoT] : es_msg_disassemble(268) > Send [0] [748] / [3600]
I (64099) [IoT] : iot_send_indication(444) > indicate_need_confirmed = 1
I (64196) [IoT] : es_msg_disassemble(268) > Send [0] [759] / [3600]
I (64197) [IoT] : iot_send_indication(444) > indicate_need_confirmed = 1
I (64294) [IoT] : es_msg_disassemble(268) > Send [0] [770] / [3600]
I (64294) [IoT] : iot_send_indication(444) > indicate_need_confirmed = 1
I (64391) [IoT] : es_msg_disassemble(268) > Send [0] [781] / [3600]
I (64392) [IoT] : iot_send_indication(444) > indicate_need_confirmed = 1
I (64489) [IoT] : es_msg_disassemble(268) > Send [0] [792] / [3600]
I (64489) [IoT] : iot_send_indication(444) > indicate_need_confirmed = 1
I (64586) [IoT] : es_msg_disassemble(268) > Send [0] [803] / [3600]
I (64587) [IoT] : iot_send_indication(444) > indicate_need_confirmed = 1
I (64684) [IoT] : es_msg_disassemble(268) > Send [0] [814] / [3600]
I (64684) [IoT] : iot_send_indication(444) > indicate_need_confirmed = 1
I (64781) [IoT] : es_msg_disassemble(268) > Send [0] [825] / [3600]
I (64782) [IoT] : iot_send_indication(444) > indicate_need_confirmed = 1
I (64879) [IoT] : es_msg_disassemble(268) > Send [0] [836] / [3600]
I (64880) [IoT] : iot_send_indication(444) > indicate_need_confirmed = 1
I (64977) [IoT] : es_msg_disassemble(268) > Send [0] [847] / [3600]
I (64977) [IoT] : iot_send_indication(444) > indicate_need_confirmed = 1
I (65074) [IoT] : es_msg_disassemble(268) > Send [0] [858] / [3600]
I (65074) [IoT] : iot_send_indication(444) > indicate_need_confirmed = 1
I (65171) [IoT] : es_msg_disassemble(268) > Send [0] [869] / [3600]
I (65172) [IoT] : iot_send_indication(444) > indicate_need_confirmed = 1
I (65269) [IoT] : es_msg_disassemble(268) > Send [0] [880] / [3600]
I (65269) [IoT] : iot_send_indication(444) > indicate_need_confirmed = 1
I (65366) [IoT] : es_msg_disassemble(268) > Send [0] [891] / [3600]
I (65367) [IoT] : iot_send_indication(444) > indicate_need_confirmed = 1
I (65464) [IoT] : es_msg_disassemble(268) > Send [0] [902] / [3600]
I (65464) [IoT] : iot_send_indication(444) > indicate_need_confirmed = 1
I (65561) [IoT] : es_msg_disassemble(268) > Send [0] [913] / [3600]
I (65562) [IoT] : iot_send_indication(444) > indicate_need_confirmed = 1
I (65659) [IoT] : es_msg_disassemble(268) > Send [0] [924] / [3600]
I (65659) [IoT] : iot_send_indication(444) > indicate_need_confirmed = 1
I (65756) [IoT] : es_msg_disassemble(268) > Send [0] [935] / [3600]
I (65757) [IoT] : iot_send_indication(444) > indicate_need_confirmed = 1
I (65902) [IoT] : es_msg_disassemble(268) > Send [0] [946] / [3600]
I (65903) [IoT] : iot_send_indication(444) > indicate_need_confirmed = 1
I (66000) [IoT] : es_msg_disassemble(268) > Send [0] [957] / [3600]
I (66001) [IoT] : iot_send_indication(444) > indicate_need_confirmed = 1
I (66098) [IoT] : es_msg_disassemble(268) > Send [0] [968] / [3600]
I (66098) [IoT] : iot_send_indication(444) > indicate_need_confirmed = 1
I (66195) [IoT] : es_msg_disassemble(268) > Send [0] [979] / [3600]
I (66196) [IoT] : iot_send_indication(444) > indicate_need_confirmed = 1
I (66293) [IoT] : es_msg_disassemble(268) > Send [0] [990] / [3600]
I (66293) [IoT] : iot_send_indication(444) > indicate_need_confirmed = 1
I (66390) [IoT] : es_msg_disassemble(268) > Send [0] [1001] / [3600]
I (66391) [IoT] : iot_send_indication(444) > indicate_need_confirmed = 1
I (66488) [IoT] : es_msg_disassemble(268) > Send [0] [1012] / [3600]
I (66488) [IoT] : iot_send_indication(444) > indicate_need_confirmed = 1
I (66585) [IoT] : es_msg_disassemble(268) > Send [0] [1023] / [3600]
I (66586) [IoT] : iot_send_indication(444) > indicate_need_confirmed = 1
I (66683) [IoT] : es_msg_disassemble(268) > Send [0] [1034] / [3600]
I (66683) [IoT] : iot_send_indication(444) > indicate_need_confirmed = 1
I (66780) [IoT] : es_msg_disassemble(268) > Send [0] [1045] / [3600]
I (66781) [IoT] : iot_send_indication(444) > indicate_need_confirmed = 1
I (66878) [IoT] : es_msg_disassemble(268) > Send [0] [1056] / [3600]
I (66878) [IoT] : iot_send_indication(444) > indicate_need_confirmed = 1
I (66975) [IoT] : es_msg_disassemble(268) > Send [0] [1067] / [3600]
I (66976) [IoT] : iot_send_indication(444) > indicate_need_confirmed = 1
I (67073) [IoT] : es_msg_disassemble(268) > Send [0] [1078] / [3600]
I (67073) [IoT] : iot_send_indication(444) > indicate_need_confirmed = 1
I (67170) [IoT] : es_msg_disassemble(268) > Send [0] [1089] / [3600]
I (67171) [IoT] : iot_send_indication(444) > indicate_need_confirmed = 1
I (67268) [IoT] : es_msg_disassemble(268) > Send [0] [1100] / [3600]
I (67268) [IoT] : iot_send_indication(444) > indicate_need_confirmed = 1
I (67365) [IoT] : es_msg_disassemble(268) > Send [0] [1111] / [3600]
I (67366) [IoT] : iot_send_indication(444) > indicate_need_confirmed = 1
I (67463) [IoT] : es_msg_disassemble(268) > Send [0] [1122] / [3600]
I (67463) [IoT] : iot_send_indication(444) > indicate_need_confirmed = 1
I (67560) [IoT] : es_msg_disassemble(268) > Send [0] [1133] / [3600]
I (67561) [IoT] : iot_send_indication(444) > indicate_need_confirmed = 1
I (67658) [IoT] : es_msg_disassemble(268) > Send [0] [1144] / [3600]
I (67658) [IoT] : iot_send_indication(444) > indicate_need_confirmed = 1
I (67755) [IoT] : es_msg_disassemble(268) > Send [0] [1155] / [3600]
I (67756) [IoT] : iot_send_indication(444) > indicate_need_confirmed = 1
I (67853) [IoT] : es_msg_disassemble(268) > Send [0] [1166] / [3600]
I (67853) [IoT] : iot_send_indication(444) > indicate_need_confirmed = 1
I (67950) [IoT] : es_msg_disassemble(268) > Send [0] [1177] / [3600]
I (67951) [IoT] : iot_send_indication(444) > indicate_need_confirmed = 1
I (68048) [IoT] : es_msg_disassemble(268) > Send [0] [1188] / [3600]
I (68048) [IoT] : iot_send_indication(444) > indicate_need_confirmed = 1
I (68145) [IoT] : es_msg_disassemble(268) > Send [0] [1199] / [3600]
I (68146) [IoT] : iot_send_indication(444) > indicate_need_confirmed = 1
I (68243) [IoT] : es_msg_disassemble(268) > Send [0] [1210] / [3600]
I (68243) [IoT] : iot_send_indication(444) > indicate_need_confirmed = 1
I (68340) [IoT] : es_msg_disassemble(268) > Send [0] [1221] / [3600]
I (68341) [IoT] : iot_send_indication(444) > indicate_need_confirmed = 1
I (68438) [IoT] : es_msg_disassemble(268) > Send [0] [1232] / [3600]
I (68438) [IoT] : iot_send_indication(444) > indicate_need_confirmed = 1
I (68535) [IoT] : es_msg_disassemble(268) > Send [0] [1243] / [3600]
I (68536) [IoT] : iot_send_indication(444) > indicate_need_confirmed = 1
I (68632) [IoT] : es_msg_disassemble(268) > Send [0] [1254] / [3600]
I (68633) [IoT] : iot_send_indication(444) > indicate_need_confirmed = 1
I (68730) [IoT] : es_msg_disassemble(268) > Send [0] [1265] / [3600]
I (68731) [IoT] : iot_send_indication(444) > indicate_need_confirmed = 1
I (68828) [IoT] : es_msg_disassemble(268) > Send [0] [1276] / [3600]
I (68828) [IoT] : iot_send_indication(444) > indicate_need_confirmed = 1
I (68925) [IoT] : es_msg_disassemble(268) > Send [0] [1287] / [3600]
I (68926) [IoT] : iot_send_indication(444) > indicate_need_confirmed = 1
I (69022) [IoT] : es_msg_disassemble(268) > Send [0] [1298] / [3600]
I (69023) [IoT] : iot_send_indication(444) > indicate_need_confirmed = 1
I (69120) [IoT] : es_msg_disassemble(268) > Send [0] [1309] / [3600]
I (69121) [IoT] : iot_send_indication(444) > indicate_need_confirmed = 1
I (69218) [IoT] : es_msg_disassemble(268) > Send [0] [1320] / [3600]
I (69218) [IoT] : iot_send_indication(444) > indicate_need_confirmed = 1
I (69315) [IoT] : es_msg_disassemble(268) > Send [0] [1331] / [3600]
I (69316) [IoT] : iot_send_indication(444) > indicate_need_confirmed = 1
I (69413) [IoT] : es_msg_disassemble(268) > Send [0] [1342] / [3600]
I (69413) [IoT] : iot_send_indication(444) > indicate_need_confirmed = 1
I (69510) [IoT] : es_msg_disassemble(268) > Send [0] [1353] / [3600]
I (69511) [IoT] : iot_send_indication(444) > indicate_need_confirmed = 1
I (69607) [IoT] : es_msg_disassemble(268) > Send [0] [1364] / [3600]
I (69608) [IoT] : iot_send_indication(444) > indicate_need_confirmed = 1
I (69705) [IoT] : es_msg_disassemble(268) > Send [0] [1375] / [3600]
I (69706) [IoT] : iot_send_indication(444) > indicate_need_confirmed = 1
I (69803) [IoT] : es_msg_disassemble(268) > Send [0] [1386] / [3600]
I (69803) [IoT] : iot_send_indication(444) > indicate_need_confirmed = 1
I (69900) [IoT] : es_msg_disassemble(268) > Send [0] [1397] / [3600]
I (69901) [IoT] : iot_send_indication(444) > indicate_need_confirmed = 1
I (69998) [IoT] : es_msg_disassemble(268) > Send [0] [1408] / [3600]
I (69998) [IoT] : iot_send_indication(444) > indicate_need_confirmed = 1
I (70095) [IoT] : es_msg_disassemble(268) > Send [0] [1419] / [3600]
I (70096) [IoT] : iot_send_indication(444) > indicate_need_confirmed = 1
I (70193) [IoT] : es_msg_disassemble(268) > Send [0] [1430] / [3600]
I (70193) [IoT] : iot_send_indication(444) > indicate_need_confirmed = 1
I (70290) [IoT] : es_msg_disassemble(268) > Send [0] [1441] / [3600]
I (70291) [IoT] : iot_send_indication(444) > indicate_need_confirmed = 1
I (70388) [IoT] : es_msg_disassemble(268) > Send [0] [1452] / [3600]
I (70388) [IoT] : iot_send_indication(444) > indicate_need_confirmed = 1
I (70485) [IoT] : es_msg_disassemble(268) > Send [0] [1463] / [3600]
I (70486) [IoT] : iot_send_indication(444) > indicate_need_confirmed = 1
I (70583) [IoT] : es_msg_disassemble(268) > Send [0] [1474] / [3600]
I (70583) [IoT] : iot_send_indication(444) > indicate_need_confirmed = 1
I (70680) [IoT] : es_msg_disassemble(268) > Send [0] [1485] / [3600]
I (70681) [IoT] : iot_send_indication(444) > indicate_need_confirmed = 1
I (70778) [IoT] : es_msg_disassemble(268) > Send [0] [1496] / [3600]
I (70778) [IoT] : iot_send_indication(444) > indicate_need_confirmed = 1
I (70923) [IoT] : es_msg_disassemble(268) > Send [0] [1507] / [3600]
I (70924) [IoT] : iot_send_indication(444) > indicate_need_confirmed = 1
I (71021) [IoT] : es_msg_disassemble(268) > Send [0] [1518] / [3600]
I (71022) [IoT] : iot_send_indication(444) > indicate_need_confirmed = 1
I (71119) [IoT] : es_msg_disassemble(268) > Send [0] [1529] / [3600]
I (71119) [IoT] : iot_send_indication(444) > indicate_need_confirmed = 1
I (71216) [IoT] : es_msg_disassemble(268) > Send [0] [1540] / [3600]
I (71217) [IoT] : iot_send_indication(444) > indicate_need_confirmed = 1
I (71314) [IoT] : es_msg_disassemble(268) > Send [0] [1551] / [3600]
I (71314) [IoT] : iot_send_indication(444) > indicate_need_confirmed = 1
I (71411) [IoT] : es_msg_disassemble(268) > Send [0] [1562] / [3600]
I (71412) [IoT] : iot_send_indication(444) > indicate_need_confirmed = 1
I (71509) [IoT] : es_msg_disassemble(268) > Send [0] [1573] / [3600]
I (71509) [IoT] : iot_send_indication(444) > indicate_need_confirmed = 1
I (71606) [IoT] : es_msg_disassemble(268) > Send [0] [1584] / [3600]
I (71607) [IoT] : iot_send_indication(444) > indicate_need_confirmed = 1
I (71704) [IoT] : es_msg_disassemble(268) > Send [0] [1595] / [3600]
I (71704) [IoT] : iot_send_indication(444) > indicate_need_confirmed = 1
I (71801) [IoT] : es_msg_disassemble(268) > Send [0] [1606] / [3600]
I (71802) [IoT] : iot_send_indication(444) > indicate_need_confirmed = 1
I (71899) [IoT] : es_msg_disassemble(268) > Send [0] [1617] / [3600]
I (71899) [IoT] : iot_send_indication(444) > indicate_need_confirmed = 1
I (71996) [IoT] : es_msg_disassemble(268) > Send [0] [1628] / [3600]
I (71997) [IoT] : iot_send_indication(444) > indicate_need_confirmed = 1
I (72094) [IoT] : es_msg_disassemble(268) > Send [0] [1639] / [3600]
I (72094) [IoT] : iot_send_indication(444) > indicate_need_confirmed = 1
I (72191) [IoT] : es_msg_disassemble(268) > Send [0] [1650] / [3600]
I (72192) [IoT] : iot_send_indication(444) > indicate_need_confirmed = 1
I (72289) [IoT] : es_msg_disassemble(268) > Send [0] [1661] / [3600]
I (72289) [IoT] : iot_send_indication(444) > indicate_need_confirmed = 1
I (72386) [IoT] : es_msg_disassemble(268) > Send [0] [1672] / [3600]
I (72387) [IoT] : iot_send_indication(444) > indicate_need_confirmed = 1
I (72484) [IoT] : es_msg_disassemble(268) > Send [0] [1683] / [3600]
I (72484) [IoT] : iot_send_indication(444) > indicate_need_confirmed = 1
I (72581) [IoT] : es_msg_disassemble(268) > Send [0] [1694] / [3600]
I (72582) [IoT] : iot_send_indication(444) > indicate_need_confirmed = 1
I (72679) [IoT] : es_msg_disassemble(268) > Send [0] [1705] / [3600]
I (72680) [IoT] : iot_send_indication(444) > indicate_need_confirmed = 1
I (72776) [IoT] : es_msg_disassemble(268) > Send [0] [1716] / [3600]
I (72777) [IoT] : iot_send_indication(444) > indicate_need_confirmed = 1
I (72874) [IoT] : es_msg_disassemble(268) > Send [0] [1727] / [3600]
I (72874) [IoT] : iot_send_indication(444) > indicate_need_confirmed = 1
I (72971) [IoT] : es_msg_disassemble(268) > Send [0] [1738] / [3600]
I (72972) [IoT] : iot_send_indication(444) > indicate_need_confirmed = 1
I (73069) [IoT] : es_msg_disassemble(268) > Send [0] [1749] / [3600]
I (73069) [IoT] : iot_send_indication(444) > indicate_need_confirmed = 1
I (73166) [IoT] : es_msg_disassemble(268) > Send [0] [1760] / [3600]
I (73167) [IoT] : iot_send_indication(444) > indicate_need_confirmed = 1
I (73264) [IoT] : es_msg_disassemble(268) > Send [0] [1771] / [3600]
I (73264) [IoT] : iot_send_indication(444) > indicate_need_confirmed = 1
I (73410) [IoT] : es_msg_disassemble(268) > Send [0] [1782] / [3600]
I (73410) [IoT] : iot_send_indication(444) > indicate_need_confirmed = 1
I (73507) [IoT] : es_msg_disassemble(268) > Send [0] [1793] / [3600]
I (73508) [IoT] : iot_send_indication(444) > indicate_need_confirmed = 1
I (73605) [IoT] : es_msg_disassemble(268) > Send [0] [1804] / [3600]
I (73606) [IoT] : iot_send_indication(444) > indicate_need_confirmed = 1
I (73703) [IoT] : es_msg_disassemble(268) > Send [0] [1815] / [3600]
I (73703) [IoT] : iot_send_indication(444) > indicate_need_confirmed = 1
I (73800) [IoT] : es_msg_disassemble(268) > Send [0] [1826] / [3600]
I (73800) [IoT] : iot_send_indication(444) > indicate_need_confirmed = 1
I (73898) [IoT] : es_msg_disassemble(268) > Send [0] [1837] / [3600]
I (73898) [IoT] : iot_send_indication(444) > indicate_need_confirmed = 1
I (73995) [IoT] : es_msg_disassemble(268) > Send [0] [1848] / [3600]
I (73995) [IoT] : iot_send_indication(444) > indicate_need_confirmed = 1
I (74093) [IoT] : es_msg_disassemble(268) > Send [0] [1859] / [3600]
I (74093) [IoT] : iot_send_indication(444) > indicate_need_confirmed = 1
I (74190) [IoT] : es_msg_disassemble(268) > Send [0] [1870] / [3600]
I (74190) [IoT] : iot_send_indication(444) > indicate_need_confirmed = 1
I (74288) [IoT] : es_msg_disassemble(268) > Send [0] [1881] / [3600]
I (74288) [IoT] : iot_send_indication(444) > indicate_need_confirmed = 1
I (74385) [IoT] : es_msg_disassemble(268) > Send [0] [1892] / [3600]
I (74386) [IoT] : iot_send_indication(444) > indicate_need_confirmed = 1
I (74483) [IoT] : es_msg_disassemble(268) > Send [0] [1903] / [3600]
I (74483) [IoT] : iot_send_indication(444) > indicate_need_confirmed = 1
I (74580) [IoT] : es_msg_disassemble(268) > Send [0] [1914] / [3600]
I (74581) [IoT] : iot_send_indication(444) > indicate_need_confirmed = 1
I (74678) [IoT] : es_msg_disassemble(268) > Send [0] [1925] / [3600]
I (74678) [IoT] : iot_send_indication(444) > indicate_need_confirmed = 1
I (74775) [IoT] : es_msg_disassemble(268) > Send [0] [1936] / [3600]
I (74776) [IoT] : iot_send_indication(444) > indicate_need_confirmed = 1
I (74873) [IoT] : es_msg_disassemble(268) > Send [0] [1947] / [3600]
I (74873) [IoT] : iot_send_indication(444) > indicate_need_confirmed = 1
I (74970) [IoT] : es_msg_disassemble(268) > Send [0] [1958] / [3600]
I (74971) [IoT] : iot_send_indication(444) > indicate_need_confirmed = 1
I (75068) [IoT] : es_msg_disassemble(268) > Send [0] [1969] / [3600]
I (75068) [IoT] : iot_send_indication(444) > indicate_need_confirmed = 1
I (75165) [IoT] : es_msg_disassemble(268) > Send [0] [1980] / [3600]
I (75166) [IoT] : iot_send_indication(444) > indicate_need_confirmed = 1
I (75263) [IoT] : es_msg_disassemble(268) > Send [0] [1991] / [3600]
I (75263) [IoT] : iot_send_indication(444) > indicate_need_confirmed = 1
I (75360) [IoT] : es_msg_disassemble(268) > Send [0] [2002] / [3600]
I (75361) [IoT] : iot_send_indication(444) > indicate_need_confirmed = 1
I (75457) [IoT] : es_msg_disassemble(268) > Send [0] [2013] / [3600]
I (75458) [IoT] : iot_send_indication(444) > indicate_need_confirmed = 1
I (75555) [IoT] : es_msg_disassemble(268) > Send [0] [2024] / [3600]
I (75556) [IoT] : iot_send_indication(444) > indicate_need_confirmed = 1
I (75653) [IoT] : es_msg_disassemble(268) > Send [0] [2035] / [3600]
I (75653) [IoT] : iot_send_indication(444) > indicate_need_confirmed = 1
I (75750) [IoT] : es_msg_disassemble(268) > Send [0] [2046] / [3600]
I (75751) [IoT] : iot_send_indication(444) > indicate_need_confirmed = 1
I (75848) [IoT] : es_msg_disassemble(268) > Send [0] [2057] / [3600]
I (75848) [IoT] : iot_send_indication(444) > indicate_need_confirmed = 1
I (75945) [IoT] : es_msg_disassemble(268) > Send [0] [2068] / [3600]
I (75946) [IoT] : iot_send_indication(444) > indicate_need_confirmed = 1
I (76043) [IoT] : es_msg_disassemble(268) > Send [0] [2079] / [3600]
I (76043) [IoT] : iot_send_indication(444) > indicate_need_confirmed = 1
I (76140) [IoT] : es_msg_disassemble(268) > Send [0] [2090] / [3600]
I (76141) [IoT] : iot_send_indication(444) > indicate_need_confirmed = 1
I (76238) [IoT] : es_msg_disassemble(268) > Send [0] [2101] / [3600]
I (76238) [IoT] : iot_send_indication(444) > indicate_need_confirmed = 1
I (76335) [IoT] : es_msg_disassemble(268) > Send [0] [2112] / [3600]
I (76336) [IoT] : iot_send_indication(444) > indicate_need_confirmed = 1
I (76433) [IoT] : es_msg_disassemble(268) > Send [0] [2123] / [3600]
I (76433) [IoT] : iot_send_indication(444) > indicate_need_confirmed = 1
I (76530) [IoT] : es_msg_disassemble(268) > Send [0] [2134] / [3600]
I (76530) [IoT] : iot_send_indication(444) > indicate_need_confirmed = 1
I (76627) [IoT] : es_msg_disassemble(268) > Send [0] [2145] / [3600]
I (76628) [IoT] : iot_send_indication(444) > indicate_need_confirmed = 1
I (76725) [IoT] : es_msg_disassemble(268) > Send [0] [2156] / [3600]
I (76725) [IoT] : iot_send_indication(444) > indicate_need_confirmed = 1
I (76822) [IoT] : es_msg_disassemble(268) > Send [0] [2167] / [3600]
I (76823) [IoT] : iot_send_indication(444) > indicate_need_confirmed = 1
I (76920) [IoT] : es_msg_disassemble(268) > Send [0] [2178] / [3600]
I (76920) [IoT] : iot_send_indication(444) > indicate_need_confirmed = 1
I (77018) [IoT] : es_msg_disassemble(268) > Send [0] [2189] / [3600]
I (77018) [IoT] : iot_send_indication(444) > indicate_need_confirmed = 1
I (77115) [IoT] : es_msg_disassemble(268) > Send [0] [2200] / [3600]
I (77116) [IoT] : iot_send_indication(444) > indicate_need_confirmed = 1
I (77213) [IoT] : es_msg_disassemble(268) > Send [0] [2211] / [3600]
I (77213) [IoT] : iot_send_indication(444) > indicate_need_confirmed = 1
I (77310) [IoT] : es_msg_disassemble(268) > Send [0] [2222] / [3600]
I (77311) [IoT] : iot_send_indication(444) > indicate_need_confirmed = 1
I (77407) [IoT] : es_msg_disassemble(268) > Send [0] [2233] / [3600]
I (77408) [IoT] : iot_send_indication(444) > indicate_need_confirmed = 1
I (77505) [IoT] : es_msg_disassemble(268) > Send [0] [2244] / [3600]
I (77505) [IoT] : iot_send_indication(444) > indicate_need_confirmed = 1
I (77602) [IoT] : es_msg_disassemble(268) > Send [0] [2255] / [3600]
I (77603) [IoT] : iot_send_indication(444) > indicate_need_confirmed = 1
I (77700) [IoT] : es_msg_disassemble(268) > Send [0] [2266] / [3600]
I (77700) [IoT] : iot_send_indication(444) > indicate_need_confirmed = 1
I (77797) [IoT] : es_msg_disassemble(268) > Send [0] [2277] / [3600]
I (77798) [IoT] : iot_send_indication(444) > indicate_need_confirmed = 1
I (77895) [IoT] : es_msg_disassemble(268) > Send [0] [2288] / [3600]
I (77895) [IoT] : iot_send_indication(444) > indicate_need_confirmed = 1
I (77992) [IoT] : es_msg_disassemble(268) > Send [0] [2299] / [3600]
I (77993) [IoT] : iot_send_indication(444) > indicate_need_confirmed = 1
I (78090) [IoT] : es_msg_disassemble(268) > Send [0] [2310] / [3600]
I (78090) [IoT] : iot_send_indication(444) > indicate_need_confirmed = 1
I (78187) [IoT] : es_msg_disassemble(268) > Send [0] [2321] / [3600]
I (78188) [IoT] : iot_send_indication(444) > indicate_need_confirmed = 1
I (78285) [IoT] : es_msg_disassemble(268) > Send [0] [2332] / [3600]
I (78285) [IoT] : iot_send_indication(444) > indicate_need_confirmed = 1
I (78431) [IoT] : es_msg_disassemble(268) > Send [0] [2343] / [3600]
I (78431) [IoT] : iot_send_indication(444) > indicate_need_confirmed = 1
I (78529) [IoT] : es_msg_disassemble(268) > Send [0] [2354] / [3600]
I (78529) [IoT] : iot_send_indication(444) > indicate_need_confirmed = 1
I (78626) [IoT] : es_msg_disassemble(268) > Send [0] [2365] / [3600]
I (78627) [IoT] : iot_send_indication(444) > indicate_need_confirmed = 1
I (78724) [IoT] : es_msg_disassemble(268) > Send [0] [2376] / [3600]
I (78724) [IoT] : iot_send_indication(444) > indicate_need_confirmed = 1
I (78821) [IoT] : es_msg_disassemble(268) > Send [0] [2387] / [3600]
I (78822) [IoT] : iot_send_indication(444) > indicate_need_confirmed = 1
I (78919) [IoT] : es_msg_disassemble(268) > Send [0] [2398] / [3600]
I (78919) [IoT] : iot_send_indication(444) > indicate_need_confirmed = 1
I (79016) [IoT] : es_msg_disassemble(268) > Send [0] [2409] / [3600]
I (79017) [IoT] : iot_send_indication(444) > indicate_need_confirmed = 1
I (79114) [IoT] : es_msg_disassemble(268) > Send [0] [2420] / [3600]
I (79114) [IoT] : iot_send_indication(444) > indicate_need_confirmed = 1
I (79211) [IoT] : es_msg_disassemble(268) > Send [0] [2431] / [3600]
I (79212) [IoT] : iot_send_indication(444) > indicate_need_confirmed = 1
I (79309) [IoT] : es_msg_disassemble(268) > Send [0] [2442] / [3600]
I (79309) [IoT] : iot_send_indication(444) > indicate_need_confirmed = 1
I (79406) [IoT] : es_msg_disassemble(268) > Send [0] [2453] / [3600]
I (79407) [IoT] : iot_send_indication(444) > indicate_need_confirmed = 1
I (79504) [IoT] : es_msg_disassemble(268) > Send [0] [2464] / [3600]
I (79504) [IoT] : iot_send_indication(444) > indicate_need_confirmed = 1
I (79601) [IoT] : es_msg_disassemble(268) > Send [0] [2475] / [3600]
I (79602) [IoT] : iot_send_indication(444) > indicate_need_confirmed = 1
I (79699) [IoT] : es_msg_disassemble(268) > Send [0] [2486] / [3600]
I (79699) [IoT] : iot_send_indication(444) > indicate_need_confirmed = 1
I (79796) [IoT] : es_msg_disassemble(268) > Send [0] [2497] / [3600]
I (79797) [IoT] : iot_send_indication(444) > indicate_need_confirmed = 1
I (79894) [IoT] : es_msg_disassemble(268) > Send [0] [2508] / [3600]
I (79894) [IoT] : iot_send_indication(444) > indicate_need_confirmed = 1
I (79991) [IoT] : es_msg_disassemble(268) > Send [0] [2519] / [3600]
I (79992) [IoT] : iot_send_indication(444) > indicate_need_confirmed = 1
I (80089) [IoT] : es_msg_disassemble(268) > Send [0] [2530] / [3600]
I (80089) [IoT] : iot_send_indication(444) > indicate_need_confirmed = 1
I (80186) [IoT] : es_msg_disassemble(268) > Send [0] [2541] / [3600]
I (80187) [IoT] : iot_send_indication(444) > indicate_need_confirmed = 1
I (80284) [IoT] : es_msg_disassemble(268) > Send [0] [2552] / [3600]
I (80284) [IoT] : iot_send_indication(444) > indicate_need_confirmed = 1
I (80381) [IoT] : es_msg_disassemble(268) > Send [0] [2563] / [3600]
I (80382) [IoT] : iot_send_indication(444) > indicate_need_confirmed = 1
I (80479) [IoT] : es_msg_disassemble(268) > Send [0] [2574] / [3600]
I (80479) [IoT] : iot_send_indication(444) > indicate_need_confirmed = 1
I (80576) [IoT] : es_msg_disassemble(268) > Send [0] [2585] / [3600]
I (80577) [IoT] : iot_send_indication(444) > indicate_need_confirmed = 1
I (80674) [IoT] : es_msg_disassemble(268) > Send [0] [2596] / [3600]
I (80674) [IoT] : iot_send_indication(444) > indicate_need_confirmed = 1
I (80771) [IoT] : es_msg_disassemble(268) > Send [0] [2607] / [3600]
I (80772) [IoT] : iot_send_indication(444) > indicate_need_confirmed = 1
I (80917) [IoT] : es_msg_disassemble(268) > Send [0] [2618] / [3600]
I (80918) [IoT] : iot_send_indication(444) > indicate_need_confirmed = 1
I (81015) [IoT] : es_msg_disassemble(268) > Send [0] [2629] / [3600]
I (81016) [IoT] : iot_send_indication(444) > indicate_need_confirmed = 1
I (81113) [IoT] : es_msg_disassemble(268) > Send [0] [2640] / [3600]
I (81113) [IoT] : iot_send_indication(444) > indicate_need_confirmed = 1
I (81210) [IoT] : es_msg_disassemble(268) > Send [0] [2651] / [3600]
I (81211) [IoT] : iot_send_indication(444) > indicate_need_confirmed = 1
I (81307) [IoT] : es_msg_disassemble(268) > Send [0] [2662] / [3600]
I (81308) [IoT] : iot_send_indication(444) > indicate_need_confirmed = 1
I (81405) [IoT] : es_msg_disassemble(268) > Send [0] [2673] / [3600]
I (81406) [IoT] : iot_send_indication(444) > indicate_need_confirmed = 1
I (81502) [IoT] : es_msg_disassemble(268) > Send [0] [2684] / [3600]
I (81503) [IoT] : iot_send_indication(444) > indicate_need_confirmed = 1
I (81600) [IoT] : es_msg_disassemble(268) > Send [0] [2695] / [3600]
I (81600) [IoT] : iot_send_indication(444) > indicate_need_confirmed = 1
I (81697) [IoT] : es_msg_disassemble(268) > Send [0] [2706] / [3600]
I (81698) [IoT] : iot_send_indication(444) > indicate_need_confirmed = 1
I (81795) [IoT] : es_msg_disassemble(268) > Send [0] [2717] / [3600]
I (81796) [IoT] : iot_send_indication(444) > indicate_need_confirmed = 1
I (81892) [IoT] : es_msg_disassemble(268) > Send [0] [2728] / [3600]
I (81893) [IoT] : iot_send_indication(444) > indicate_need_confirmed = 1
I (81990) [IoT] : es_msg_disassemble(268) > Send [0] [2739] / [3600]
I (81990) [IoT] : iot_send_indication(444) > indicate_need_confirmed = 1
I (82087) [IoT] : es_msg_disassemble(268) > Send [0] [2750] / [3600]
I (82088) [IoT] : iot_send_indication(444) > indicate_need_confirmed = 1
I (82185) [IoT] : es_msg_disassemble(268) > Send [0] [2761] / [3600]
I (82186) [IoT] : iot_send_indication(444) > indicate_need_confirmed = 1
I (82283) [IoT] : es_msg_disassemble(268) > Send [0] [2772] / [3600]
I (82283) [IoT] : iot_send_indication(444) > indicate_need_confirmed = 1
I (82380) [IoT] : es_msg_disassemble(268) > Send [0] [2783] / [3600]
I (82381) [IoT] : iot_send_indication(444) > indicate_need_confirmed = 1
I (82478) [IoT] : es_msg_disassemble(268) > Send [0] [2794] / [3600]
I (82478) [IoT] : iot_send_indication(444) > indicate_need_confirmed = 1
I (82575) [IoT] : es_msg_disassemble(268) > Send [0] [2805] / [3600]
I (82575) [IoT] : iot_send_indication(444) > indicate_need_confirmed = 1
I (82673) [IoT] : es_msg_disassemble(268) > Send [0] [2816] / [3600]
I (82673) [IoT] : iot_send_indication(444) > indicate_need_confirmed = 1
I (82770) [IoT] : es_msg_disassemble(268) > Send [0] [2827] / [3600]
I (82771) [IoT] : iot_send_indication(444) > indicate_need_confirmed = 1
I (82867) [IoT] : es_msg_disassemble(268) > Send [0] [2838] / [3600]
I (82868) [IoT] : iot_send_indication(444) > indicate_need_confirmed = 1
I (82965) [IoT] : es_msg_disassemble(268) > Send [0] [2849] / [3600]
I (82966) [IoT] : iot_send_indication(444) > indicate_need_confirmed = 1
I (83063) [IoT] : es_msg_disassemble(268) > Send [0] [2860] / [3600]
I (83063) [IoT] : iot_send_indication(444) > indicate_need_confirmed = 1
I (83160) [IoT] : es_msg_disassemble(268) > Send [0] [2871] / [3600]
I (83161) [IoT] : iot_send_indication(444) > indicate_need_confirmed = 1
I (83257) [IoT] : es_msg_disassemble(268) > Send [0] [2882] / [3600]
I (83258) [IoT] : iot_send_indication(444) > indicate_need_confirmed = 1
I (83403) [IoT] : es_msg_disassemble(268) > Send [0] [2893] / [3600]
I (83404) [IoT] : iot_send_indication(444) > indicate_need_confirmed = 1
I (83501) [IoT] : es_msg_disassemble(268) > Send [0] [2904] / [3600]
I (83502) [IoT] : iot_send_indication(444) > indicate_need_confirmed = 1
I (83599) [IoT] : es_msg_disassemble(268) > Send [0] [2915] / [3600]
I (83599) [IoT] : iot_send_indication(444) > indicate_need_confirmed = 1
I (83696) [IoT] : es_msg_disassemble(268) > Send [0] [2926] / [3600]
I (83697) [IoT] : iot_send_indication(444) > indicate_need_confirmed = 1
I (83794) [IoT] : es_msg_disassemble(268) > Send [0] [2937] / [3600]
I (83794) [IoT] : iot_send_indication(444) > indicate_need_confirmed = 1
I (83891) [IoT] : es_msg_disassemble(268) > Send [0] [2948] / [3600]
I (83892) [IoT] : iot_send_indication(444) > indicate_need_confirmed = 1
I (83989) [IoT] : es_msg_disassemble(268) > Send [0] [2959] / [3600]
I (83989) [IoT] : iot_send_indication(444) > indicate_need_confirmed = 1
I (84086) [IoT] : es_msg_disassemble(268) > Send [0] [2970] / [3600]
I (84087) [IoT] : iot_send_indication(444) > indicate_need_confirmed = 1
I (84184) [IoT] : es_msg_disassemble(268) > Send [0] [2981] / [3600]
I (84184) [IoT] : iot_send_indication(444) > indicate_need_confirmed = 1
I (84281) [IoT] : es_msg_disassemble(268) > Send [0] [2992] / [3600]
I (84282) [IoT] : iot_send_indication(444) > indicate_need_confirmed = 1
I (84379) [IoT] : es_msg_disassemble(268) > Send [0] [3003] / [3600]
I (84379) [IoT] : iot_send_indication(444) > indicate_need_confirmed = 1
I (84476) [IoT] : es_msg_disassemble(268) > Send [0] [3014] / [3600]
I (84477) [IoT] : iot_send_indication(444) > indicate_need_confirmed = 1
I (84574) [IoT] : es_msg_disassemble(268) > Send [0] [3025] / [3600]
I (84574) [IoT] : iot_send_indication(444) > indicate_need_confirmed = 1
I (84671) [IoT] : es_msg_disassemble(268) > Send [0] [3036] / [3600]
I (84672) [IoT] : iot_send_indication(444) > indicate_need_confirmed = 1
I (84769) [IoT] : es_msg_disassemble(268) > Send [0] [3047] / [3600]
I (84769) [IoT] : iot_send_indication(444) > indicate_need_confirmed = 1
I (84866) [IoT] : es_msg_disassemble(268) > Send [0] [3058] / [3600]
I (84867) [IoT] : iot_send_indication(444) > indicate_need_confirmed = 1
I (84964) [IoT] : es_msg_disassemble(268) > Send [0] [3069] / [3600]
I (84964) [IoT] : iot_send_indication(444) > indicate_need_confirmed = 1
I (85061) [IoT] : es_msg_disassemble(268) > Send [0] [3080] / [3600]
I (85062) [IoT] : iot_send_indication(444) > indicate_need_confirmed = 1
I (85159) [IoT] : es_msg_disassemble(268) > Send [0] [3091] / [3600]
I (85159) [IoT] : iot_send_indication(444) > indicate_need_confirmed = 1
I (85256) [IoT] : es_msg_disassemble(268) > Send [0] [3102] / [3600]
I (85257) [IoT] : iot_send_indication(444) > indicate_need_confirmed = 1
I (85354) [IoT] : es_msg_disassemble(268) > Send [0] [3113] / [3600]
I (85354) [IoT] : iot_send_indication(444) > indicate_need_confirmed = 1
I (85451) [IoT] : es_msg_disassemble(268) > Send [0] [3124] / [3600]
I (85452) [IoT] : iot_send_indication(444) > indicate_need_confirmed = 1
I (85549) [IoT] : es_msg_disassemble(268) > Send [0] [3135] / [3600]
I (85549) [IoT] : iot_send_indication(444) > indicate_need_confirmed = 1
I (85646) [IoT] : es_msg_disassemble(268) > Send [0] [3146] / [3600]
I (85647) [IoT] : iot_send_indication(444) > indicate_need_confirmed = 1
I (85744) [IoT] : es_msg_disassemble(268) > Send [0] [3157] / [3600]
I (85744) [IoT] : iot_send_indication(444) > indicate_need_confirmed = 1
I (85841) [IoT] : es_msg_disassemble(268) > Send [0] [3168] / [3600]
I (85842) [IoT] : iot_send_indication(444) > indicate_need_confirmed = 1
I (85939) [IoT] : es_msg_disassemble(268) > Send [0] [3179] / [3600]
I (85939) [IoT] : iot_send_indication(444) > indicate_need_confirmed = 1
I (86036) [IoT] : es_msg_disassemble(268) > Send [0] [3190] / [3600]
I (86037) [IoT] : iot_send_indication(444) > indicate_need_confirmed = 1
I (86134) [IoT] : es_msg_disassemble(268) > Send [0] [3201] / [3600]
I (86134) [IoT] : iot_send_indication(444) > indicate_need_confirmed = 1
I (86231) [IoT] : es_msg_disassemble(268) > Send [0] [3212] / [3600]
I (86232) [IoT] : iot_send_indication(444) > indicate_need_confirmed = 1
I (86329) [IoT] : es_msg_disassemble(268) > Send [0] [3223] / [3600]
I (86329) [IoT] : iot_send_indication(444) > indicate_need_confirmed = 1
I (86426) [IoT] : es_msg_disassemble(268) > Send [0] [3234] / [3600]
I (86427) [IoT] : iot_send_indication(444) > indicate_need_confirmed = 1
I (86524) [IoT] : es_msg_disassemble(268) > Send [0] [3245] / [3600]
I (86524) [IoT] : iot_send_indication(444) > indicate_need_confirmed = 1
I (86621) [IoT] : es_msg_disassemble(268) > Send [0] [3256] / [3600]
I (86622) [IoT] : iot_send_indication(444) > indicate_need_confirmed = 1
I (86719) [IoT] : es_msg_disassemble(268) > Send [0] [3267] / [3600]
I (86719) [IoT] : iot_send_indication(444) > indicate_need_confirmed = 1
I (86816) [IoT] : es_msg_disassemble(268) > Send [0] [3278] / [3600]
I (86817) [IoT] : iot_send_indication(444) > indicate_need_confirmed = 1
I (86914) [IoT] : es_msg_disassemble(268) > Send [0] [3289] / [3600]
I (86914) [IoT] : iot_send_indication(444) > indicate_need_confirmed = 1
I (87011) [IoT] : es_msg_disassemble(268) > Send [0] [3300] / [3600]
I (87012) [IoT] : iot_send_indication(444) > indicate_need_confirmed = 1
I (87109) [IoT] : es_msg_disassemble(268) > Send [0] [3311] / [3600]
I (87109) [IoT] : iot_send_indication(444) > indicate_need_confirmed = 1
I (87206) [IoT] : es_msg_disassemble(268) > Send [0] [3322] / [3600]
I (87207) [IoT] : iot_send_indication(444) > indicate_need_confirmed = 1
I (87304) [IoT] : es_msg_disassemble(268) > Send [0] [3333] / [3600]
I (87304) [IoT] : iot_send_indication(444) > indicate_need_confirmed = 1
I (87401) [IoT] : es_msg_disassemble(268) > Send [0] [3344] / [3600]
I (87402) [IoT] : iot_send_indication(444) > indicate_need_confirmed = 1
I (87499) [IoT] : es_msg_disassemble(268) > Send [0] [3355] / [3600]
I (87499) [IoT] : iot_send_indication(444) > indicate_need_confirmed = 1
I (87596) [IoT] : es_msg_disassemble(268) > Send [0] [3366] / [3600]
I (87597) [IoT] : iot_send_indication(444) > indicate_need_confirmed = 1
I (87694) [IoT] : es_msg_disassemble(268) > Send [0] [3377] / [3600]
I (87694) [IoT] : iot_send_indication(444) > indicate_need_confirmed = 1
I (87791) [IoT] : es_msg_disassemble(268) > Send [0] [3388] / [3600]
I (87792) [IoT] : iot_send_indication(444) > indicate_need_confirmed = 1
I (87889) [IoT] : es_msg_disassemble(268) > Send [0] [3399] / [3600]
I (87889) [IoT] : iot_send_indication(444) > indicate_need_confirmed = 1
I (87986) [IoT] : es_msg_disassemble(268) > Send [0] [3410] / [3600]
I (87987) [IoT] : iot_send_indication(444) > indicate_need_confirmed = 1
I (88084) [IoT] : es_msg_disassemble(268) > Send [0] [3421] / [3600]
I (88084) [IoT] : iot_send_indication(444) > indicate_need_confirmed = 1
I (88181) [IoT] : es_msg_disassemble(268) > Send [0] [3432] / [3600]
I (88182) [IoT] : iot_send_indication(444) > indicate_need_confirmed = 1
I (88279) [IoT] : es_msg_disassemble(268) > Send [0] [3443] / [3600]
I (88279) [IoT] : iot_send_indication(444) > indicate_need_confirmed = 1
I (88424) [IoT] : es_msg_disassemble(268) > Send [0] [3454] / [3600]
I (88425) [IoT] : iot_send_indication(444) > indicate_need_confirmed = 1
I (88522) [IoT] : es_msg_disassemble(268) > Send [0] [3465] / [3600]
I (88523) [IoT] : iot_send_indication(444) > indicate_need_confirmed = 1
I (88620) [IoT] : es_msg_disassemble(268) > Send [0] [3476] / [3600]
I (88620) [IoT] : iot_send_indication(444) > indicate_need_confirmed = 1
I (88718) [IoT] : es_msg_disassemble(268) > Send [0] [3487] / [3600]
I (88718) [IoT] : iot_send_indication(444) > indicate_need_confirmed = 1
I (88815) [IoT] : es_msg_disassemble(268) > Send [0] [3498] / [3600]
I (88816) [IoT] : iot_send_indication(444) > indicate_need_confirmed = 1
I (88913) [IoT] : es_msg_disassemble(268) > Send [0] [3509] / [3600]
I (88913) [IoT] : iot_send_indication(444) > indicate_need_confirmed = 1
I (89010) [IoT] : es_msg_disassemble(268) > Send [0] [3520] / [3600]
I (89010) [IoT] : iot_send_indication(444) > indicate_need_confirmed = 1
I (89107) [IoT] : es_msg_disassemble(268) > Send [0] [3531] / [3600]
I (89108) [IoT] : iot_send_indication(444) > indicate_need_confirmed = 1
I (89205) [IoT] : es_msg_disassemble(268) > Send [0] [3542] / [3600]
I (89205) [IoT] : iot_send_indication(444) > indicate_need_confirmed = 1
I (89302) [IoT] : es_msg_disassemble(268) > Send [0] [3553] / [3600]
I (89303) [IoT] : iot_send_indication(444) > indicate_need_confirmed = 1
I (89400) [IoT] : es_msg_disassemble(268) > Send [0] [3564] / [3600]
I (89400) [IoT] : iot_send_indication(444) > indicate_need_confirmed = 1
I (89497) [IoT] : es_msg_disassemble(268) > Send [0] [3575] / [3600]
I (89498) [IoT] : iot_send_indication(444) > indicate_need_confirmed = 1
I (89595) [IoT] : es_msg_disassemble(268) > Send [0] [3586] / [3600]
I (89595) [IoT] : iot_send_indication(444) > indicate_need_confirmed = 1
I (89692) [IoT] : es_msg_disassemble(268) > Send [0] [3597] / [3600]
I (89693) [IoT] : iot_send_indication(444) > indicate_need_confirmed = 1
I (89790) [IoT] : es_msg_disassemble(281) > send complete
I (89887) [IoT] : es_msg_assemble(123) > op_code : 0, cmd_num : 5, transaction_id : 4, chunk_data_continued : 0, total_size : 16
I (89888) [IoT] : es_msg_assemble(183) > msg command num[5]
I (89984) [IoT] : es_msg_assemble(123) > op_code : 1, cmd_num : 5, transaction_id : 4, chunk_data_continued : 0, total_size : 9
I (89985) [IoT] : es_msg_assemble(207) > es_msg_dispatch is called
I (89990) [IoT] : _es_process_accepted_connection(72) > ble event reported
I (89990) [IoT] : iot_easysetup_ble_msg_handler(392) > cmd : 4
I (89991) [IoT] : _iot_easysetup_gen_payload(205) > waiting.. response for [4]
E (89992) [IoT] : _es_wifiscaninfo_handler(1427) > no mobileWifiCredential
I (89993) [IoT] : iot_bsp_wifi_set_mode(319) > iot_bsp_wifi_set_mode = 1
------>>>>>> Scan CMD
[WIFI] [IND] SCAN Done
wifi_mgmr_scan_complete_callback: scan complete
I (92904) [IoT] : event_cb_wifi_event(203) > Complete scanning
I (92953) [IoT] : iot_easysetup_ble_msg_handler(494) > es_ble_msg_disassemble start [3872]
I (92954) [IoT] : es_msg_disassemble(268) > Send [0] [0] / [3872]
I (92955) [IoT] : iot_send_indication(444) > indicate_need_confirmed = 0
I (92957) [IoT] : es_msg_disassemble(268) > Send [0] [11] / [3872]
I (92958) [IoT] : iot_send_indication(444) > indicate_need_confirmed = 1
I (93056) [IoT] : es_msg_disassemble(268) > Send [0] [22] / [3872]
I (93057) [IoT] : iot_send_indication(444) > indicate_need_confirmed = 1
I (93154) [IoT] : es_msg_disassemble(268) > Send [0] [33] / [3872]
I (93154) [IoT] : iot_send_indication(444) > indicate_need_confirmed = 1
I (93251) [IoT] : es_msg_disassemble(268) > Send [0] [44] / [3872]
I (93252) [IoT] : iot_send_indication(444) > indicate_need_confirmed = 1
I (93397) [IoT] : es_msg_disassemble(268) > Send [0] [55] / [3872]
I (93398) [IoT] : iot_send_indication(444) > indicate_need_confirmed = 1
I (93495) [IoT] : es_msg_disassemble(268) > Send [0] [66] / [3872]
I (93495) [IoT] : iot_send_indication(444) > indicate_need_confirmed = 1
I (93592) [IoT] : es_msg_disassemble(268) > Send [0] [77] / [3872]
I (93593) [IoT] : iot_send_indication(444) > indicate_need_confirmed = 1
I (93690) [IoT] : es_msg_disassemble(268) > Send [0] [88] / [3872]
I (93690) [IoT] : iot_send_indication(444) > indicate_need_confirmed = 1
I (93787) [IoT] : es_msg_disassemble(268) > Send [0] [99] / [3872]
I (93788) [IoT] : iot_send_indication(444) > indicate_need_confirmed = 1
I (93885) [IoT] : es_msg_disassemble(268) > Send [0] [110] / [3872]
I (93885) [IoT] : iot_send_indication(444) > indicate_need_confirmed = 1
I (93983) [IoT] : es_msg_disassemble(268) > Send [0] [121] / [3872]
I (93983) [IoT] : iot_send_indication(444) > indicate_need_confirmed = 1
I (94080) [IoT] : es_msg_disassemble(268) > Send [0] [132] / [3872]
I (94081) [IoT] : iot_send_indication(444) > indicate_need_confirmed = 1
I (94177) [IoT] : es_msg_disassemble(268) > Send [0] [143] / [3872]
I (94178) [IoT] : iot_send_indication(444) > indicate_need_confirmed = 1
I (94275) [IoT] : es_msg_disassemble(268) > Send [0] [154] / [3872]
I (94275) [IoT] : iot_send_indication(444) > indicate_need_confirmed = 1
I (94372) [IoT] : es_msg_disassemble(268) > Send [0] [165] / [3872]
I (94373) [IoT] : iot_send_indication(444) > indicate_need_confirmed = 1
I (94470) [IoT] : es_msg_disassemble(268) > Send [0] [176] / [3872]
I (94470) [IoT] : iot_send_indication(444) > indicate_need_confirmed = 1
I (94567) [IoT] : es_msg_disassemble(268) > Send [0] [187] / [3872]
I (94568) [IoT] : iot_send_indication(444) > indicate_need_confirmed = 1
I (94665) [IoT] : es_msg_disassemble(268) > Send [0] [198] / [3872]
I (94665) [IoT] : iot_send_indication(444) > indicate_need_confirmed = 1
I (94762) [IoT] : es_msg_disassemble(268) > Send [0] [209] / [3872]
I (94763) [IoT] : iot_send_indication(444) > indicate_need_confirmed = 1
I (94860) [IoT] : es_msg_disassemble(268) > Send [0] [220] / [3872]
I (94860) [IoT] : iot_send_indication(444) > indicate_need_confirmed = 1
I (94957) [IoT] : es_msg_disassemble(268) > Send [0] [231] / [3872]
I (94958) [IoT] : iot_send_indication(444) > indicate_need_confirmed = 1
I (95055) [IoT] : es_msg_disassemble(268) > Send [0] [242] / [3872]
I (95055) [IoT] : iot_send_indication(444) > indicate_need_confirmed = 1
I (95152) [IoT] : es_msg_disassemble(268) > Send [0] [253] / [3872]
I (95153) [IoT] : iot_send_indication(444) > indicate_need_confirmed = 1
I (95250) [IoT] : es_msg_disassemble(268) > Send [0] [264] / [3872]
I (95251) [IoT] : iot_send_indication(444) > indicate_need_confirmed = 1
I (95348) [IoT] : es_msg_disassemble(268) > Send [0] [275] / [3872]
I (95348) [IoT] : iot_send_indication(444) > indicate_need_confirmed = 1
I (95445) [IoT] : es_msg_disassemble(268) > Send [0] [286] / [3872]
I (95446) [IoT] : iot_send_indication(444) > indicate_need_confirmed = 1
I (95542) [IoT] : es_msg_disassemble(268) > Send [0] [297] / [3872]
I (95543) [IoT] : iot_send_indication(444) > indicate_need_confirmed = 1
I (95640) [IoT] : es_msg_disassemble(268) > Send [0] [308] / [3872]
I (95640) [IoT] : iot_send_indication(444) > indicate_need_confirmed = 1
I (95737) [IoT] : es_msg_disassemble(268) > Send [0] [319] / [3872]
I (95738) [IoT] : iot_send_indication(444) > indicate_need_confirmed = 1
I (95835) [IoT] : es_msg_disassemble(268) > Send [0] [330] / [3872]
I (95836) [IoT] : iot_send_indication(444) > indicate_need_confirmed = 1
I (95932) [IoT] : es_msg_disassemble(268) > Send [0] [341] / [3872]
I (95933) [IoT] : iot_send_indication(444) > indicate_need_confirmed = 1
I (96030) [IoT] : es_msg_disassemble(268) > Send [0] [352] / [3872]
I (96030) [IoT] : iot_send_indication(444) > indicate_need_confirmed = 1
I (96127) [IoT] : es_msg_disassemble(268) > Send [0] [363] / [3872]
I (96128) [IoT] : iot_send_indication(444) > indicate_need_confirmed = 1
I (96225) [IoT] : es_msg_disassemble(268) > Send [0] [374] / [3872]
I (96225) [IoT] : iot_send_indication(444) > indicate_need_confirmed = 1
I (96322) [IoT] : es_msg_disassemble(268) > Send [0] [385] / [3872]
I (96323) [IoT] : iot_send_indication(444) > indicate_need_confirmed = 1
I (96420) [IoT] : es_msg_disassemble(268) > Send [0] [396] / [3872]
I (96420) [IoT] : iot_send_indication(444) > indicate_need_confirmed = 1
I (96517) [IoT] : es_msg_disassemble(268) > Send [0] [407] / [3872]
I (96518) [IoT] : iot_send_indication(444) > indicate_need_confirmed = 1
I (96615) [IoT] : es_msg_disassemble(268) > Send [0] [418] / [3872]
I (96615) [IoT] : iot_send_indication(444) > indicate_need_confirmed = 1
I (96712) [IoT] : es_msg_disassemble(268) > Send [0] [429] / [3872]
I (96713) [IoT] : iot_send_indication(444) > indicate_need_confirmed = 1
I (96810) [IoT] : es_msg_disassemble(268) > Send [0] [440] / [3872]
I (96810) [IoT] : iot_send_indication(444) > indicate_need_confirmed = 1
I (96907) [IoT] : es_msg_disassemble(268) > Send [0] [451] / [3872]
I (96908) [IoT] : iot_send_indication(444) > indicate_need_confirmed = 1
I (97005) [IoT] : es_msg_disassemble(268) > Send [0] [462] / [3872]
I (97005) [IoT] : iot_send_indication(444) > indicate_need_confirmed = 1
I (97102) [IoT] : es_msg_disassemble(268) > Send [0] [473] / [3872]
I (97103) [IoT] : iot_send_indication(444) > indicate_need_confirmed = 1
I (97200) [IoT] : es_msg_disassemble(268) > Send [0] [484] / [3872]
I (97200) [IoT] : iot_send_indication(444) > indicate_need_confirmed = 1
I (97297) [IoT] : es_msg_disassemble(268) > Send [0] [495] / [3872]
I (97298) [IoT] : iot_send_indication(444) > indicate_need_confirmed = 1
I (97395) [IoT] : es_msg_disassemble(268) > Send [0] [506] / [3872]
I (97395) [IoT] : iot_send_indication(444) > indicate_need_confirmed = 1
I (97492) [IoT] : es_msg_disassemble(268) > Send [0] [517] / [3872]
I (97493) [IoT] : iot_send_indication(444) > indicate_need_confirmed = 1
I (97590) [IoT] : es_msg_disassemble(268) > Send [0] [528] / [3872]
I (97590) [IoT] : iot_send_indication(444) > indicate_need_confirmed = 1
I (97687) [IoT] : es_msg_disassemble(268) > Send [0] [539] / [3872]
I (97688) [IoT] : iot_send_indication(444) > indicate_need_confirmed = 1
I (97785) [IoT] : es_msg_disassemble(268) > Send [0] [550] / [3872]
I (97785) [IoT] : iot_send_indication(444) > indicate_need_confirmed = 1
I (97883) [IoT] : es_msg_disassemble(268) > Send [0] [561] / [3872]
I (97883) [IoT] : iot_send_indication(444) > indicate_need_confirmed = 1
I (97980) [IoT] : es_msg_disassemble(268) > Send [0] [572] / [3872]
I (97981) [IoT] : iot_send_indication(444) > indicate_need_confirmed = 1
I (98077) [IoT] : es_msg_disassemble(268) > Send [0] [583] / [3872]
I (98078) [IoT] : iot_send_indication(444) > indicate_need_confirmed = 1
I (98175) [IoT] : es_msg_disassemble(268) > Send [0] [594] / [3872]
I (98175) [IoT] : iot_send_indication(444) > indicate_need_confirmed = 1
I (98272) [IoT] : es_msg_disassemble(268) > Send [0] [605] / [3872]
I (98273) [IoT] : iot_send_indication(444) > indicate_need_confirmed = 1
I (98418) [IoT] : es_msg_disassemble(268) > Send [0] [616] / [3872]
I (98419) [IoT] : iot_send_indication(444) > indicate_need_confirmed = 1
I (98516) [IoT] : es_msg_disassemble(268) > Send [0] [627] / [3872]
I (98517) [IoT] : iot_send_indication(444) > indicate_need_confirmed = 1
I (98614) [IoT] : es_msg_disassemble(268) > Send [0] [638] / [3872]
I (98614) [IoT] : iot_send_indication(444) > indicate_need_confirmed = 1
I (98711) [IoT] : es_msg_disassemble(268) > Send [0] [649] / [3872]
I (98712) [IoT] : iot_send_indication(444) > indicate_need_confirmed = 1
I (98809) [IoT] : es_msg_disassemble(268) > Send [0] [660] / [3872]
I (98809) [IoT] : iot_send_indication(444) > indicate_need_confirmed = 1
I (98906) [IoT] : es_msg_disassemble(268) > Send [0] [671] / [3872]
I (98907) [IoT] : iot_send_indication(444) > indicate_need_confirmed = 1
I (99004) [IoT] : es_msg_disassemble(268) > Send [0] [682] / [3872]
I (99004) [IoT] : iot_send_indication(444) > indicate_need_confirmed = 1
I (99101) [IoT] : es_msg_disassemble(268) > Send [0] [693] / [3872]
I (99102) [IoT] : iot_send_indication(444) > indicate_need_confirmed = 1
I (99199) [IoT] : es_msg_disassemble(268) > Send [0] [704] / [3872]
I (99199) [IoT] : iot_send_indication(444) > indicate_need_confirmed = 1
I (99296) [IoT] : es_msg_disassemble(268) > Send [0] [715] / [3872]
I (99297) [IoT] : iot_send_indication(444) > indicate_need_confirmed = 1
I (99394) [IoT] : es_msg_disassemble(268) > Send [0] [726] / [3872]
I (99394) [IoT] : iot_send_indication(444) > indicate_need_confirmed = 1
I (99491) [IoT] : es_msg_disassemble(268) > Send [0] [737] / [3872]
I (99492) [IoT] : iot_send_indication(444) > indicate_need_confirmed = 1
I (99589) [IoT] : es_msg_disassemble(268) > Send [0] [748] / [3872]
I (99589) [IoT] : iot_send_indication(444) > indicate_need_confirmed = 1
I (99686) [IoT] : es_msg_disassemble(268) > Send [0] [759] / [3872]
I (99687) [IoT] : iot_send_indication(444) > indicate_need_confirmed = 1
I (99784) [IoT] : es_msg_disassemble(268) > Send [0] [770] / [3872]
I (99784) [IoT] : iot_send_indication(444) > indicate_need_confirmed = 1
I (99881) [IoT] : es_msg_disassemble(268) > Send [0] [781] / [3872]
I (99882) [IoT] : iot_send_indication(444) > indicate_need_confirmed = 1
I (99979) [IoT] : es_msg_disassemble(268) > Send [0] [792] / [3872]
I (99979) [IoT] : iot_send_indication(444) > indicate_need_confirmed = 1
I (100076) [IoT] : es_msg_disassemble(268) > Send [0] [803] / [3872]
I (100077) [IoT] : iot_send_indication(444) > indicate_need_confirmed = 1
I (100174) [IoT] : es_msg_disassemble(268) > Send [0] [814] / [3872]
I (100174) [IoT] : iot_send_indication(444) > indicate_need_confirmed = 1
I (100271) [IoT] : es_msg_disassemble(268) > Send [0] [825] / [3872]
I (100272) [IoT] : iot_send_indication(444) > indicate_need_confirmed = 1
I (100369) [IoT] : es_msg_disassemble(268) > Send [0] [836] / [3872]
I (100369) [IoT] : iot_send_indication(444) > indicate_need_confirmed = 1
I (100466) [IoT] : es_msg_disassemble(268) > Send [0] [847] / [3872]
I (100467) [IoT] : iot_send_indication(444) > indicate_need_confirmed = 1
I (100564) [IoT] : es_msg_disassemble(268) > Send [0] [858] / [3872]
I (100564) [IoT] : iot_send_indication(444) > indicate_need_confirmed = 1
I (100661) [IoT] : es_msg_disassemble(268) > Send [0] [869] / [3872]
I (100662) [IoT] : iot_send_indication(444) > indicate_need_confirmed = 1
I (100759) [IoT] : es_msg_disassemble(268) > Send [0] [880] / [3872]
I (100759) [IoT] : iot_send_indication(444) > indicate_need_confirmed = 1
I (100904) [IoT] : es_msg_disassemble(268) > Send [0] [891] / [3872]
I (100905) [IoT] : iot_send_indication(444) > indicate_need_confirmed = 1
I (101002) [IoT] : es_msg_disassemble(268) > Send [0] [902] / [3872]
I (101003) [IoT] : iot_send_indication(444) > indicate_need_confirmed = 1
I (101100) [IoT] : es_msg_disassemble(268) > Send [0] [913] / [3872]
I (101100) [IoT] : iot_send_indication(444) > indicate_need_confirmed = 1
I (101197) [IoT] : es_msg_disassemble(268) > Send [0] [924] / [3872]
I (101198) [IoT] : iot_send_indication(444) > indicate_need_confirmed = 1
I (101295) [IoT] : es_msg_disassemble(268) > Send [0] [935] / [3872]
I (101295) [IoT] : iot_send_indication(444) > indicate_need_confirmed = 1
I (101392) [IoT] : es_msg_disassemble(268) > Send [0] [946] / [3872]
I (101393) [IoT] : iot_send_indication(444) > indicate_need_confirmed = 1
I (101490) [IoT] : es_msg_disassemble(268) > Send [0] [957] / [3872]
I (101490) [IoT] : iot_send_indication(444) > indicate_need_confirmed = 1
I (101587) [IoT] : es_msg_disassemble(268) > Send [0] [968] / [3872]
I (101588) [IoT] : iot_send_indication(444) > indicate_need_confirmed = 1
I (101685) [IoT] : es_msg_disassemble(268) > Send [0] [979] / [3872]
I (101685) [IoT] : iot_send_indication(444) > indicate_need_confirmed = 1
I (101783) [IoT] : es_msg_disassemble(268) > Send [0] [990] / [3872]
I (101783) [IoT] : iot_send_indication(444) > indicate_need_confirmed = 1
I (101880) [IoT] : es_msg_disassemble(268) > Send [0] [1001] / [3872]
I (101881) [IoT] : iot_send_indication(444) > indicate_need_confirmed = 1
I (101977) [IoT] : es_msg_disassemble(268) > Send [0] [1012] / [3872]
I (101978) [IoT] : iot_send_indication(444) > indicate_need_confirmed = 1
I (102075) [IoT] : es_msg_disassemble(268) > Send [0] [1023] / [3872]
I (102075) [IoT] : iot_send_indication(444) > indicate_need_confirmed = 1
I (102172) [IoT] : es_msg_disassemble(268) > Send [0] [1034] / [3872]
I (102173) [IoT] : iot_send_indication(444) > indicate_need_confirmed = 1
I (102270) [IoT] : es_msg_disassemble(268) > Send [0] [1045] / [3872]
I (102270) [IoT] : iot_send_indication(444) > indicate_need_confirmed = 1
I (102367) [IoT] : es_msg_disassemble(268) > Send [0] [1056] / [3872]
I (102368) [IoT] : iot_send_indication(444) > indicate_need_confirmed = 1
I (102465) [IoT] : es_msg_disassemble(268) > Send [0] [1067] / [3872]
I (102465) [IoT] : iot_send_indication(444) > indicate_need_confirmed = 1
I (102562) [IoT] : es_msg_disassemble(268) > Send [0] [1078] / [3872]
I (102563) [IoT] : iot_send_indication(444) > indicate_need_confirmed = 1
I (102660) [IoT] : es_msg_disassemble(268) > Send [0] [1089] / [3872]
I (102660) [IoT] : iot_send_indication(444) > indicate_need_confirmed = 1
I (102757) [IoT] : es_msg_disassemble(268) > Send [0] [1100] / [3872]
I (102758) [IoT] : iot_send_indication(444) > indicate_need_confirmed = 1
I (102855) [IoT] : es_msg_disassemble(268) > Send [0] [1111] / [3872]
I (102855) [IoT] : iot_send_indication(444) > indicate_need_confirmed = 1
I (102952) [IoT] : es_msg_disassemble(268) > Send [0] [1122] / [3872]
I (102953) [IoT] : iot_send_indication(444) > indicate_need_confirmed = 1
I (103050) [IoT] : es_msg_disassemble(268) > Send [0] [1133] / [3872]
I (103051) [IoT] : iot_send_indication(444) > indicate_need_confirmed = 1
I (103148) [IoT] : es_msg_disassemble(268) > Send [0] [1144] / [3872]
I (103148) [IoT] : iot_send_indication(444) > indicate_need_confirmed = 1
I (103245) [IoT] : es_msg_disassemble(268) > Send [0] [1155] / [3872]
I (103246) [IoT] : iot_send_indication(444) > indicate_need_confirmed = 1
I (103342) [IoT] : es_msg_disassemble(268) > Send [0] [1166] / [3872]
I (103343) [IoT] : iot_send_indication(444) > indicate_need_confirmed = 1
I (103440) [IoT] : es_msg_disassemble(268) > Send [0] [1177] / [3872]
I (103440) [IoT] : iot_send_indication(444) > indicate_need_confirmed = 1
I (103537) [IoT] : es_msg_disassemble(268) > Send [0] [1188] / [3872]
I (103538) [IoT] : iot_send_indication(444) > indicate_need_confirmed = 1
I (103635) [IoT] : es_msg_disassemble(268) > Send [0] [1199] / [3872]
I (103636) [IoT] : iot_send_indication(444) > indicate_need_confirmed = 1
I (103732) [IoT] : es_msg_disassemble(268) > Send [0] [1210] / [3872]
I (103733) [IoT] : iot_send_indication(444) > indicate_need_confirmed = 1
I (103830) [IoT] : es_msg_disassemble(268) > Send [0] [1221] / [3872]
I (103830) [IoT] : iot_send_indication(444) > indicate_need_confirmed = 1
I (103927) [IoT] : es_msg_disassemble(268) > Send [0] [1232] / [3872]
I (103928) [IoT] : iot_send_indication(444) > indicate_need_confirmed = 1
I (104025) [IoT] : es_msg_disassemble(268) > Send [0] [1243] / [3872]
I (104025) [IoT] : iot_send_indication(444) > indicate_need_confirmed = 1
I (104122) [IoT] : es_msg_disassemble(268) > Send [0] [1254] / [3872]
I (104123) [IoT] : iot_send_indication(444) > indicate_need_confirmed = 1
I (104220) [IoT] : es_msg_disassemble(268) > Send [0] [1265] / [3872]
I (104220) [IoT] : iot_send_indication(444) > indicate_need_confirmed = 1
I (104317) [IoT] : es_msg_disassemble(268) > Send [0] [1276] / [3872]
I (104318) [IoT] : iot_send_indication(444) > indicate_need_confirmed = 1
I (104415) [IoT] : es_msg_disassemble(268) > Send [0] [1287] / [3872]
I (104416) [IoT] : iot_send_indication(444) > indicate_need_confirmed = 1
I (104512) [IoT] : es_msg_disassemble(268) > Send [0] [1298] / [3872]
I (104513) [IoT] : iot_send_indication(444) > indicate_need_confirmed = 1
I (104610) [IoT] : es_msg_disassemble(268) > Send [0] [1309] / [3872]
I (104610) [IoT] : iot_send_indication(444) > indicate_need_confirmed = 1
I (104707) [IoT] : es_msg_disassemble(268) > Send [0] [1320] / [3872]
I (104708) [IoT] : iot_send_indication(444) > indicate_need_confirmed = 1
I (104805) [IoT] : es_msg_disassemble(268) > Send [0] [1331] / [3872]
I (104805) [IoT] : iot_send_indication(444) > indicate_need_confirmed = 1
I (104902) [IoT] : es_msg_disassemble(268) > Send [0] [1342] / [3872]
I (104903) [IoT] : iot_send_indication(444) > indicate_need_confirmed = 1
I (105000) [IoT] : es_msg_disassemble(268) > Send [0] [1353] / [3872]
I (105000) [IoT] : iot_send_indication(444) > indicate_need_confirmed = 1
I (105097) [IoT] : es_msg_disassemble(268) > Send [0] [1364] / [3872]
I (105098) [IoT] : iot_send_indication(444) > indicate_need_confirmed = 1
I (105195) [IoT] : es_msg_disassemble(268) > Send [0] [1375] / [3872]
I (105195) [IoT] : iot_send_indication(444) > indicate_need_confirmed = 1
I (105292) [IoT] : es_msg_disassemble(268) > Send [0] [1386] / [3872]
I (105293) [IoT] : iot_send_indication(444) > indicate_need_confirmed = 1
I (105390) [IoT] : es_msg_disassemble(268) > Send [0] [1397] / [3872]
I (105390) [IoT] : iot_send_indication(444) > indicate_need_confirmed = 1
I (105487) [IoT] : es_msg_disassemble(268) > Send [0] [1408] / [3872]
I (105488) [IoT] : iot_send_indication(444) > indicate_need_confirmed = 1
I (105585) [IoT] : es_msg_disassemble(268) > Send [0] [1419] / [3872]
I (105585) [IoT] : iot_send_indication(444) > indicate_need_confirmed = 1
I (105682) [IoT] : es_msg_disassemble(268) > Send [0] [1430] / [3872]
I (105683) [IoT] : iot_send_indication(444) > indicate_need_confirmed = 1
I (105780) [IoT] : es_msg_disassemble(268) > Send [0] [1441] / [3872]
I (105781) [IoT] : iot_send_indication(444) > indicate_need_confirmed = 1
I (105926) [IoT] : es_msg_disassemble(268) > Send [0] [1452] / [3872]
I (105926) [IoT] : iot_send_indication(444) > indicate_need_confirmed = 1
I (106024) [IoT] : es_msg_disassemble(268) > Send [0] [1463] / [3872]
I (106024) [IoT] : iot_send_indication(444) > indicate_need_confirmed = 1
I (106121) [IoT] : es_msg_disassemble(268) > Send [0] [1474] / [3872]
I (106122) [IoT] : iot_send_indication(444) > indicate_need_confirmed = 1
I (106219) [IoT] : es_msg_disassemble(268) > Send [0] [1485] / [3872]
I (106219) [IoT] : iot_send_indication(444) > indicate_need_confirmed = 1
I (106316) [IoT] : es_msg_disassemble(268) > Send [0] [1496] / [3872]
I (106317) [IoT] : iot_send_indication(444) > indicate_need_confirmed = 1
I (106414) [IoT] : es_msg_disassemble(268) > Send [0] [1507] / [3872]
I (106414) [IoT] : iot_send_indication(444) > indicate_need_confirmed = 1
I (106511) [IoT] : es_msg_disassemble(268) > Send [0] [1518] / [3872]
I (106512) [IoT] : iot_send_indication(444) > indicate_need_confirmed = 1
I (106609) [IoT] : es_msg_disassemble(268) > Send [0] [1529] / [3872]
I (106609) [IoT] : iot_send_indication(444) > indicate_need_confirmed = 1
I (106706) [IoT] : es_msg_disassemble(268) > Send [0] [1540] / [3872]
I (106707) [IoT] : iot_send_indication(444) > indicate_need_confirmed = 1
I (106804) [IoT] : es_msg_disassemble(268) > Send [0] [1551] / [3872]
I (106804) [IoT] : iot_send_indication(444) > indicate_need_confirmed = 1
I (106901) [IoT] : es_msg_disassemble(268) > Send [0] [1562] / [3872]
I (106902) [IoT] : iot_send_indication(444) > indicate_need_confirmed = 1
I (106999) [IoT] : es_msg_disassemble(268) > Send [0] [1573] / [3872]
I (106999) [IoT] : iot_send_indication(444) > indicate_need_confirmed = 1
I (107096) [IoT] : es_msg_disassemble(268) > Send [0] [1584] / [3872]
I (107097) [IoT] : iot_send_indication(444) > indicate_need_confirmed = 1
I (107194) [IoT] : es_msg_disassemble(268) > Send [0] [1595] / [3872]
I (107194) [IoT] : iot_send_indication(444) > indicate_need_confirmed = 1
I (107291) [IoT] : es_msg_disassemble(268) > Send [0] [1606] / [3872]
I (107292) [IoT] : iot_send_indication(444) > indicate_need_confirmed = 1
I (107389) [IoT] : es_msg_disassemble(268) > Send [0] [1617] / [3872]
I (107389) [IoT] : iot_send_indication(444) > indicate_need_confirmed = 1
I (107486) [IoT] : es_msg_disassemble(268) > Send [0] [1628] / [3872]
I (107487) [IoT] : iot_send_indication(444) > indicate_need_confirmed = 1
I (107584) [IoT] : es_msg_disassemble(268) > Send [0] [1639] / [3872]
I (107584) [IoT] : iot_send_indication(444) > indicate_need_confirmed = 1
I (107681) [IoT] : es_msg_disassemble(268) > Send [0] [1650] / [3872]
I (107682) [IoT] : iot_send_indication(444) > indicate_need_confirmed = 1
I (107779) [IoT] : es_msg_disassemble(268) > Send [0] [1661] / [3872]
I (107779) [IoT] : iot_send_indication(444) > indicate_need_confirmed = 1
I (107876) [IoT] : es_msg_disassemble(268) > Send [0] [1672] / [3872]
I (107877) [IoT] : iot_send_indication(444) > indicate_need_confirmed = 1
I (107974) [IoT] : es_msg_disassemble(268) > Send [0] [1683] / [3872]
I (107974) [IoT] : iot_send_indication(444) > indicate_need_confirmed = 1
I (108071) [IoT] : es_msg_disassemble(268) > Send [0] [1694] / [3872]
I (108072) [IoT] : iot_send_indication(444) > indicate_need_confirmed = 1
I (108169) [IoT] : es_msg_disassemble(268) > Send [0] [1705] / [3872]
I (108169) [IoT] : iot_send_indication(444) > indicate_need_confirmed = 1
I (108266) [IoT] : es_msg_disassemble(268) > Send [0] [1716] / [3872]
I (108267) [IoT] : iot_send_indication(444) > indicate_need_confirmed = 1
I (108412) [IoT] : es_msg_disassemble(268) > Send [0] [1727] / [3872]
I (108413) [IoT] : iot_send_indication(444) > indicate_need_confirmed = 1
I (108510) [IoT] : es_msg_disassemble(268) > Send [0] [1738] / [3872]
I (108510) [IoT] : iot_send_indication(444) > indicate_need_confirmed = 1
I (108607) [IoT] : es_msg_disassemble(268) > Send [0] [1749] / [3872]
I (108608) [IoT] : iot_send_indication(444) > indicate_need_confirmed = 1
I (108705) [IoT] : es_msg_disassemble(268) > Send [0] [1760] / [3872]
I (108705) [IoT] : iot_send_indication(444) > indicate_need_confirmed = 1
I (108802) [IoT] : es_msg_disassemble(268) > Send [0] [1771] / [3872]
I (108803) [IoT] : iot_send_indication(444) > indicate_need_confirmed = 1
I (108900) [IoT] : es_msg_disassemble(268) > Send [0] [1782] / [3872]
I (108900) [IoT] : iot_send_indication(444) > indicate_need_confirmed = 1
I (108997) [IoT] : es_msg_disassemble(268) > Send [0] [1793] / [3872]
I (108998) [IoT] : iot_send_indication(444) > indicate_need_confirmed = 1
I (109095) [IoT] : es_msg_disassemble(268) > Send [0] [1804] / [3872]
I (109095) [IoT] : iot_send_indication(444) > indicate_need_confirmed = 1
I (109192) [IoT] : es_msg_disassemble(268) > Send [0] [1815] / [3872]
I (109193) [IoT] : iot_send_indication(444) > indicate_need_confirmed = 1
I (109290) [IoT] : es_msg_disassemble(268) > Send [0] [1826] / [3872]
I (109290) [IoT] : iot_send_indication(444) > indicate_need_confirmed = 1
I (109387) [IoT] : es_msg_disassemble(268) > Send [0] [1837] / [3872]
I (109388) [IoT] : iot_send_indication(444) > indicate_need_confirmed = 1
I (109485) [IoT] : es_msg_disassemble(268) > Send [0] [1848] / [3872]
I (109485) [IoT] : iot_send_indication(444) > indicate_need_confirmed = 1
I (109583) [IoT] : es_msg_disassemble(268) > Send [0] [1859] / [3872]
I (109583) [IoT] : iot_send_indication(444) > indicate_need_confirmed = 1
I (109680) [IoT] : es_msg_disassemble(268) > Send [0] [1870] / [3872]
I (109680) [IoT] : iot_send_indication(444) > indicate_need_confirmed = 1
I (109777) [IoT] : es_msg_disassemble(268) > Send [0] [1881] / [3872]
I (109778) [IoT] : iot_send_indication(444) > indicate_need_confirmed = 1
I (109875) [IoT] : es_msg_disassemble(268) > Send [0] [1892] / [3872]
I (109875) [IoT] : iot_send_indication(444) > indicate_need_confirmed = 1
I (109972) [IoT] : es_msg_disassemble(268) > Send [0] [1903] / [3872]
I (109973) [IoT] : iot_send_indication(444) > indicate_need_confirmed = 1
I (110070) [IoT] : es_msg_disassemble(268) > Send [0] [1914] / [3872]
I (110070) [IoT] : iot_send_indication(444) > indicate_need_confirmed = 1
I (110167) [IoT] : es_msg_disassemble(268) > Send [0] [1925] / [3872]
I (110168) [IoT] : iot_send_indication(444) > indicate_need_confirmed = 1
I (110265) [IoT] : es_msg_disassemble(268) > Send [0] [1936] / [3872]
I (110265) [IoT] : iot_send_indication(444) > indicate_need_confirmed = 1
I (110362) [IoT] : es_msg_disassemble(268) > Send [0] [1947] / [3872]
I (110363) [IoT] : iot_send_indication(444) > indicate_need_confirmed = 1
I (110460) [IoT] : es_msg_disassemble(268) > Send [0] [1958] / [3872]
I (110460) [IoT] : iot_send_indication(444) > indicate_need_confirmed = 1
I (110557) [IoT] : es_msg_disassemble(268) > Send [0] [1969] / [3872]
I (110558) [IoT] : iot_send_indication(444) > indicate_need_confirmed = 1
I (110655) [IoT] : es_msg_disassemble(268) > Send [0] [1980] / [3872]
I (110655) [IoT] : iot_send_indication(444) > indicate_need_confirmed = 1
I (110752) [IoT] : es_msg_disassemble(268) > Send [0] [1991] / [3872]
I (110753) [IoT] : iot_send_indication(444) > indicate_need_confirmed = 1
I (110898) [IoT] : es_msg_disassemble(268) > Send [0] [2002] / [3872]
I (110899) [IoT] : iot_send_indication(444) > indicate_need_confirmed = 1
I (110996) [IoT] : es_msg_disassemble(268) > Send [0] [2013] / [3872]
I (110997) [IoT] : iot_send_indication(444) > indicate_need_confirmed = 1
I (111094) [IoT] : es_msg_disassemble(268) > Send [0] [2024] / [3872]
I (111094) [IoT] : iot_send_indication(444) > indicate_need_confirmed = 1
I (111191) [IoT] : es_msg_disassemble(268) > Send [0] [2035] / [3872]
I (111192) [IoT] : iot_send_indication(444) > indicate_need_confirmed = 1
I (111289) [IoT] : es_msg_disassemble(268) > Send [0] [2046] / [3872]
I (111289) [IoT] : iot_send_indication(444) > indicate_need_confirmed = 1
I (111386) [IoT] : es_msg_disassemble(268) > Send [0] [2057] / [3872]
I (111387) [IoT] : iot_send_indication(444) > indicate_need_confirmed = 1
I (111484) [IoT] : es_msg_disassemble(268) > Send [0] [2068] / [3872]
I (111484) [IoT] : iot_send_indication(444) > indicate_need_confirmed = 1
I (111581) [IoT] : es_msg_disassemble(268) > Send [0] [2079] / [3872]
I (111582) [IoT] : iot_send_indication(444) > indicate_need_confirmed = 1
I (111679) [IoT] : es_msg_disassemble(268) > Send [0] [2090] / [3872]
I (111679) [IoT] : iot_send_indication(444) > indicate_need_confirmed = 1
I (111776) [IoT] : es_msg_disassemble(268) > Send [0] [2101] / [3872]
I (111777) [IoT] : iot_send_indication(444) > indicate_need_confirmed = 1
I (111874) [IoT] : es_msg_disassemble(268) > Send [0] [2112] / [3872]
I (111874) [IoT] : iot_send_indication(444) > indicate_need_confirmed = 1
I (111971) [IoT] : es_msg_disassemble(268) > Send [0] [2123] / [3872]
I (111972) [IoT] : iot_send_indication(444) > indicate_need_confirmed = 1
I (112069) [IoT] : es_msg_disassemble(268) > Send [0] [2134] / [3872]
I (112069) [IoT] : iot_send_indication(444) > indicate_need_confirmed = 1
I (112166) [IoT] : es_msg_disassemble(268) > Send [0] [2145] / [3872]
I (112167) [IoT] : iot_send_indication(444) > indicate_need_confirmed = 1
I (112264) [IoT] : es_msg_disassemble(268) > Send [0] [2156] / [3872]
I (112264) [IoT] : iot_send_indication(444) > indicate_need_confirmed = 1
I (112361) [IoT] : es_msg_disassemble(268) > Send [0] [2167] / [3872]
I (112362) [IoT] : iot_send_indication(444) > indicate_need_confirmed = 1
I (112459) [IoT] : es_msg_disassemble(268) > Send [0] [2178] / [3872]
I (112459) [IoT] : iot_send_indication(444) > indicate_need_confirmed = 1
I (112556) [IoT] : es_msg_disassemble(268) > Send [0] [2189] / [3872]
I (112557) [IoT] : iot_send_indication(444) > indicate_need_confirmed = 1
I (112654) [IoT] : es_msg_disassemble(268) > Send [0] [2200] / [3872]
I (112654) [IoT] : iot_send_indication(444) > indicate_need_confirmed = 1
I (112751) [IoT] : es_msg_disassemble(268) > Send [0] [2211] / [3872]
I (112752) [IoT] : iot_send_indication(444) > indicate_need_confirmed = 1
I (112897) [IoT] : es_msg_disassemble(268) > Send [0] [2222] / [3872]
I (112898) [IoT] : iot_send_indication(444) > indicate_need_confirmed = 1
I (112995) [IoT] : es_msg_disassemble(268) > Send [0] [2233] / [3872]
I (112995) [IoT] : iot_send_indication(444) > indicate_need_confirmed = 1
I (113092) [IoT] : es_msg_disassemble(268) > Send [0] [2244] / [3872]
I (113093) [IoT] : iot_send_indication(444) > indicate_need_confirmed = 1
I (113190) [IoT] : es_msg_disassemble(268) > Send [0] [2255] / [3872]
I (113190) [IoT] : iot_send_indication(444) > indicate_need_confirmed = 1
I (113287) [IoT] : es_msg_disassemble(268) > Send [0] [2266] / [3872]
I (113288) [IoT] : iot_send_indication(444) > indicate_need_confirmed = 1
I (113433) [IoT] : es_msg_disassemble(268) > Send [0] [2277] / [3872]
I (113434) [IoT] : iot_send_indication(444) > indicate_need_confirmed = 1
I (113531) [IoT] : es_msg_disassemble(268) > Send [0] [2288] / [3872]
I (113532) [IoT] : iot_send_indication(444) > indicate_need_confirmed = 1
I (113628) [IoT] : es_msg_disassemble(268) > Send [0] [2299] / [3872]
I (113629) [IoT] : iot_send_indication(444) > indicate_need_confirmed = 1
I (113726) [IoT] : es_msg_disassemble(268) > Send [0] [2310] / [3872]
I (113727) [IoT] : iot_send_indication(444) > indicate_need_confirmed = 1
I (113824) [IoT] : es_msg_disassemble(268) > Send [0] [2321] / [3872]
I (113824) [IoT] : iot_send_indication(444) > indicate_need_confirmed = 1
I (113921) [IoT] : es_msg_disassemble(268) > Send [0] [2332] / [3872]
I (113921) [IoT] : iot_send_indication(444) > indicate_need_confirmed = 1
I (114019) [IoT] : es_msg_disassemble(268) > Send [0] [2343] / [3872]
I (114019) [IoT] : iot_send_indication(444) > indicate_need_confirmed = 1
I (114116) [IoT] : es_msg_disassemble(268) > Send [0] [2354] / [3872]
I (114117) [IoT] : iot_send_indication(444) > indicate_need_confirmed = 1
I (114214) [IoT] : es_msg_disassemble(268) > Send [0] [2365] / [3872]
I (114214) [IoT] : iot_send_indication(444) > indicate_need_confirmed = 1
I (114311) [IoT] : es_msg_disassemble(268) > Send [0] [2376] / [3872]
I (114312) [IoT] : iot_send_indication(444) > indicate_need_confirmed = 1
I (114408) [IoT] : es_msg_disassemble(268) > Send [0] [2387] / [3872]
I (114409) [IoT] : iot_send_indication(444) > indicate_need_confirmed = 1
I (114506) [IoT] : es_msg_disassemble(268) > Send [0] [2398] / [3872]
I (114507) [IoT] : iot_send_indication(444) > indicate_need_confirmed = 1
I (114603) [IoT] : es_msg_disassemble(268) > Send [0] [2409] / [3872]
I (114604) [IoT] : iot_send_indication(444) > indicate_need_confirmed = 1
I (114701) [IoT] : es_msg_disassemble(268) > Send [0] [2420] / [3872]
I (114702) [IoT] : iot_send_indication(444) > indicate_need_confirmed = 1
I (114799) [IoT] : es_msg_disassemble(268) > Send [0] [2431] / [3872]
I (114799) [IoT] : iot_send_indication(444) > indicate_need_confirmed = 1
I (114896) [IoT] : es_msg_disassemble(268) > Send [0] [2442] / [3872]
I (114897) [IoT] : iot_send_indication(444) > indicate_need_confirmed = 1
I (114994) [IoT] : es_msg_disassemble(268) > Send [0] [2453] / [3872]
I (114994) [IoT] : iot_send_indication(444) > indicate_need_confirmed = 1
I (115091) [IoT] : es_msg_disassemble(268) > Send [0] [2464] / [3872]
I (115092) [IoT] : iot_send_indication(444) > indicate_need_confirmed = 1
I (115189) [IoT] : es_msg_disassemble(268) > Send [0] [2475] / [3872]
I (115189) [IoT] : iot_send_indication(444) > indicate_need_confirmed = 1
I (115286) [IoT] : es_msg_disassemble(268) > Send [0] [2486] / [3872]
I (115287) [IoT] : iot_send_indication(444) > indicate_need_confirmed = 1
I (115384) [IoT] : es_msg_disassemble(268) > Send [0] [2497] / [3872]
I (115384) [IoT] : iot_send_indication(444) > indicate_need_confirmed = 1
I (115481) [IoT] : es_msg_disassemble(268) > Send [0] [2508] / [3872]
I (115482) [IoT] : iot_send_indication(444) > indicate_need_confirmed = 1
I (115579) [IoT] : es_msg_disassemble(268) > Send [0] [2519] / [3872]
I (115579) [IoT] : iot_send_indication(444) > indicate_need_confirmed = 1
I (115676) [IoT] : es_msg_disassemble(268) > Send [0] [2530] / [3872]
I (115677) [IoT] : iot_send_indication(444) > indicate_need_confirmed = 1
I (115774) [IoT] : es_msg_disassemble(268) > Send [0] [2541] / [3872]
I (115774) [IoT] : iot_send_indication(444) > indicate_need_confirmed = 1
I (115919) [IoT] : es_msg_disassemble(268) > Send [0] [2552] / [3872]
I (115920) [IoT] : iot_send_indication(444) > indicate_need_confirmed = 1
I (116017) [IoT] : es_msg_disassemble(268) > Send [0] [2563] / [3872]
I (116018) [IoT] : iot_send_indication(444) > indicate_need_confirmed = 1
I (116115) [IoT] : es_msg_disassemble(268) > Send [0] [2574] / [3872]
I (116115) [IoT] : iot_send_indication(444) > indicate_need_confirmed = 1
I (116212) [IoT] : es_msg_disassemble(268) > Send [0] [2585] / [3872]
I (116213) [IoT] : iot_send_indication(444) > indicate_need_confirmed = 1
I (116310) [IoT] : es_msg_disassemble(268) > Send [0] [2596] / [3872]
I (116310) [IoT] : iot_send_indication(444) > indicate_need_confirmed = 1
I (116407) [IoT] : es_msg_disassemble(268) > Send [0] [2607] / [3872]
I (116408) [IoT] : iot_send_indication(444) > indicate_need_confirmed = 1
I (116505) [IoT] : es_msg_disassemble(268) > Send [0] [2618] / [3872]
I (116505) [IoT] : iot_send_indication(444) > indicate_need_confirmed = 1
I (116602) [IoT] : es_msg_disassemble(268) > Send [0] [2629] / [3872]
I (116603) [IoT] : iot_send_indication(444) > indicate_need_confirmed = 1
I (116700) [IoT] : es_msg_disassemble(268) > Send [0] [2640] / [3872]
I (116700) [IoT] : iot_send_indication(444) > indicate_need_confirmed = 1
I (116797) [IoT] : es_msg_disassemble(268) > Send [0] [2651] / [3872]
I (116798) [IoT] : iot_send_indication(444) > indicate_need_confirmed = 1
I (116895) [IoT] : es_msg_disassemble(268) > Send [0] [2662] / [3872]
I (116895) [IoT] : iot_send_indication(444) > indicate_need_confirmed = 1
I (116992) [IoT] : es_msg_disassemble(268) > Send [0] [2673] / [3872]
I (116993) [IoT] : iot_send_indication(444) > indicate_need_confirmed = 1
I (117090) [IoT] : es_msg_disassemble(268) > Send [0] [2684] / [3872]
I (117090) [IoT] : iot_send_indication(444) > indicate_need_confirmed = 1
I (117187) [IoT] : es_msg_disassemble(268) > Send [0] [2695] / [3872]
I (117188) [IoT] : iot_send_indication(444) > indicate_need_confirmed = 1
I (117285) [IoT] : es_msg_disassemble(268) > Send [0] [2706] / [3872]
I (117285) [IoT] : iot_send_indication(444) > indicate_need_confirmed = 1
I (117382) [IoT] : es_msg_disassemble(268) > Send [0] [2717] / [3872]
I (117383) [IoT] : iot_send_indication(444) > indicate_need_confirmed = 1
I (117480) [IoT] : es_msg_disassemble(268) > Send [0] [2728] / [3872]
I (117480) [IoT] : iot_send_indication(444) > indicate_need_confirmed = 1
I (117577) [IoT] : es_msg_disassemble(268) > Send [0] [2739] / [3872]
I (117578) [IoT] : iot_send_indication(444) > indicate_need_confirmed = 1
I (117675) [IoT] : es_msg_disassemble(268) > Send [0] [2750] / [3872]
I (117675) [IoT] : iot_send_indication(444) > indicate_need_confirmed = 1
I (117772) [IoT] : es_msg_disassemble(268) > Send [0] [2761] / [3872]
I (117773) [IoT] : iot_send_indication(444) > indicate_need_confirmed = 1
I (117870) [IoT] : es_msg_disassemble(268) > Send [0] [2772] / [3872]
I (117870) [IoT] : iot_send_indication(444) > indicate_need_confirmed = 1
I (117967) [IoT] : es_msg_disassemble(268) > Send [0] [2783] / [3872]
I (117968) [IoT] : iot_send_indication(444) > indicate_need_confirmed = 1
I (118065) [IoT] : es_msg_disassemble(268) > Send [0] [2794] / [3872]
I (118065) [IoT] : iot_send_indication(444) > indicate_need_confirmed = 1
I (118162) [IoT] : es_msg_disassemble(268) > Send [0] [2805] / [3872]
I (118163) [IoT] : iot_send_indication(444) > indicate_need_confirmed = 1
I (118260) [IoT] : es_msg_disassemble(268) > Send [0] [2816] / [3872]
I (118260) [IoT] : iot_send_indication(444) > indicate_need_confirmed = 1
I (118406) [IoT] : es_msg_disassemble(268) > Send [0] [2827] / [3872]
I (118406) [IoT] : iot_send_indication(444) > indicate_need_confirmed = 1
I (118503) [IoT] : es_msg_disassemble(268) > Send [0] [2838] / [3872]
I (118504) [IoT] : iot_send_indication(444) > indicate_need_confirmed = 1
I (118601) [IoT] : es_msg_disassemble(268) > Send [0] [2849] / [3872]
I (118601) [IoT] : iot_send_indication(444) > indicate_need_confirmed = 1
I (118699) [IoT] : es_msg_disassemble(268) > Send [0] [2860] / [3872]
I (118699) [IoT] : iot_send_indication(444) > indicate_need_confirmed = 1
I (118796) [IoT] : es_msg_disassemble(268) > Send [0] [2871] / [3872]
I (118796) [IoT] : iot_send_indication(444) > indicate_need_confirmed = 1
I (118893) [IoT] : es_msg_disassemble(268) > Send [0] [2882] / [3872]
I (118894) [IoT] : iot_send_indication(444) > indicate_need_confirmed = 1
I (118991) [IoT] : es_msg_disassemble(268) > Send [0] [2893] / [3872]
I (118991) [IoT] : iot_send_indication(444) > indicate_need_confirmed = 1
I (119088) [IoT] : es_msg_disassemble(268) > Send [0] [2904] / [3872]
I (119089) [IoT] : iot_send_indication(444) > indicate_need_confirmed = 1
I (119186) [IoT] : es_msg_disassemble(268) > Send [0] [2915] / [3872]
I (119187) [IoT] : iot_send_indication(444) > indicate_need_confirmed = 1
I (119284) [IoT] : es_msg_disassemble(268) > Send [0] [2926] / [3872]
I (119284) [IoT] : iot_send_indication(444) > indicate_need_confirmed = 1
I (119381) [IoT] : es_msg_disassemble(268) > Send [0] [2937] / [3872]
I (119382) [IoT] : iot_send_indication(444) > indicate_need_confirmed = 1
I (119479) [IoT] : es_msg_disassemble(268) > Send [0] [2948] / [3872]
I (119479) [IoT] : iot_send_indication(444) > indicate_need_confirmed = 1
I (119576) [IoT] : es_msg_disassemble(268) > Send [0] [2959] / [3872]
I (119577) [IoT] : iot_send_indication(444) > indicate_need_confirmed = 1
I (119674) [IoT] : es_msg_disassemble(268) > Send [0] [2970] / [3872]
I (119674) [IoT] : iot_send_indication(444) > indicate_need_confirmed = 1
I (119771) [IoT] : es_msg_disassemble(268) > Send [0] [2981] / [3872]
I (119772) [IoT] : iot_send_indication(444) > indicate_need_confirmed = 1
I (119869) [IoT] : es_msg_disassemble(268) > Send [0] [2992] / [3872]
I (119869) [IoT] : iot_send_indication(444) > indicate_need_confirmed = 1
I (119966) [IoT] : es_msg_disassemble(268) > Send [0] [3003] / [3872]
I (119967) [IoT] : iot_send_indication(444) > indicate_need_confirmed = 1
I (120064) [IoT] : es_msg_disassemble(268) > Send [0] [3014] / [3872]
I (120064) [IoT] : iot_send_indication(444) > indicate_need_confirmed = 1
I (120161) [IoT] : es_msg_disassemble(268) > Send [0] [3025] / [3872]
I (120162) [IoT] : iot_send_indication(444) > indicate_need_confirmed = 1
I (120259) [IoT] : es_msg_disassemble(268) > Send [0] [3036] / [3872]
I (120259) [IoT] : iot_send_indication(444) > indicate_need_confirmed = 1
I (120356) [IoT] : es_msg_disassemble(268) > Send [0] [3047] / [3872]
I (120357) [IoT] : iot_send_indication(444) > indicate_need_confirmed = 1
I (120454) [IoT] : es_msg_disassemble(268) > Send [0] [3058] / [3872]
I (120454) [IoT] : iot_send_indication(444) > indicate_need_confirmed = 1
I (120551) [IoT] : es_msg_disassemble(268) > Send [0] [3069] / [3872]
I (120552) [IoT] : iot_send_indication(444) > indicate_need_confirmed = 1
I (120649) [IoT] : es_msg_disassemble(268) > Send [0] [3080] / [3872]
I (120649) [IoT] : iot_send_indication(444) > indicate_need_confirmed = 1
I (120746) [IoT] : es_msg_disassemble(268) > Send [0] [3091] / [3872]
I (120747) [IoT] : iot_send_indication(444) > indicate_need_confirmed = 1
I (120844) [IoT] : es_msg_disassemble(268) > Send [0] [3102] / [3872]
I (120844) [IoT] : iot_send_indication(444) > indicate_need_confirmed = 1
I (120941) [IoT] : es_msg_disassemble(268) > Send [0] [3113] / [3872]
I (120942) [IoT] : iot_send_indication(444) > indicate_need_confirmed = 1
I (121039) [IoT] : es_msg_disassemble(268) > Send [0] [3124] / [3872]
I (121039) [IoT] : iot_send_indication(444) > indicate_need_confirmed = 1
I (121136) [IoT] : es_msg_disassemble(268) > Send [0] [3135] / [3872]
I (121137) [IoT] : iot_send_indication(444) > indicate_need_confirmed = 1
I (121234) [IoT] : es_msg_disassemble(268) > Send [0] [3146] / [3872]
I (121234) [IoT] : iot_send_indication(444) > indicate_need_confirmed = 1
I (121331) [IoT] : es_msg_disassemble(268) > Send [0] [3157] / [3872]
I (121331) [IoT] : iot_send_indication(444) > indicate_need_confirmed = 1
I (121428) [IoT] : es_msg_disassemble(268) > Send [0] [3168] / [3872]
I (121429) [IoT] : iot_send_indication(444) > indicate_need_confirmed = 1
I (121526) [IoT] : es_msg_disassemble(268) > Send [0] [3179] / [3872]
I (121526) [IoT] : iot_send_indication(444) > indicate_need_confirmed = 1
I (121623) [IoT] : es_msg_disassemble(268) > Send [0] [3190] / [3872]
I (121624) [IoT] : iot_send_indication(444) > indicate_need_confirmed = 1
I (121721) [IoT] : es_msg_disassemble(268) > Send [0] [3201] / [3872]
I (121722) [IoT] : iot_send_indication(444) > indicate_need_confirmed = 1
I (121819) [IoT] : es_msg_disassemble(268) > Send [0] [3212] / [3872]
I (121819) [IoT] : iot_send_indication(444) > indicate_need_confirmed = 1
I (121916) [IoT] : es_msg_disassemble(268) > Send [0] [3223] / [3872]
I (121917) [IoT] : iot_send_indication(444) > indicate_need_confirmed = 1
I (122013) [IoT] : es_msg_disassemble(268) > Send [0] [3234] / [3872]
I (122014) [IoT] : iot_send_indication(444) > indicate_need_confirmed = 1
I (122111) [IoT] : es_msg_disassemble(268) > Send [0] [3245] / [3872]
I (122111) [IoT] : iot_send_indication(444) > indicate_need_confirmed = 1
I (122208) [IoT] : es_msg_disassemble(268) > Send [0] [3256] / [3872]
I (122209) [IoT] : iot_send_indication(444) > indicate_need_confirmed = 1
I (122306) [IoT] : es_msg_disassemble(268) > Send [0] [3267] / [3872]
I (122306) [IoT] : iot_send_indication(444) > indicate_need_confirmed = 1
I (122403) [IoT] : es_msg_disassemble(268) > Send [0] [3278] / [3872]
I (122404) [IoT] : iot_send_indication(444) > indicate_need_confirmed = 1
I (122501) [IoT] : es_msg_disassemble(268) > Send [0] [3289] / [3872]
I (122501) [IoT] : iot_send_indication(444) > indicate_need_confirmed = 1
I (122598) [IoT] : es_msg_disassemble(268) > Send [0] [3300] / [3872]
I (122599) [IoT] : iot_send_indication(444) > indicate_need_confirmed = 1
I (122696) [IoT] : es_msg_disassemble(268) > Send [0] [3311] / [3872]
I (122696) [IoT] : iot_send_indication(444) > indicate_need_confirmed = 1
I (122793) [IoT] : es_msg_disassemble(268) > Send [0] [3322] / [3872]
I (122794) [IoT] : iot_send_indication(444) > indicate_need_confirmed = 1
I (122891) [IoT] : es_msg_disassemble(268) > Send [0] [3333] / [3872]
I (122891) [IoT] : iot_send_indication(444) > indicate_need_confirmed = 1
I (122988) [IoT] : es_msg_disassemble(268) > Send [0] [3344] / [3872]
I (122989) [IoT] : iot_send_indication(444) > indicate_need_confirmed = 1
I (123086) [IoT] : es_msg_disassemble(268) > Send [0] [3355] / [3872]
I (123087) [IoT] : iot_send_indication(444) > indicate_need_confirmed = 1
I (123184) [IoT] : es_msg_disassemble(268) > Send [0] [3366] / [3872]
I (123184) [IoT] : iot_send_indication(444) > indicate_need_confirmed = 1
I (123281) [IoT] : es_msg_disassemble(268) > Send [0] [3377] / [3872]
I (123282) [IoT] : iot_send_indication(444) > indicate_need_confirmed = 1
I (123427) [IoT] : es_msg_disassemble(268) > Send [0] [3388] / [3872]
I (123427) [IoT] : iot_send_indication(444) > indicate_need_confirmed = 1
I (123525) [IoT] : es_msg_disassemble(268) > Send [0] [3399] / [3872]
I (123525) [IoT] : iot_send_indication(444) > indicate_need_confirmed = 1
I (123622) [IoT] : es_msg_disassemble(268) > Send [0] [3410] / [3872]
I (123623) [IoT] : iot_send_indication(444) > indicate_need_confirmed = 1
I (123720) [IoT] : es_msg_disassemble(268) > Send [0] [3421] / [3872]
I (123720) [IoT] : iot_send_indication(444) > indicate_need_confirmed = 1
I (123817) [IoT] : es_msg_disassemble(268) > Send [0] [3432] / [3872]
I (123818) [IoT] : iot_send_indication(444) > indicate_need_confirmed = 1
I (123915) [IoT] : es_msg_disassemble(268) > Send [0] [3443] / [3872]
I (123915) [IoT] : iot_send_indication(444) > indicate_need_confirmed = 1
I (124012) [IoT] : es_msg_disassemble(268) > Send [0] [3454] / [3872]
I (124013) [IoT] : iot_send_indication(444) > indicate_need_confirmed = 1
I (124110) [IoT] : es_msg_disassemble(268) > Send [0] [3465] / [3872]
I (124110) [IoT] : iot_send_indication(444) > indicate_need_confirmed = 1
I (124207) [IoT] : es_msg_disassemble(268) > Send [0] [3476] / [3872]
I (124208) [IoT] : iot_send_indication(444) > indicate_need_confirmed = 1
I (124305) [IoT] : es_msg_disassemble(268) > Send [0] [3487] / [3872]
I (124305) [IoT] : iot_send_indication(444) > indicate_need_confirmed = 1
I (124402) [IoT] : es_msg_disassemble(268) > Send [0] [3498] / [3872]
I (124403) [IoT] : iot_send_indication(444) > indicate_need_confirmed = 1
I (124500) [IoT] : es_msg_disassemble(268) > Send [0] [3509] / [3872]
I (124500) [IoT] : iot_send_indication(444) > indicate_need_confirmed = 1
I (124597) [IoT] : es_msg_disassemble(268) > Send [0] [3520] / [3872]
I (124598) [IoT] : iot_send_indication(444) > indicate_need_confirmed = 1
I (124695) [IoT] : es_msg_disassemble(268) > Send [0] [3531] / [3872]
I (124695) [IoT] : iot_send_indication(444) > indicate_need_confirmed = 1
I (124792) [IoT] : es_msg_disassemble(268) > Send [0] [3542] / [3872]
I (124793) [IoT] : iot_send_indication(444) > indicate_need_confirmed = 1
I (124890) [IoT] : es_msg_disassemble(268) > Send [0] [3553] / [3872]
I (124890) [IoT] : iot_send_indication(444) > indicate_need_confirmed = 1
I (124987) [IoT] : es_msg_disassemble(268) > Send [0] [3564] / [3872]
I (124988) [IoT] : iot_send_indication(444) > indicate_need_confirmed = 1
I (125085) [IoT] : es_msg_disassemble(268) > Send [0] [3575] / [3872]
I (125085) [IoT] : iot_send_indication(444) > indicate_need_confirmed = 1
I (125182) [IoT] : es_msg_disassemble(268) > Send [0] [3586] / [3872]
I (125183) [IoT] : iot_send_indication(444) > indicate_need_confirmed = 1
I (125280) [IoT] : es_msg_disassemble(268) > Send [0] [3597] / [3872]
I (125280) [IoT] : iot_send_indication(444) > indicate_need_confirmed = 1
I (125377) [IoT] : es_msg_disassemble(268) > Send [0] [3608] / [3872]
I (125378) [IoT] : iot_send_indication(444) > indicate_need_confirmed = 1
I (125475) [IoT] : es_msg_disassemble(268) > Send [0] [3619] / [3872]
I (125475) [IoT] : iot_send_indication(444) > indicate_need_confirmed = 1
I (125572) [IoT] : es_msg_disassemble(268) > Send [0] [3630] / [3872]
I (125573) [IoT] : iot_send_indication(444) > indicate_need_confirmed = 1
I (125670) [IoT] : es_msg_disassemble(268) > Send [0] [3641] / [3872]
I (125670) [IoT] : iot_send_indication(444) > indicate_need_confirmed = 1
I (125767) [IoT] : es_msg_disassemble(268) > Send [0] [3652] / [3872]
I (125768) [IoT] : iot_send_indication(444) > indicate_need_confirmed = 1
I (125913) [IoT] : es_msg_disassemble(268) > Send [0] [3663] / [3872]
I (125914) [IoT] : iot_send_indication(444) > indicate_need_confirmed = 1
I (126011) [IoT] : es_msg_disassemble(268) > Send [0] [3674] / [3872]
I (126011) [IoT] : iot_send_indication(444) > indicate_need_confirmed = 1
I (126108) [IoT] : es_msg_disassemble(268) > Send [0] [3685] / [3872]
I (126109) [IoT] : iot_send_indication(444) > indicate_need_confirmed = 1
I (126206) [IoT] : es_msg_disassemble(268) > Send [0] [3696] / [3872]
I (126207) [IoT] : iot_send_indication(444) > indicate_need_confirmed = 1
I (126303) [IoT] : es_msg_disassemble(268) > Send [0] [3707] / [3872]
I (126304) [IoT] : iot_send_indication(444) > indicate_need_confirmed = 1
I (126401) [IoT] : es_msg_disassemble(268) > Send [0] [3718] / [3872]
I (126401) [IoT] : iot_send_indication(444) > indicate_need_confirmed = 1
I (126498) [IoT] : es_msg_disassemble(268) > Send [0] [3729] / [3872]
I (126499) [IoT] : iot_send_indication(444) > indicate_need_confirmed = 1
I (126596) [IoT] : es_msg_disassemble(268) > Send [0] [3740] / [3872]
I (126596) [IoT] : iot_send_indication(444) > indicate_need_confirmed = 1
I (126693) [IoT] : es_msg_disassemble(268) > Send [0] [3751] / [3872]
I (126694) [IoT] : iot_send_indication(444) > indicate_need_confirmed = 1
I (126791) [IoT] : es_msg_disassemble(268) > Send [0] [3762] / [3872]
I (126792) [IoT] : iot_send_indication(444) > indicate_need_confirmed = 1
I (126888) [IoT] : es_msg_disassemble(268) > Send [0] [3773] / [3872]
I (126889) [IoT] : iot_send_indication(444) > indicate_need_confirmed = 1
I (126986) [IoT] : es_msg_disassemble(268) > Send [0] [3784] / [3872]
I (126987) [IoT] : iot_send_indication(444) > indicate_need_confirmed = 1
I (127084) [IoT] : es_msg_disassemble(268) > Send [0] [3795] / [3872]
I (127084) [IoT] : iot_send_indication(444) > indicate_need_confirmed = 1
I (127181) [IoT] : es_msg_disassemble(268) > Send [0] [3806] / [3872]
I (127182) [IoT] : iot_send_indication(444) > indicate_need_confirmed = 1
I (127278) [IoT] : es_msg_disassemble(268) > Send [0] [3817] / [3872]
I (127279) [IoT] : iot_send_indication(444) > indicate_need_confirmed = 1
I (127376) [IoT] : es_msg_disassemble(268) > Send [0] [3828] / [3872]
I (127377) [IoT] : iot_send_indication(444) > indicate_need_confirmed = 1
I (127473) [IoT] : es_msg_disassemble(268) > Send [0] [3839] / [3872]
I (127474) [IoT] : iot_send_indication(444) > indicate_need_confirmed = 1
I (127571) [IoT] : es_msg_disassemble(268) > Send [0] [3850] / [3872]
I (127572) [IoT] : iot_send_indication(444) > indicate_need_confirmed = 1
I (127668) [IoT] : es_msg_disassemble(268) > Send [0] [3861] / [3872]
I (127669) [IoT] : iot_send_indication(444) > indicate_need_confirmed = 1
I (127766) [IoT] : es_msg_disassemble(281) > send complete
I (127863) [IoT] : es_msg_assemble(123) > op_code : 0, cmd_num : 5, transaction_id : 5, chunk_data_continued : 0, total_size : 16
I (127864) [IoT] : es_msg_assemble(183) > msg command num[5]
I (127960) [IoT] : es_msg_assemble(123) > op_code : 1, cmd_num : 5, transaction_id : 5, chunk_data_continued : 0, total_size : 9
I (127961) [IoT] : es_msg_assemble(207) > es_msg_dispatch is called
I (127966) [IoT] : _es_process_accepted_connection(72) > ble event reported
I (127966) [IoT] : iot_easysetup_ble_msg_handler(392) > cmd : 4
I (127967) [IoT] : _iot_easysetup_gen_payload(205) > waiting.. response for [4]
E (127968) [IoT] : _es_wifiscaninfo_handler(1427) > no mobileWifiCredential
I (127969) [IoT] : iot_bsp_wifi_set_mode(319) > iot_bsp_wifi_set_mode = 1
------>>>>>> Scan CMD
[WIFI] [IND] SCAN Done
wifi_mgmr_scan_complete_callback: scan complete
I (130880) [IoT] : event_cb_wifi_event(203) > Complete scanning
I (130929) [IoT] : iot_easysetup_ble_msg_handler(494) > es_ble_msg_disassemble start [3888]
I (130930) [IoT] : es_msg_disassemble(268) > Send [0] [0] / [3888]
I (130930) [IoT] : iot_send_indication(444) > indicate_need_confirmed = 0
I (130933) [IoT] : es_msg_disassemble(268) > Send [0] [11] / [3888]
I (130934) [IoT] : iot_send_indication(444) > indicate_need_confirmed = 1
I (131032) [IoT] : es_msg_disassemble(268) > Send [0] [22] / [3888]
I (131033) [IoT] : iot_send_indication(444) > indicate_need_confirmed = 1
I (131130) [IoT] : es_msg_disassemble(268) > Send [0] [33] / [3888]
I (131130) [IoT] : iot_send_indication(444) > indicate_need_confirmed = 1
I (131227) [IoT] : es_msg_disassemble(268) > Send [0] [44] / [3888]
I (131228) [IoT] : iot_send_indication(444) > indicate_need_confirmed = 1
I (131325) [IoT] : es_msg_disassemble(268) > Send [0] [55] / [3888]
I (131325) [IoT] : iot_send_indication(444) > indicate_need_confirmed = 1
I (131422) [IoT] : es_msg_disassemble(268) > Send [0] [66] / [3888]
I (131423) [IoT] : iot_send_indication(444) > indicate_need_confirmed = 1
I (131520) [IoT] : es_msg_disassemble(268) > Send [0] [77] / [3888]
I (131520) [IoT] : iot_send_indication(444) > indicate_need_confirmed = 1
I (131617) [IoT] : es_msg_disassemble(268) > Send [0] [88] / [3888]
I (131618) [IoT] : iot_send_indication(444) > indicate_need_confirmed = 1
I (131715) [IoT] : es_msg_disassemble(268) > Send [0] [99] / [3888]
I (131715) [IoT] : iot_send_indication(444) > indicate_need_confirmed = 1
I (131812) [IoT] : es_msg_disassemble(268) > Send [0] [110] / [3888]
I (131813) [IoT] : iot_send_indication(444) > indicate_need_confirmed = 1
I (131910) [IoT] : es_msg_disassemble(268) > Send [0] [121] / [3888]
I (131910) [IoT] : iot_send_indication(444) > indicate_need_confirmed = 1
I (132007) [IoT] : es_msg_disassemble(268) > Send [0] [132] / [3888]
I (132008) [IoT] : iot_send_indication(444) > indicate_need_confirmed = 1
I (132105) [IoT] : es_msg_disassemble(268) > Send [0] [143] / [3888]
I (132105) [IoT] : iot_send_indication(444) > indicate_need_confirmed = 1
I (132202) [IoT] : es_msg_disassemble(268) > Send [0] [154] / [3888]
I (132203) [IoT] : iot_send_indication(444) > indicate_need_confirmed = 1
I (132300) [IoT] : es_msg_disassemble(268) > Send [0] [165] / [3888]
I (132300) [IoT] : iot_send_indication(444) > indicate_need_confirmed = 1
I (132397) [IoT] : es_msg_disassemble(268) > Send [0] [176] / [3888]
I (132398) [IoT] : iot_send_indication(444) > indicate_need_confirmed = 1
I (132495) [IoT] : es_msg_disassemble(268) > Send [0] [187] / [3888]
I (132495) [IoT] : iot_send_indication(444) > indicate_need_confirmed = 1
I (132592) [IoT] : es_msg_disassemble(268) > Send [0] [198] / [3888]
I (132593) [IoT] : iot_send_indication(444) > indicate_need_confirmed = 1
I (132690) [IoT] : es_msg_disassemble(268) > Send [0] [209] / [3888]
I (132690) [IoT] : iot_send_indication(444) > indicate_need_confirmed = 1
I (132787) [IoT] : es_msg_disassemble(268) > Send [0] [220] / [3888]
I (132788) [IoT] : iot_send_indication(444) > indicate_need_confirmed = 1
I (132885) [IoT] : es_msg_disassemble(268) > Send [0] [231] / [3888]
I (132885) [IoT] : iot_send_indication(444) > indicate_need_confirmed = 1
I (132982) [IoT] : es_msg_disassemble(268) > Send [0] [242] / [3888]
I (132983) [IoT] : iot_send_indication(444) > indicate_need_confirmed = 1
I (133080) [IoT] : es_msg_disassemble(268) > Send [0] [253] / [3888]
I (133080) [IoT] : iot_send_indication(444) > indicate_need_confirmed = 1
I (133177) [IoT] : es_msg_disassemble(268) > Send [0] [264] / [3888]
I (133178) [IoT] : iot_send_indication(444) > indicate_need_confirmed = 1
I (133275) [IoT] : es_msg_disassemble(268) > Send [0] [275] / [3888]
I (133275) [IoT] : iot_send_indication(444) > indicate_need_confirmed = 1
I (133421) [IoT] : es_msg_disassemble(268) > Send [0] [286] / [3888]
I (133421) [IoT] : iot_send_indication(444) > indicate_need_confirmed = 1
I (133518) [IoT] : es_msg_disassemble(268) > Send [0] [297] / [3888]
I (133519) [IoT] : iot_send_indication(444) > indicate_need_confirmed = 1
I (133616) [IoT] : es_msg_disassemble(268) > Send [0] [308] / [3888]
I (133617) [IoT] : iot_send_indication(444) > indicate_need_confirmed = 1
I (133713) [IoT] : es_msg_disassemble(268) > Send [0] [319] / [3888]
I (133714) [IoT] : iot_send_indication(444) > indicate_need_confirmed = 1
I (133811) [IoT] : es_msg_disassemble(268) > Send [0] [330] / [3888]
I (133811) [IoT] : iot_send_indication(444) > indicate_need_confirmed = 1
I (133908) [IoT] : es_msg_disassemble(268) > Send [0] [341] / [3888]
I (133909) [IoT] : iot_send_indication(444) > indicate_need_confirmed = 1
I (134006) [IoT] : es_msg_disassemble(268) > Send [0] [352] / [3888]
I (134006) [IoT] : iot_send_indication(444) > indicate_need_confirmed = 1
I (134103) [IoT] : es_msg_disassemble(268) > Send [0] [363] / [3888]
I (134104) [IoT] : iot_send_indication(444) > indicate_need_confirmed = 1
I (134201) [IoT] : es_msg_disassemble(268) > Send [0] [374] / [3888]
I (134201) [IoT] : iot_send_indication(444) > indicate_need_confirmed = 1
I (134298) [IoT] : es_msg_disassemble(268) > Send [0] [385] / [3888]
I (134299) [IoT] : iot_send_indication(444) > indicate_need_confirmed = 1
I (134396) [IoT] : es_msg_disassemble(268) > Send [0] [396] / [3888]
I (134396) [IoT] : iot_send_indication(444) > indicate_need_confirmed = 1
I (134493) [IoT] : es_msg_disassemble(268) > Send [0] [407] / [3888]
I (134494) [IoT] : iot_send_indication(444) > indicate_need_confirmed = 1
I (134591) [IoT] : es_msg_disassemble(268) > Send [0] [418] / [3888]
I (134591) [IoT] : iot_send_indication(444) > indicate_need_confirmed = 1
I (134688) [IoT] : es_msg_disassemble(268) > Send [0] [429] / [3888]
I (134689) [IoT] : iot_send_indication(444) > indicate_need_confirmed = 1
I (134786) [IoT] : es_msg_disassemble(268) > Send [0] [440] / [3888]
I (134787) [IoT] : iot_send_indication(444) > indicate_need_confirmed = 1
I (134884) [IoT] : es_msg_disassemble(268) > Send [0] [451] / [3888]
I (134884) [IoT] : iot_send_indication(444) > indicate_need_confirmed = 1
I (134981) [IoT] : es_msg_disassemble(268) > Send [0] [462] / [3888]
I (134982) [IoT] : iot_send_indication(444) > indicate_need_confirmed = 1
I (135078) [IoT] : es_msg_disassemble(268) > Send [0] [473] / [3888]
I (135079) [IoT] : iot_send_indication(444) > indicate_need_confirmed = 1
I (135176) [IoT] : es_msg_disassemble(268) > Send [0] [484] / [3888]
I (135176) [IoT] : iot_send_indication(444) > indicate_need_confirmed = 1
I (135273) [IoT] : es_msg_disassemble(268) > Send [0] [495] / [3888]
I (135274) [IoT] : iot_send_indication(444) > indicate_need_confirmed = 1
I (135371) [IoT] : es_msg_disassemble(268) > Send [0] [506] / [3888]
I (135371) [IoT] : iot_send_indication(444) > indicate_need_confirmed = 1
I (135468) [IoT] : es_msg_disassemble(268) > Send [0] [517] / [3888]
I (135469) [IoT] : iot_send_indication(444) > indicate_need_confirmed = 1
I (135566) [IoT] : es_msg_disassemble(268) > Send [0] [528] / [3888]
I (135566) [IoT] : iot_send_indication(444) > indicate_need_confirmed = 1
I (135663) [IoT] : es_msg_disassemble(268) > Send [0] [539] / [3888]
I (135664) [IoT] : iot_send_indication(444) > indicate_need_confirmed = 1
I (135761) [IoT] : es_msg_disassemble(268) > Send [0] [550] / [3888]
I (135761) [IoT] : iot_send_indication(444) > indicate_need_confirmed = 1
I (135907) [IoT] : es_msg_disassemble(268) > Send [0] [561] / [3888]
I (135907) [IoT] : iot_send_indication(444) > indicate_need_confirmed = 1
I (136005) [IoT] : es_msg_disassemble(268) > Send [0] [572] / [3888]
I (136005) [IoT] : iot_send_indication(444) > indicate_need_confirmed = 1
I (136102) [IoT] : es_msg_disassemble(268) > Send [0] [583] / [3888]
I (136103) [IoT] : iot_send_indication(444) > indicate_need_confirmed = 1
I (136200) [IoT] : es_msg_disassemble(268) > Send [0] [594] / [3888]
I (136200) [IoT] : iot_send_indication(444) > indicate_need_confirmed = 1
I (136297) [IoT] : es_msg_disassemble(268) > Send [0] [605] / [3888]
I (136298) [IoT] : iot_send_indication(444) > indicate_need_confirmed = 1
I (136395) [IoT] : es_msg_disassemble(268) > Send [0] [616] / [3888]
I (136395) [IoT] : iot_send_indication(444) > indicate_need_confirmed = 1
I (136492) [IoT] : es_msg_disassemble(268) > Send [0] [627] / [3888]
I (136493) [IoT] : iot_send_indication(444) > indicate_need_confirmed = 1
I (136590) [IoT] : es_msg_disassemble(268) > Send [0] [638] / [3888]
I (136590) [IoT] : iot_send_indication(444) > indicate_need_confirmed = 1
I (136687) [IoT] : es_msg_disassemble(268) > Send [0] [649] / [3888]
I (136688) [IoT] : iot_send_indication(444) > indicate_need_confirmed = 1
I (136785) [IoT] : es_msg_disassemble(268) > Send [0] [660] / [3888]
I (136785) [IoT] : iot_send_indication(444) > indicate_need_confirmed = 1
I (136882) [IoT] : es_msg_disassemble(268) > Send [0] [671] / [3888]
I (136883) [IoT] : iot_send_indication(444) > indicate_need_confirmed = 1
I (136980) [IoT] : es_msg_disassemble(268) > Send [0] [682] / [3888]
I (136980) [IoT] : iot_send_indication(444) > indicate_need_confirmed = 1
I (137077) [IoT] : es_msg_disassemble(268) > Send [0] [693] / [3888]
I (137078) [IoT] : iot_send_indication(444) > indicate_need_confirmed = 1
I (137175) [IoT] : es_msg_disassemble(268) > Send [0] [704] / [3888]
I (137175) [IoT] : iot_send_indication(444) > indicate_need_confirmed = 1
I (137272) [IoT] : es_msg_disassemble(268) > Send [0] [715] / [3888]
I (137273) [IoT] : iot_send_indication(444) > indicate_need_confirmed = 1
I (137370) [IoT] : es_msg_disassemble(268) > Send [0] [726] / [3888]
I (137370) [IoT] : iot_send_indication(444) > indicate_need_confirmed = 1
I (137467) [IoT] : es_msg_disassemble(268) > Send [0] [737] / [3888]
I (137468) [IoT] : iot_send_indication(444) > indicate_need_confirmed = 1
I (137565) [IoT] : es_msg_disassemble(268) > Send [0] [748] / [3888]
I (137565) [IoT] : iot_send_indication(444) > indicate_need_confirmed = 1
I (137662) [IoT] : es_msg_disassemble(268) > Send [0] [759] / [3888]
I (137663) [IoT] : iot_send_indication(444) > indicate_need_confirmed = 1
I (137760) [IoT] : es_msg_disassemble(268) > Send [0] [770] / [3888]
I (137760) [IoT] : iot_send_indication(444) > indicate_need_confirmed = 1
I (137857) [IoT] : es_msg_disassemble(268) > Send [0] [781] / [3888]
I (137858) [IoT] : iot_send_indication(444) > indicate_need_confirmed = 1
I (137955) [IoT] : es_msg_disassemble(268) > Send [0] [792] / [3888]
I (137955) [IoT] : iot_send_indication(444) > indicate_need_confirmed = 1
I (138052) [IoT] : es_msg_disassemble(268) > Send [0] [803] / [3888]
I (138053) [IoT] : iot_send_indication(444) > indicate_need_confirmed = 1
I (138150) [IoT] : es_msg_disassemble(268) > Send [0] [814] / [3888]
I (138150) [IoT] : iot_send_indication(444) > indicate_need_confirmed = 1
I (138247) [IoT] : es_msg_disassemble(268) > Send [0] [825] / [3888]
I (138248) [IoT] : iot_send_indication(444) > indicate_need_confirmed = 1
I (138345) [IoT] : es_msg_disassemble(268) > Send [0] [836] / [3888]
I (138345) [IoT] : iot_send_indication(444) > indicate_need_confirmed = 1
I (138442) [IoT] : es_msg_disassemble(268) > Send [0] [847] / [3888]
I (138443) [IoT] : iot_send_indication(444) > indicate_need_confirmed = 1
I (138540) [IoT] : es_msg_disassemble(268) > Send [0] [858] / [3888]
I (138540) [IoT] : iot_send_indication(444) > indicate_need_confirmed = 1
I (138637) [IoT] : es_msg_disassemble(268) > Send [0] [869] / [3888]
I (138638) [IoT] : iot_send_indication(444) > indicate_need_confirmed = 1
I (138735) [IoT] : es_msg_disassemble(268) > Send [0] [880] / [3888]
I (138736) [IoT] : iot_send_indication(444) > indicate_need_confirmed = 1
I (138832) [IoT] : es_msg_disassemble(268) > Send [0] [891] / [3888]
I (138833) [IoT] : iot_send_indication(444) > indicate_need_confirmed = 1
I (138930) [IoT] : es_msg_disassemble(268) > Send [0] [902] / [3888]
I (138930) [IoT] : iot_send_indication(444) > indicate_need_confirmed = 1
I (139027) [IoT] : es_msg_disassemble(268) > Send [0] [913] / [3888]
I (139028) [IoT] : iot_send_indication(444) > indicate_need_confirmed = 1
I (139125) [IoT] : es_msg_disassemble(268) > Send [0] [924] / [3888]
I (139125) [IoT] : iot_send_indication(444) > indicate_need_confirmed = 1
I (139222) [IoT] : es_msg_disassemble(268) > Send [0] [935] / [3888]
I (139223) [IoT] : iot_send_indication(444) > indicate_need_confirmed = 1
I (139320) [IoT] : es_msg_disassemble(268) > Send [0] [946] / [3888]
I (139320) [IoT] : iot_send_indication(444) > indicate_need_confirmed = 1
I (139417) [IoT] : es_msg_disassemble(268) > Send [0] [957] / [3888]
I (139418) [IoT] : iot_send_indication(444) > indicate_need_confirmed = 1
I (139515) [IoT] : es_msg_disassemble(268) > Send [0] [968] / [3888]
I (139515) [IoT] : iot_send_indication(444) > indicate_need_confirmed = 1
I (139612) [IoT] : es_msg_disassemble(268) > Send [0] [979] / [3888]
I (139613) [IoT] : iot_send_indication(444) > indicate_need_confirmed = 1
I (139710) [IoT] : es_msg_disassemble(268) > Send [0] [990] / [3888]
I (139710) [IoT] : iot_send_indication(444) > indicate_need_confirmed = 1
I (139807) [IoT] : es_msg_disassemble(268) > Send [0] [1001] / [3888]
I (139808) [IoT] : iot_send_indication(444) > indicate_need_confirmed = 1
I (139905) [IoT] : es_msg_disassemble(268) > Send [0] [1012] / [3888]
I (139905) [IoT] : iot_send_indication(444) > indicate_need_confirmed = 1
I (140002) [IoT] : es_msg_disassemble(268) > Send [0] [1023] / [3888]
I (140003) [IoT] : iot_send_indication(444) > indicate_need_confirmed = 1
I (140100) [IoT] : es_msg_disassemble(268) > Send [0] [1034] / [3888]
I (140100) [IoT] : iot_send_indication(444) > indicate_need_confirmed = 1
I (140197) [IoT] : es_msg_disassemble(268) > Send [0] [1045] / [3888]
I (140198) [IoT] : iot_send_indication(444) > indicate_need_confirmed = 1
I (140295) [IoT] : es_msg_disassemble(268) > Send [0] [1056] / [3888]
I (140295) [IoT] : iot_send_indication(444) > indicate_need_confirmed = 1
I (140392) [IoT] : es_msg_disassemble(268) > Send [0] [1067] / [3888]
I (140393) [IoT] : iot_send_indication(444) > indicate_need_confirmed = 1
I (140490) [IoT] : es_msg_disassemble(268) > Send [0] [1078] / [3888]
I (140490) [IoT] : iot_send_indication(444) > indicate_need_confirmed = 1
I (140587) [IoT] : es_msg_disassemble(268) > Send [0] [1089] / [3888]
I (140588) [IoT] : iot_send_indication(444) > indicate_need_confirmed = 1
I (140685) [IoT] : es_msg_disassemble(268) > Send [0] [1100] / [3888]
I (140685) [IoT] : iot_send_indication(444) > indicate_need_confirmed = 1
I (140782) [IoT] : es_msg_disassemble(268) > Send [0] [1111] / [3888]
I (140783) [IoT] : iot_send_indication(444) > indicate_need_confirmed = 1
I (140928) [IoT] : es_msg_disassemble(268) > Send [0] [1122] / [3888]
I (140928) [IoT] : iot_send_indication(444) > indicate_need_confirmed = 1
I (141026) [IoT] : es_msg_disassemble(268) > Send [0] [1133] / [3888]
I (141026) [IoT] : iot_send_indication(444) > indicate_need_confirmed = 1
I (141123) [IoT] : es_msg_disassemble(268) > Send [0] [1144] / [3888]
I (141124) [IoT] : iot_send_indication(444) > indicate_need_confirmed = 1
I (141221) [IoT] : es_msg_disassemble(268) > Send [0] [1155] / [3888]
I (141222) [IoT] : iot_send_indication(444) > indicate_need_confirmed = 1
I (141318) [IoT] : es_msg_disassemble(268) > Send [0] [1166] / [3888]
I (141319) [IoT] : iot_send_indication(444) > indicate_need_confirmed = 1
I (141416) [IoT] : es_msg_disassemble(268) > Send [0] [1177] / [3888]
I (141417) [IoT] : iot_send_indication(444) > indicate_need_confirmed = 1
I (141513) [IoT] : es_msg_disassemble(268) > Send [0] [1188] / [3888]
I (141514) [IoT] : iot_send_indication(444) > indicate_need_confirmed = 1
I (141611) [IoT] : es_msg_disassemble(268) > Send [0] [1199] / [3888]
I (141611) [IoT] : iot_send_indication(444) > indicate_need_confirmed = 1
I (141708) [IoT] : es_msg_disassemble(268) > Send [0] [1210] / [3888]
I (141709) [IoT] : iot_send_indication(444) > indicate_need_confirmed = 1
I (141806) [IoT] : es_msg_disassemble(268) > Send [0] [1221] / [3888]
I (141806) [IoT] : iot_send_indication(444) > indicate_need_confirmed = 1
I (141903) [IoT] : es_msg_disassemble(268) > Send [0] [1232] / [3888]
I (141904) [IoT] : iot_send_indication(444) > indicate_need_confirmed = 1
I (142001) [IoT] : es_msg_disassemble(268) > Send [0] [1243] / [3888]
I (142001) [IoT] : iot_send_indication(444) > indicate_need_confirmed = 1
I (142098) [IoT] : es_msg_disassemble(268) > Send [0] [1254] / [3888]
I (142099) [IoT] : iot_send_indication(444) > indicate_need_confirmed = 1
I (142196) [IoT] : es_msg_disassemble(268) > Send [0] [1265] / [3888]
I (142196) [IoT] : iot_send_indication(444) > indicate_need_confirmed = 1
I (142293) [IoT] : es_msg_disassemble(268) > Send [0] [1276] / [3888]
I (142294) [IoT] : iot_send_indication(444) > indicate_need_confirmed = 1
I (142391) [IoT] : es_msg_disassemble(268) > Send [0] [1287] / [3888]
I (142391) [IoT] : iot_send_indication(444) > indicate_need_confirmed = 1
I (142488) [IoT] : es_msg_disassemble(268) > Send [0] [1298] / [3888]
I (142489) [IoT] : iot_send_indication(444) > indicate_need_confirmed = 1
I (142586) [IoT] : es_msg_disassemble(268) > Send [0] [1309] / [3888]
I (142587) [IoT] : iot_send_indication(444) > indicate_need_confirmed = 1
I (142683) [IoT] : es_msg_disassemble(268) > Send [0] [1320] / [3888]
I (142684) [IoT] : iot_send_indication(444) > indicate_need_confirmed = 1
I (142781) [IoT] : es_msg_disassemble(268) > Send [0] [1331] / [3888]
I (142781) [IoT] : iot_send_indication(444) > indicate_need_confirmed = 1
I (142878) [IoT] : es_msg_disassemble(268) > Send [0] [1342] / [3888]
I (142879) [IoT] : iot_send_indication(444) > indicate_need_confirmed = 1
I (142976) [IoT] : es_msg_disassemble(268) > Send [0] [1353] / [3888]
I (142976) [IoT] : iot_send_indication(444) > indicate_need_confirmed = 1
I (143073) [IoT] : es_msg_disassemble(268) > Send [0] [1364] / [3888]
I (143074) [IoT] : iot_send_indication(444) > indicate_need_confirmed = 1
I (143171) [IoT] : es_msg_disassemble(268) > Send [0] [1375] / [3888]
I (143171) [IoT] : iot_send_indication(444) > indicate_need_confirmed = 1
I (143268) [IoT] : es_msg_disassemble(268) > Send [0] [1386] / [3888]
I (143269) [IoT] : iot_send_indication(444) > indicate_need_confirmed = 1
I (143414) [IoT] : es_msg_disassemble(268) > Send [0] [1397] / [3888]
I (143415) [IoT] : iot_send_indication(444) > indicate_need_confirmed = 1
I (143512) [IoT] : es_msg_disassemble(268) > Send [0] [1408] / [3888]
I (143513) [IoT] : iot_send_indication(444) > indicate_need_confirmed = 1
I (143610) [IoT] : es_msg_disassemble(268) > Send [0] [1419] / [3888]
I (143610) [IoT] : iot_send_indication(444) > indicate_need_confirmed = 1
I (143707) [IoT] : es_msg_disassemble(268) > Send [0] [1430] / [3888]
I (143708) [IoT] : iot_send_indication(444) > indicate_need_confirmed = 1
I (143805) [IoT] : es_msg_disassemble(268) > Send [0] [1441] / [3888]
I (143805) [IoT] : iot_send_indication(444) > indicate_need_confirmed = 1
I (143902) [IoT] : es_msg_disassemble(268) > Send [0] [1452] / [3888]
I (143903) [IoT] : iot_send_indication(444) > indicate_need_confirmed = 1
I (144000) [IoT] : es_msg_disassemble(268) > Send [0] [1463] / [3888]
I (144000) [IoT] : iot_send_indication(444) > indicate_need_confirmed = 1
I (144097) [IoT] : es_msg_disassemble(268) > Send [0] [1474] / [3888]
I (144098) [IoT] : iot_send_indication(444) > indicate_need_confirmed = 1
I (144195) [IoT] : es_msg_disassemble(268) > Send [0] [1485] / [3888]
I (144195) [IoT] : iot_send_indication(444) > indicate_need_confirmed = 1
I (144292) [IoT] : es_msg_disassemble(268) > Send [0] [1496] / [3888]
I (144293) [IoT] : iot_send_indication(444) > indicate_need_confirmed = 1
I (144390) [IoT] : es_msg_disassemble(268) > Send [0] [1507] / [3888]
I (144390) [IoT] : iot_send_indication(444) > indicate_need_confirmed = 1
I (144487) [IoT] : es_msg_disassemble(268) > Send [0] [1518] / [3888]
I (144488) [IoT] : iot_send_indication(444) > indicate_need_confirmed = 1
I (144585) [IoT] : es_msg_disassemble(268) > Send [0] [1529] / [3888]
I (144585) [IoT] : iot_send_indication(444) > indicate_need_confirmed = 1
I (144682) [IoT] : es_msg_disassemble(268) > Send [0] [1540] / [3888]
I (144683) [IoT] : iot_send_indication(444) > indicate_need_confirmed = 1
I (144780) [IoT] : es_msg_disassemble(268) > Send [0] [1551] / [3888]
I (144780) [IoT] : iot_send_indication(444) > indicate_need_confirmed = 1
I (144877) [IoT] : es_msg_disassemble(268) > Send [0] [1562] / [3888]
I (144878) [IoT] : iot_send_indication(444) > indicate_need_confirmed = 1
I (144975) [IoT] : es_msg_disassemble(268) > Send [0] [1573] / [3888]
I (144975) [IoT] : iot_send_indication(444) > indicate_need_confirmed = 1
I (145072) [IoT] : es_msg_disassemble(268) > Send [0] [1584] / [3888]
I (145073) [IoT] : iot_send_indication(444) > indicate_need_confirmed = 1
I (145170) [IoT] : es_msg_disassemble(268) > Send [0] [1595] / [3888]
I (145170) [IoT] : iot_send_indication(444) > indicate_need_confirmed = 1
I (145267) [IoT] : es_msg_disassemble(268) > Send [0] [1606] / [3888]
I (145268) [IoT] : iot_send_indication(444) > indicate_need_confirmed = 1
I (145365) [IoT] : es_msg_disassemble(268) > Send [0] [1617] / [3888]
I (145365) [IoT] : iot_send_indication(444) > indicate_need_confirmed = 1
I (145462) [IoT] : es_msg_disassemble(268) > Send [0] [1628] / [3888]
I (145463) [IoT] : iot_send_indication(444) > indicate_need_confirmed = 1
I (145560) [IoT] : es_msg_disassemble(268) > Send [0] [1639] / [3888]
I (145560) [IoT] : iot_send_indication(444) > indicate_need_confirmed = 1
I (145657) [IoT] : es_msg_disassemble(268) > Send [0] [1650] / [3888]
I (145658) [IoT] : iot_send_indication(444) > indicate_need_confirmed = 1
I (145755) [IoT] : es_msg_disassemble(268) > Send [0] [1661] / [3888]
I (145755) [IoT] : iot_send_indication(444) > indicate_need_confirmed = 1
I (145900) [IoT] : es_msg_disassemble(268) > Send [0] [1672] / [3888]
I (145901) [IoT] : iot_send_indication(444) > indicate_need_confirmed = 1
I (145998) [IoT] : es_msg_disassemble(268) > Send [0] [1683] / [3888]
I (145999) [IoT] : iot_send_indication(444) > indicate_need_confirmed = 1
I (146096) [IoT] : es_msg_disassemble(268) > Send [0] [1694] / [3888]
I (146096) [IoT] : iot_send_indication(444) > indicate_need_confirmed = 1
I (146193) [IoT] : es_msg_disassemble(268) > Send [0] [1705] / [3888]
I (146194) [IoT] : iot_send_indication(444) > indicate_need_confirmed = 1
I (146291) [IoT] : es_msg_disassemble(268) > Send [0] [1716] / [3888]
I (146291) [IoT] : iot_send_indication(444) > indicate_need_confirmed = 1
I (146388) [IoT] : es_msg_disassemble(268) > Send [0] [1727] / [3888]
I (146389) [IoT] : iot_send_indication(444) > indicate_need_confirmed = 1
I (146486) [IoT] : es_msg_disassemble(268) > Send [0] [1738] / [3888]
I (146486) [IoT] : iot_send_indication(444) > indicate_need_confirmed = 1
I (146583) [IoT] : es_msg_disassemble(268) > Send [0] [1749] / [3888]
I (146584) [IoT] : iot_send_indication(444) > indicate_need_confirmed = 1
I (146681) [IoT] : es_msg_disassemble(268) > Send [0] [1760] / [3888]
I (146681) [IoT] : iot_send_indication(444) > indicate_need_confirmed = 1
I (146778) [IoT] : es_msg_disassemble(268) > Send [0] [1771] / [3888]
I (146779) [IoT] : iot_send_indication(444) > indicate_need_confirmed = 1
I (146876) [IoT] : es_msg_disassemble(268) > Send [0] [1782] / [3888]
I (146876) [IoT] : iot_send_indication(444) > indicate_need_confirmed = 1
I (146973) [IoT] : es_msg_disassemble(268) > Send [0] [1793] / [3888]
I (146974) [IoT] : iot_send_indication(444) > indicate_need_confirmed = 1
I (147071) [IoT] : es_msg_disassemble(268) > Send [0] [1804] / [3888]
I (147071) [IoT] : iot_send_indication(444) > indicate_need_confirmed = 1
I (147168) [IoT] : es_msg_disassemble(268) > Send [0] [1815] / [3888]
I (147169) [IoT] : iot_send_indication(444) > indicate_need_confirmed = 1
I (147266) [IoT] : es_msg_disassemble(268) > Send [0] [1826] / [3888]
I (147266) [IoT] : iot_send_indication(444) > indicate_need_confirmed = 1
I (147363) [IoT] : es_msg_disassemble(268) > Send [0] [1837] / [3888]
I (147364) [IoT] : iot_send_indication(444) > indicate_need_confirmed = 1
I (147461) [IoT] : es_msg_disassemble(268) > Send [0] [1848] / [3888]
I (147461) [IoT] : iot_send_indication(444) > indicate_need_confirmed = 1
I (147558) [IoT] : es_msg_disassemble(268) > Send [0] [1859] / [3888]
I (147559) [IoT] : iot_send_indication(444) > indicate_need_confirmed = 1
I (147656) [IoT] : es_msg_disassemble(268) > Send [0] [1870] / [3888]
I (147656) [IoT] : iot_send_indication(444) > indicate_need_confirmed = 1
I (147753) [IoT] : es_msg_disassemble(268) > Send [0] [1881] / [3888]
I (147754) [IoT] : iot_send_indication(444) > indicate_need_confirmed = 1
I (147851) [IoT] : es_msg_disassemble(268) > Send [0] [1892] / [3888]
I (147851) [IoT] : iot_send_indication(444) > indicate_need_confirmed = 1
I (147948) [IoT] : es_msg_disassemble(268) > Send [0] [1903] / [3888]
I (147949) [IoT] : iot_send_indication(444) > indicate_need_confirmed = 1
I (148046) [IoT] : es_msg_disassemble(268) > Send [0] [1914] / [3888]
I (148046) [IoT] : iot_send_indication(444) > indicate_need_confirmed = 1
I (148143) [IoT] : es_msg_disassemble(268) > Send [0] [1925] / [3888]
I (148144) [IoT] : iot_send_indication(444) > indicate_need_confirmed = 1
I (148241) [IoT] : es_msg_disassemble(268) > Send [0] [1936] / [3888]
I (148241) [IoT] : iot_send_indication(444) > indicate_need_confirmed = 1
I (148338) [IoT] : es_msg_disassemble(268) > Send [0] [1947] / [3888]
I (148339) [IoT] : iot_send_indication(444) > indicate_need_confirmed = 1
I (148436) [IoT] : es_msg_disassemble(268) > Send [0] [1958] / [3888]
I (148437) [IoT] : iot_send_indication(444) > indicate_need_confirmed = 1
I (148534) [IoT] : es_msg_disassemble(268) > Send [0] [1969] / [3888]
I (148534) [IoT] : iot_send_indication(444) > indicate_need_confirmed = 1
I (148631) [IoT] : es_msg_disassemble(268) > Send [0] [1980] / [3888]
I (148631) [IoT] : iot_send_indication(444) > indicate_need_confirmed = 1
I (148728) [IoT] : es_msg_disassemble(268) > Send [0] [1991] / [3888]
I (148729) [IoT] : iot_send_indication(444) > indicate_need_confirmed = 1
I (148826) [IoT] : es_msg_disassemble(268) > Send [0] [2002] / [3888]
I (148826) [IoT] : iot_send_indication(444) > indicate_need_confirmed = 1
I (148923) [IoT] : es_msg_disassemble(268) > Send [0] [2013] / [3888]
I (148924) [IoT] : iot_send_indication(444) > indicate_need_confirmed = 1
I (149021) [IoT] : es_msg_disassemble(268) > Send [0] [2024] / [3888]
I (149021) [IoT] : iot_send_indication(444) > indicate_need_confirmed = 1
I (149118) [IoT] : es_msg_disassemble(268) > Send [0] [2035] / [3888]
I (149119) [IoT] : iot_send_indication(444) > indicate_need_confirmed = 1
I (149216) [IoT] : es_msg_disassemble(268) > Send [0] [2046] / [3888]
I (149216) [IoT] : iot_send_indication(444) > indicate_need_confirmed = 1
I (149313) [IoT] : es_msg_disassemble(268) > Send [0] [2057] / [3888]
I (149314) [IoT] : iot_send_indication(444) > indicate_need_confirmed = 1
I (149411) [IoT] : es_msg_disassemble(268) > Send [0] [2068] / [3888]
I (149411) [IoT] : iot_send_indication(444) > indicate_need_confirmed = 1
I (149508) [IoT] : es_msg_disassemble(268) > Send [0] [2079] / [3888]
I (149509) [IoT] : iot_send_indication(444) > indicate_need_confirmed = 1
I (149606) [IoT] : es_msg_disassemble(268) > Send [0] [2090] / [3888]
I (149606) [IoT] : iot_send_indication(444) > indicate_need_confirmed = 1
I (149703) [IoT] : es_msg_disassemble(268) > Send [0] [2101] / [3888]
I (149704) [IoT] : iot_send_indication(444) > indicate_need_confirmed = 1
I (149801) [IoT] : es_msg_disassemble(268) > Send [0] [2112] / [3888]
I (149801) [IoT] : iot_send_indication(444) > indicate_need_confirmed = 1
I (149898) [IoT] : es_msg_disassemble(268) > Send [0] [2123] / [3888]
I (149899) [IoT] : iot_send_indication(444) > indicate_need_confirmed = 1
I (149996) [IoT] : es_msg_disassemble(268) > Send [0] [2134] / [3888]
I (149996) [IoT] : iot_send_indication(444) > indicate_need_confirmed = 1
I (150093) [IoT] : es_msg_disassemble(268) > Send [0] [2145] / [3888]
I (150094) [IoT] : iot_send_indication(444) > indicate_need_confirmed = 1
I (150191) [IoT] : es_msg_disassemble(268) > Send [0] [2156] / [3888]
I (150191) [IoT] : iot_send_indication(444) > indicate_need_confirmed = 1
I (150288) [IoT] : es_msg_disassemble(268) > Send [0] [2167] / [3888]
I (150289) [IoT] : iot_send_indication(444) > indicate_need_confirmed = 1
I (150386) [IoT] : es_msg_disassemble(268) > Send [0] [2178] / [3888]
I (150386) [IoT] : iot_send_indication(444) > indicate_need_confirmed = 1
I (150483) [IoT] : es_msg_disassemble(268) > Send [0] [2189] / [3888]
I (150484) [IoT] : iot_send_indication(444) > indicate_need_confirmed = 1
I (150581) [IoT] : es_msg_disassemble(268) > Send [0] [2200] / [3888]
I (150581) [IoT] : iot_send_indication(444) > indicate_need_confirmed = 1
I (150678) [IoT] : es_msg_disassemble(268) > Send [0] [2211] / [3888]
I (150679) [IoT] : iot_send_indication(444) > indicate_need_confirmed = 1
I (150776) [IoT] : es_msg_disassemble(268) > Send [0] [2222] / [3888]
I (150776) [IoT] : iot_send_indication(444) > indicate_need_confirmed = 1
I (150922) [IoT] : es_msg_disassemble(268) > Send [0] [2233] / [3888]
I (150922) [IoT] : iot_send_indication(444) > indicate_need_confirmed = 1
I (151020) [IoT] : es_msg_disassemble(268) > Send [0] [2244] / [3888]
I (151020) [IoT] : iot_send_indication(444) > indicate_need_confirmed = 1
I (151117) [IoT] : es_msg_disassemble(268) > Send [0] [2255] / [3888]
I (151118) [IoT] : iot_send_indication(444) > indicate_need_confirmed = 1
I (151215) [IoT] : es_msg_disassemble(268) > Send [0] [2266] / [3888]
I (151215) [IoT] : iot_send_indication(444) > indicate_need_confirmed = 1
I (151312) [IoT] : es_msg_disassemble(268) > Send [0] [2277] / [3888]
I (151313) [IoT] : iot_send_indication(444) > indicate_need_confirmed = 1
I (151410) [IoT] : es_msg_disassemble(268) > Send [0] [2288] / [3888]
I (151410) [IoT] : iot_send_indication(444) > indicate_need_confirmed = 1
I (151507) [IoT] : es_msg_disassemble(268) > Send [0] [2299] / [3888]
I (151507) [IoT] : iot_send_indication(444) > indicate_need_confirmed = 1
I (151605) [IoT] : es_msg_disassemble(268) > Send [0] [2310] / [3888]
I (151605) [IoT] : iot_send_indication(444) > indicate_need_confirmed = 1
I (151702) [IoT] : es_msg_disassemble(268) > Send [0] [2321] / [3888]
I (151703) [IoT] : iot_send_indication(444) > indicate_need_confirmed = 1
I (151800) [IoT] : es_msg_disassemble(268) > Send [0] [2332] / [3888]
I (151800) [IoT] : iot_send_indication(444) > indicate_need_confirmed = 1
I (151897) [IoT] : es_msg_disassemble(268) > Send [0] [2343] / [3888]
I (151898) [IoT] : iot_send_indication(444) > indicate_need_confirmed = 1
I (151995) [IoT] : es_msg_disassemble(268) > Send [0] [2354] / [3888]
I (151995) [IoT] : iot_send_indication(444) > indicate_need_confirmed = 1
I (152092) [IoT] : es_msg_disassemble(268) > Send [0] [2365] / [3888]
I (152093) [IoT] : iot_send_indication(444) > indicate_need_confirmed = 1
I (152190) [IoT] : es_msg_disassemble(268) > Send [0] [2376] / [3888]
I (152190) [IoT] : iot_send_indication(444) > indicate_need_confirmed = 1
I (152287) [IoT] : es_msg_disassemble(268) > Send [0] [2387] / [3888]
I (152288) [IoT] : iot_send_indication(444) > indicate_need_confirmed = 1
I (152385) [IoT] : es_msg_disassemble(268) > Send [0] [2398] / [3888]
I (152385) [IoT] : iot_send_indication(444) > indicate_need_confirmed = 1
I (152482) [IoT] : es_msg_disassemble(268) > Send [0] [2409] / [3888]
I (152483) [IoT] : iot_send_indication(444) > indicate_need_confirmed = 1
I (152580) [IoT] : es_msg_disassemble(268) > Send [0] [2420] / [3888]
I (152580) [IoT] : iot_send_indication(444) > indicate_need_confirmed = 1
I (152677) [IoT] : es_msg_disassemble(268) > Send [0] [2431] / [3888]
I (152678) [IoT] : iot_send_indication(444) > indicate_need_confirmed = 1
I (152775) [IoT] : es_msg_disassemble(268) > Send [0] [2442] / [3888]
I (152775) [IoT] : iot_send_indication(444) > indicate_need_confirmed = 1
I (152872) [IoT] : es_msg_disassemble(268) > Send [0] [2453] / [3888]
I (152873) [IoT] : iot_send_indication(444) > indicate_need_confirmed = 1
I (152970) [IoT] : es_msg_disassemble(268) > Send [0] [2464] / [3888]
I (152970) [IoT] : iot_send_indication(444) > indicate_need_confirmed = 1
I (153067) [IoT] : es_msg_disassemble(268) > Send [0] [2475] / [3888]
I (153068) [IoT] : iot_send_indication(444) > indicate_need_confirmed = 1
I (153165) [IoT] : es_msg_disassemble(268) > Send [0] [2486] / [3888]
I (153165) [IoT] : iot_send_indication(444) > indicate_need_confirmed = 1
I (153262) [IoT] : es_msg_disassemble(268) > Send [0] [2497] / [3888]
I (153263) [IoT] : iot_send_indication(444) > indicate_need_confirmed = 1
I (153408) [IoT] : es_msg_disassemble(268) > Send [0] [2508] / [3888]
I (153408) [IoT] : iot_send_indication(444) > indicate_need_confirmed = 1
I (153506) [IoT] : es_msg_disassemble(268) > Send [0] [2519] / [3888]
I (153506) [IoT] : iot_send_indication(444) > indicate_need_confirmed = 1
I (153603) [IoT] : es_msg_disassemble(268) > Send [0] [2530] / [3888]
I (153604) [IoT] : iot_send_indication(444) > indicate_need_confirmed = 1
I (153701) [IoT] : es_msg_disassemble(268) > Send [0] [2541] / [3888]
I (153701) [IoT] : iot_send_indication(444) > indicate_need_confirmed = 1
I (153798) [IoT] : es_msg_disassemble(268) > Send [0] [2552] / [3888]
I (153799) [IoT] : iot_send_indication(444) > indicate_need_confirmed = 1
I (153896) [IoT] : es_msg_disassemble(268) > Send [0] [2563] / [3888]
I (153896) [IoT] : iot_send_indication(444) > indicate_need_confirmed = 1
I (153993) [IoT] : es_msg_disassemble(268) > Send [0] [2574] / [3888]
I (153994) [IoT] : iot_send_indication(444) > indicate_need_confirmed = 1
I (154091) [IoT] : es_msg_disassemble(268) > Send [0] [2585] / [3888]
I (154091) [IoT] : iot_send_indication(444) > indicate_need_confirmed = 1
I (154188) [IoT] : es_msg_disassemble(268) > Send [0] [2596] / [3888]
I (154189) [IoT] : iot_send_indication(444) > indicate_need_confirmed = 1
I (154286) [IoT] : es_msg_disassemble(268) > Send [0] [2607] / [3888]
I (154286) [IoT] : iot_send_indication(444) > indicate_need_confirmed = 1
I (154383) [IoT] : es_msg_disassemble(268) > Send [0] [2618] / [3888]
I (154384) [IoT] : iot_send_indication(444) > indicate_need_confirmed = 1
I (154481) [IoT] : es_msg_disassemble(268) > Send [0] [2629] / [3888]
I (154481) [IoT] : iot_send_indication(444) > indicate_need_confirmed = 1
I (154578) [IoT] : es_msg_disassemble(268) > Send [0] [2640] / [3888]
I (154579) [IoT] : iot_send_indication(444) > indicate_need_confirmed = 1
I (154676) [IoT] : es_msg_disassemble(268) > Send [0] [2651] / [3888]
I (154676) [IoT] : iot_send_indication(444) > indicate_need_confirmed = 1
I (154773) [IoT] : es_msg_disassemble(268) > Send [0] [2662] / [3888]
I (154774) [IoT] : iot_send_indication(444) > indicate_need_confirmed = 1
I (154871) [IoT] : es_msg_disassemble(268) > Send [0] [2673] / [3888]
I (154871) [IoT] : iot_send_indication(444) > indicate_need_confirmed = 1
I (154968) [IoT] : es_msg_disassemble(268) > Send [0] [2684] / [3888]
I (154969) [IoT] : iot_send_indication(444) > indicate_need_confirmed = 1
I (155066) [IoT] : es_msg_disassemble(268) > Send [0] [2695] / [3888]
I (155066) [IoT] : iot_send_indication(444) > indicate_need_confirmed = 1
I (155163) [IoT] : es_msg_disassemble(268) > Send [0] [2706] / [3888]
I (155164) [IoT] : iot_send_indication(444) > indicate_need_confirmed = 1
I (155261) [IoT] : es_msg_disassemble(268) > Send [0] [2717] / [3888]
I (155261) [IoT] : iot_send_indication(444) > indicate_need_confirmed = 1
I (155358) [IoT] : es_msg_disassemble(268) > Send [0] [2728] / [3888]
I (155359) [IoT] : iot_send_indication(444) > indicate_need_confirmed = 1
I (155456) [IoT] : es_msg_disassemble(268) > Send [0] [2739] / [3888]
I (155456) [IoT] : iot_send_indication(444) > indicate_need_confirmed = 1
I (155553) [IoT] : es_msg_disassemble(268) > Send [0] [2750] / [3888]
I (155554) [IoT] : iot_send_indication(444) > indicate_need_confirmed = 1
I (155651) [IoT] : es_msg_disassemble(268) > Send [0] [2761] / [3888]
I (155651) [IoT] : iot_send_indication(444) > indicate_need_confirmed = 1
I (155748) [IoT] : es_msg_disassemble(268) > Send [0] [2772] / [3888]
I (155749) [IoT] : iot_send_indication(444) > indicate_need_confirmed = 1
I (155846) [IoT] : es_msg_disassemble(268) > Send [0] [2783] / [3888]
I (155846) [IoT] : iot_send_indication(444) > indicate_need_confirmed = 1
I (155943) [IoT] : es_msg_disassemble(268) > Send [0] [2794] / [3888]
I (155944) [IoT] : iot_send_indication(444) > indicate_need_confirmed = 1
I (156041) [IoT] : es_msg_disassemble(268) > Send [0] [2805] / [3888]
I (156041) [IoT] : iot_send_indication(444) > indicate_need_confirmed = 1
I (156138) [IoT] : es_msg_disassemble(268) > Send [0] [2816] / [3888]
I (156139) [IoT] : iot_send_indication(444) > indicate_need_confirmed = 1
I (156236) [IoT] : es_msg_disassemble(268) > Send [0] [2827] / [3888]
I (156237) [IoT] : iot_send_indication(444) > indicate_need_confirmed = 1
I (156333) [IoT] : es_msg_disassemble(268) > Send [0] [2838] / [3888]
I (156334) [IoT] : iot_send_indication(444) > indicate_need_confirmed = 1
I (156431) [IoT] : es_msg_disassemble(268) > Send [0] [2849] / [3888]
I (156431) [IoT] : iot_send_indication(444) > indicate_need_confirmed = 1
I (156528) [IoT] : es_msg_disassemble(268) > Send [0] [2860] / [3888]
I (156529) [IoT] : iot_send_indication(444) > indicate_need_confirmed = 1
I (156626) [IoT] : es_msg_disassemble(268) > Send [0] [2871] / [3888]
I (156626) [IoT] : iot_send_indication(444) > indicate_need_confirmed = 1
I (156723) [IoT] : es_msg_disassemble(268) > Send [0] [2882] / [3888]
I (156724) [IoT] : iot_send_indication(444) > indicate_need_confirmed = 1
I (156821) [IoT] : es_msg_disassemble(268) > Send [0] [2893] / [3888]
I (156821) [IoT] : iot_send_indication(444) > indicate_need_confirmed = 1
I (156918) [IoT] : es_msg_disassemble(268) > Send [0] [2904] / [3888]
I (156919) [IoT] : iot_send_indication(444) > indicate_need_confirmed = 1
I (157016) [IoT] : es_msg_disassemble(268) > Send [0] [2915] / [3888]
I (157016) [IoT] : iot_send_indication(444) > indicate_need_confirmed = 1
I (157113) [IoT] : es_msg_disassemble(268) > Send [0] [2926] / [3888]
I (157114) [IoT] : iot_send_indication(444) > indicate_need_confirmed = 1
I (157211) [IoT] : es_msg_disassemble(268) > Send [0] [2937] / [3888]
I (157211) [IoT] : iot_send_indication(444) > indicate_need_confirmed = 1
I (157308) [IoT] : es_msg_disassemble(268) > Send [0] [2948] / [3888]
I (157309) [IoT] : iot_send_indication(444) > indicate_need_confirmed = 1
I (157406) [IoT] : es_msg_disassemble(268) > Send [0] [2959] / [3888]
I (157406) [IoT] : iot_send_indication(444) > indicate_need_confirmed = 1
I (157503) [IoT] : es_msg_disassemble(268) > Send [0] [2970] / [3888]
I (157504) [IoT] : iot_send_indication(444) > indicate_need_confirmed = 1
I (157601) [IoT] : es_msg_disassemble(268) > Send [0] [2981] / [3888]
I (157601) [IoT] : iot_send_indication(444) > indicate_need_confirmed = 1
I (157698) [IoT] : es_msg_disassemble(268) > Send [0] [2992] / [3888]
I (157699) [IoT] : iot_send_indication(444) > indicate_need_confirmed = 1
I (157796) [IoT] : es_msg_disassemble(268) > Send [0] [3003] / [3888]
I (157796) [IoT] : iot_send_indication(444) > indicate_need_confirmed = 1
I (157893) [IoT] : es_msg_disassemble(268) > Send [0] [3014] / [3888]
I (157894) [IoT] : iot_send_indication(444) > indicate_need_confirmed = 1
I (157991) [IoT] : es_msg_disassemble(268) > Send [0] [3025] / [3888]
I (157991) [IoT] : iot_send_indication(444) > indicate_need_confirmed = 1
I (158088) [IoT] : es_msg_disassemble(268) > Send [0] [3036] / [3888]
I (158089) [IoT] : iot_send_indication(444) > indicate_need_confirmed = 1
I (158186) [IoT] : es_msg_disassemble(268) > Send [0] [3047] / [3888]
I (158186) [IoT] : iot_send_indication(444) > indicate_need_confirmed = 1
I (158283) [IoT] : es_msg_disassemble(268) > Send [0] [3058] / [3888]
I (158284) [IoT] : iot_send_indication(444) > indicate_need_confirmed = 1
I (158429) [IoT] : es_msg_disassemble(268) > Send [0] [3069] / [3888]
I (158430) [IoT] : iot_send_indication(444) > indicate_need_confirmed = 1
I (158527) [IoT] : es_msg_disassemble(268) > Send [0] [3080] / [3888]
I (158527) [IoT] : iot_send_indication(444) > indicate_need_confirmed = 1
I (158625) [IoT] : es_msg_disassemble(268) > Send [0] [3091] / [3888]
I (158625) [IoT] : iot_send_indication(444) > indicate_need_confirmed = 1
I (158722) [IoT] : es_msg_disassemble(268) > Send [0] [3102] / [3888]
I (158723) [IoT] : iot_send_indication(444) > indicate_need_confirmed = 1
I (158820) [IoT] : es_msg_disassemble(268) > Send [0] [3113] / [3888]
I (158820) [IoT] : iot_send_indication(444) > indicate_need_confirmed = 1
I (158917) [IoT] : es_msg_disassemble(268) > Send [0] [3124] / [3888]
I (158918) [IoT] : iot_send_indication(444) > indicate_need_confirmed = 1
I (159014) [IoT] : es_msg_disassemble(268) > Send [0] [3135] / [3888]
I (159015) [IoT] : iot_send_indication(444) > indicate_need_confirmed = 1
I (159112) [IoT] : es_msg_disassemble(268) > Send [0] [3146] / [3888]
I (159112) [IoT] : iot_send_indication(444) > indicate_need_confirmed = 1
I (159209) [IoT] : es_msg_disassemble(268) > Send [0] [3157] / [3888]
I (159210) [IoT] : iot_send_indication(444) > indicate_need_confirmed = 1
I (159307) [IoT] : es_msg_disassemble(268) > Send [0] [3168] / [3888]
I (159307) [IoT] : iot_send_indication(444) > indicate_need_confirmed = 1
I (159404) [IoT] : es_msg_disassemble(268) > Send [0] [3179] / [3888]
I (159405) [IoT] : iot_send_indication(444) > indicate_need_confirmed = 1
I (159502) [IoT] : es_msg_disassemble(268) > Send [0] [3190] / [3888]
I (159503) [IoT] : iot_send_indication(444) > indicate_need_confirmed = 1
I (159599) [IoT] : es_msg_disassemble(268) > Send [0] [3201] / [3888]
I (159600) [IoT] : iot_send_indication(444) > indicate_need_confirmed = 1
I (159697) [IoT] : es_msg_disassemble(268) > Send [0] [3212] / [3888]
I (159697) [IoT] : iot_send_indication(444) > indicate_need_confirmed = 1
I (159794) [IoT] : es_msg_disassemble(268) > Send [0] [3223] / [3888]
I (159795) [IoT] : iot_send_indication(444) > indicate_need_confirmed = 1
I (159892) [IoT] : es_msg_disassemble(268) > Send [0] [3234] / [3888]
I (159893) [IoT] : iot_send_indication(444) > indicate_need_confirmed = 1
I (159990) [IoT] : es_msg_disassemble(268) > Send [0] [3245] / [3888]
I (159990) [IoT] : iot_send_indication(444) > indicate_need_confirmed = 1
I (160087) [IoT] : es_msg_disassemble(268) > Send [0] [3256] / [3888]
I (160088) [IoT] : iot_send_indication(444) > indicate_need_confirmed = 1
I (160184) [IoT] : es_msg_disassemble(268) > Send [0] [3267] / [3888]
I (160185) [IoT] : iot_send_indication(444) > indicate_need_confirmed = 1
I (160282) [IoT] : es_msg_disassemble(268) > Send [0] [3278] / [3888]
I (160283) [IoT] : iot_send_indication(444) > indicate_need_confirmed = 1
I (160380) [IoT] : es_msg_disassemble(268) > Send [0] [3289] / [3888]
I (160380) [IoT] : iot_send_indication(444) > indicate_need_confirmed = 1
I (160477) [IoT] : es_msg_disassemble(268) > Send [0] [3300] / [3888]
I (160477) [IoT] : iot_send_indication(444) > indicate_need_confirmed = 1
I (160574) [IoT] : es_msg_disassemble(268) > Send [0] [3311] / [3888]
I (160575) [IoT] : iot_send_indication(444) > indicate_need_confirmed = 1
I (160672) [IoT] : es_msg_disassemble(268) > Send [0] [3322] / [3888]
I (160673) [IoT] : iot_send_indication(444) > indicate_need_confirmed = 1
I (160770) [IoT] : es_msg_disassemble(268) > Send [0] [3333] / [3888]
I (160770) [IoT] : iot_send_indication(444) > indicate_need_confirmed = 1
I (160915) [IoT] : es_msg_disassemble(268) > Send [0] [3344] / [3888]
I (160916) [IoT] : iot_send_indication(444) > indicate_need_confirmed = 1
I (161013) [IoT] : es_msg_disassemble(268) > Send [0] [3355] / [3888]
I (161014) [IoT] : iot_send_indication(444) > indicate_need_confirmed = 1
I (161111) [IoT] : es_msg_disassemble(268) > Send [0] [3366] / [3888]
I (161111) [IoT] : iot_send_indication(444) > indicate_need_confirmed = 1
I (161208) [IoT] : es_msg_disassemble(268) > Send [0] [3377] / [3888]
I (161209) [IoT] : iot_send_indication(444) > indicate_need_confirmed = 1
I (161306) [IoT] : es_msg_disassemble(268) > Send [0] [3388] / [3888]
I (161306) [IoT] : iot_send_indication(444) > indicate_need_confirmed = 1
I (161403) [IoT] : es_msg_disassemble(268) > Send [0] [3399] / [3888]
I (161404) [IoT] : iot_send_indication(444) > indicate_need_confirmed = 1
I (161501) [IoT] : es_msg_disassemble(268) > Send [0] [3410] / [3888]
I (161501) [IoT] : iot_send_indication(444) > indicate_need_confirmed = 1
I (161598) [IoT] : es_msg_disassemble(268) > Send [0] [3421] / [3888]
I (161599) [IoT] : iot_send_indication(444) > indicate_need_confirmed = 1
I (161696) [IoT] : es_msg_disassemble(268) > Send [0] [3432] / [3888]
I (161696) [IoT] : iot_send_indication(444) > indicate_need_confirmed = 1
I (161793) [IoT] : es_msg_disassemble(268) > Send [0] [3443] / [3888]
I (161794) [IoT] : iot_send_indication(444) > indicate_need_confirmed = 1
I (161891) [IoT] : es_msg_disassemble(268) > Send [0] [3454] / [3888]
I (161891) [IoT] : iot_send_indication(444) > indicate_need_confirmed = 1
I (161988) [IoT] : es_msg_disassemble(268) > Send [0] [3465] / [3888]
I (161989) [IoT] : iot_send_indication(444) > indicate_need_confirmed = 1
I (162086) [IoT] : es_msg_disassemble(268) > Send [0] [3476] / [3888]
I (162086) [IoT] : iot_send_indication(444) > indicate_need_confirmed = 1
I (162183) [IoT] : es_msg_disassemble(268) > Send [0] [3487] / [3888]
I (162184) [IoT] : iot_send_indication(444) > indicate_need_confirmed = 1
I (162281) [IoT] : es_msg_disassemble(268) > Send [0] [3498] / [3888]
I (162281) [IoT] : iot_send_indication(444) > indicate_need_confirmed = 1
I (162378) [IoT] : es_msg_disassemble(268) > Send [0] [3509] / [3888]
I (162379) [IoT] : iot_send_indication(444) > indicate_need_confirmed = 1
I (162476) [IoT] : es_msg_disassemble(268) > Send [0] [3520] / [3888]
I (162476) [IoT] : iot_send_indication(444) > indicate_need_confirmed = 1
I (162573) [IoT] : es_msg_disassemble(268) > Send [0] [3531] / [3888]
I (162574) [IoT] : iot_send_indication(444) > indicate_need_confirmed = 1
I (162671) [IoT] : es_msg_disassemble(268) > Send [0] [3542] / [3888]
I (162671) [IoT] : iot_send_indication(444) > indicate_need_confirmed = 1
I (162768) [IoT] : es_msg_disassemble(268) > Send [0] [3553] / [3888]
I (162769) [IoT] : iot_send_indication(444) > indicate_need_confirmed = 1
I (162866) [IoT] : es_msg_disassemble(268) > Send [0] [3564] / [3888]
I (162866) [IoT] : iot_send_indication(444) > indicate_need_confirmed = 1
I (162963) [IoT] : es_msg_disassemble(268) > Send [0] [3575] / [3888]
I (162964) [IoT] : iot_send_indication(444) > indicate_need_confirmed = 1
I (163061) [IoT] : es_msg_disassemble(268) > Send [0] [3586] / [3888]
I (163061) [IoT] : iot_send_indication(444) > indicate_need_confirmed = 1
I (163158) [IoT] : es_msg_disassemble(268) > Send [0] [3597] / [3888]
I (163159) [IoT] : iot_send_indication(444) > indicate_need_confirmed = 1
I (163256) [IoT] : es_msg_disassemble(268) > Send [0] [3608] / [3888]
I (163256) [IoT] : iot_send_indication(444) > indicate_need_confirmed = 1
I (163401) [IoT] : es_msg_disassemble(268) > Send [0] [3619] / [3888]
I (163402) [IoT] : iot_send_indication(444) > indicate_need_confirmed = 1
I (163499) [IoT] : es_msg_disassemble(268) > Send [0] [3630] / [3888]
I (163500) [IoT] : iot_send_indication(444) > indicate_need_confirmed = 1
I (163597) [IoT] : es_msg_disassemble(268) > Send [0] [3641] / [3888]
I (163597) [IoT] : iot_send_indication(444) > indicate_need_confirmed = 1
I (163695) [IoT] : es_msg_disassemble(268) > Send [0] [3652] / [3888]
I (163695) [IoT] : iot_send_indication(444) > indicate_need_confirmed = 1
I (163792) [IoT] : es_msg_disassemble(268) > Send [0] [3663] / [3888]
I (163793) [IoT] : iot_send_indication(444) > indicate_need_confirmed = 1
I (163890) [IoT] : es_msg_disassemble(268) > Send [0] [3674] / [3888]
I (163890) [IoT] : iot_send_indication(444) > indicate_need_confirmed = 1
I (163987) [IoT] : es_msg_disassemble(268) > Send [0] [3685] / [3888]
I (163988) [IoT] : iot_send_indication(444) > indicate_need_confirmed = 1
I (164084) [IoT] : es_msg_disassemble(268) > Send [0] [3696] / [3888]
I (164085) [IoT] : iot_send_indication(444) > indicate_need_confirmed = 1
I (164182) [IoT] : es_msg_disassemble(268) > Send [0] [3707] / [3888]
I (164183) [IoT] : iot_send_indication(444) > indicate_need_confirmed = 1
I (164279) [IoT] : es_msg_disassemble(268) > Send [0] [3718] / [3888]
I (164280) [IoT] : iot_send_indication(444) > indicate_need_confirmed = 1
I (164377) [IoT] : es_msg_disassemble(268) > Send [0] [3729] / [3888]
I (164377) [IoT] : iot_send_indication(444) > indicate_need_confirmed = 1
I (164475) [IoT] : es_msg_disassemble(268) > Send [0] [3740] / [3888]
I (164475) [IoT] : iot_send_indication(444) > indicate_need_confirmed = 1
I (164572) [IoT] : es_msg_disassemble(268) > Send [0] [3751] / [3888]
I (164572) [IoT] : iot_send_indication(444) > indicate_need_confirmed = 1
I (164669) [IoT] : es_msg_disassemble(268) > Send [0] [3762] / [3888]
I (164670) [IoT] : iot_send_indication(444) > indicate_need_confirmed = 1
I (164767) [IoT] : es_msg_disassemble(268) > Send [0] [3773] / [3888]
I (164767) [IoT] : iot_send_indication(444) > indicate_need_confirmed = 1
I (164865) [IoT] : es_msg_disassemble(268) > Send [0] [3784] / [3888]
I (164865) [IoT] : iot_send_indication(444) > indicate_need_confirmed = 1
I (164962) [IoT] : es_msg_disassemble(268) > Send [0] [3795] / [3888]
I (164962) [IoT] : iot_send_indication(444) > indicate_need_confirmed = 1
I (165059) [IoT] : es_msg_disassemble(268) > Send [0] [3806] / [3888]
I (165060) [IoT] : iot_send_indication(444) > indicate_need_confirmed = 1
I (165157) [IoT] : es_msg_disassemble(268) > Send [0] [3817] / [3888]
I (165158) [IoT] : iot_send_indication(444) > indicate_need_confirmed = 1
I (165255) [IoT] : es_msg_disassemble(268) > Send [0] [3828] / [3888]
I (165255) [IoT] : iot_send_indication(444) > indicate_need_confirmed = 1
I (165352) [IoT] : es_msg_disassemble(268) > Send [0] [3839] / [3888]
I (165353) [IoT] : iot_send_indication(444) > indicate_need_confirmed = 1
I (165449) [IoT] : es_msg_disassemble(268) > Send [0] [3850] / [3888]
I (165450) [IoT] : iot_send_indication(444) > indicate_need_confirmed = 1
I (165547) [IoT] : es_msg_disassemble(268) > Send [0] [3861] / [3888]
I (165547) [IoT] : iot_send_indication(444) > indicate_need_confirmed = 1
I (165644) [IoT] : es_msg_disassemble(268) > Send [0] [3872] / [3888]
I (165645) [IoT] : iot_send_indication(444) > indicate_need_confirmed = 1
I (165742) [IoT] : es_msg_disassemble(268) > Send [0] [3883] / [3888]
I (165742) [IoT] : iot_send_indication(444) > indicate_need_confirmed = 1
I (165839) [IoT] : es_msg_disassemble(281) > send complete
I (166082) [IoT] : es_msg_assemble(123) > op_code : 0, cmd_num : 10, transaction_id : 6, chunk_data_continued : 0, total_size : 0
I (166083) [IoT] : es_msg_assemble(183) > msg command num[10]
I (166083) [IoT] : es_msg_assemble(190) > msg transfer is completed
I (166084) [IoT] : es_msg_assemble(207) > es_msg_dispatch is called
I (166090) [IoT] : _es_process_accepted_connection(72) > ble event reported
I (166090) [IoT] : iot_easysetup_ble_msg_handler(392) > cmd : 9
I (166091) [IoT] : _iot_easysetup_gen_payload(205) > waiting.. response for [9]
I (166092) [IoT] : _iot_dump_create_dump_state(41) > log version : 0
[    166092][INFO: bl_irq.c: 352] Current task sp data:
[    166092][INFO: bl_irq.c: 354] RA:230b9a80, mstatus:80007880
[    166092][INFO: bl_irq.c: 357] A0:42014058 A1:00000000 A2:00000004 A3:230aec36 A4:00000000 A5:00000006 A6:00000006 A7:000000a9
[    166092][INFO: bl_irq.c: 361] T0:230aec0a T1:0000000f T2:0000ffff T3:00000003 T4:00000000 T5:00000000 T6:57d1c109
[    166092][INFO: bl_irq.c: 364] S0:42026230 S1:42014058 S2:230d1000 S3:4201b918 S4:4201a888 S5:420263cc S6:4202636c S7:00000001
[    166092][INFO: bl_irq.c: 368] S8:230c8000 S9:00000014 S10:a5a5a5a5 S11:a5a5a5a5
Exception Entry--->>>
[    166092][INFO: bl_irq.c: 388] mcause 3800000b, mepc 230b9a8c, mtval 00000000
[    166092][INFO: bl_irq.c: 202] Exception code: 11
msg: Environment call from M-mode

-+-+-+- BFLB COREDUMP v0.0.1 +-+-+-+

------ DATA BEGIN 4200C000@00034000@ram ------
kGmKw7fGnu3AN7lJwWCpdcGFRgIZ2jV5H9U7vjC0vI0rIIOL07/r9XeAbVD29KPXjMNwdN4ffKnQMZczcg5AhoswbwBMrxOfDmxaBvZ4
EbdhIgMS0QNm08wYZxxv3wfGVCTxRS7PjCsSalIQf5iWbxgy8BP30N7jxuaC2601nUxl2GhQe/0+7fOhCUJy+e0WoEwRKFyvlr/e6BCT
L5a6BtVpAiE7GL/g7amDbCaU+7sj6EKHUvpPzEYFAF9f4LTzgGLLJOYWwH+gLDIppf5XZAqMZxW+sByDSEyMv329WTqc24NRtvTm0sws
v+6GJ9a/p2Hm/Me8/arXJOUmmzvVX3hFq77z+dsS7lljIPyZM9+ZIOWNbFDfjqOzoAlfHlr1fWOlnAfa23Qt2ODNPe08MYwkMuP4Lxq4
LkAVoy37648tKgVNP505TVdEPbKa6+uH2+A5Qi99mjfEggJu5tK/z3PgMHr67533w9iS9MXbIvMbmD65/SgH+gANNlzF6yHwGXYhTmjS
BF9EpAZItOP0uL865FBtzWeVQkVMSt1zcdORCo4aetaDPgxhQsTmrc1/SydkPP5vm+eWncKirA5qSQuFsQac+OojyYwzeVShvLQ8KxF9
8jqEfiteQh0MfT02hdJqax3WTIflTUDOA8nV84AuWkHH3mWLpEz4K+cbYvUD6hIUntnb0WfgRZyv9x62QFix1nLn4v5WAKDW+eur0fxL
ffE6tufdMCItWwnnfHIOyXKJrPTrf16AHlPzv6q330SuBtlIaxOqiZXY0pgXtC50uVAkoMAOJQJibJwwDN+RBvsQ/P7ElU0cDFj33PNd
SjAEA77+YycuC2AD9zrN9SWA2CFdd27UqAInH8bCS+2MtFUv1zawVHoqJ2m1xbs1WeAw0Brvoi+YxRpcutohlAbrUuvff7k71WoNZeSE
da2qIEMPq5T1FzcJotE8aJ+/QEDwPX77H5pCie7mb6Juf8hSwDof2Y+rOgDPSourVPkDR8ME/e9t5x5RKv0nr9u7Ux7+CXz/ic/pPLxy
zUf2pBKA8BwYQzxBGvBjELdfO/TIREDAoQ6Z1eRxXGE48+UvZQSDCJyaYX3+MAl98G8lpgYKQYV9uVZH46GTTM7MaH5GQjs2exUPVzMS
rifeX1I8S3JRt4o/afAxAT1mfOu5UeIFDYA+zebk0yEgJHacoJ3oCHVE7EXf/CXBGFv9idNyAuRY4WzfneFHyDUFmCOGPi7RFQy1/UkW
ObBCyKb3evPVpW3kw9f6pAUUBzD7R9id/eGNwS289L9NQJEtq9Yu2V6/+3fIuhjllmKBEZ828oRfRktq/PfPz9SDQC2rFnylKMrgNmzs
NquEHBEsL86B1ueqw1O8vyxAESrOShRv9mZGYnIovUOZb0EVsKYvTvhJoxuk4+f5FccyJl9nSVcgslmF9BUnqfx/grQukLpkw/MgUAAz
jYrJ1kEhxJUofxqHk1JggXvY93kFAXFRG0u4TgpTnKthld/yMA4lARyycOwUmT9Ko0TN7ZzzRIBsn4mvYHq5oZGZ/uMOEPfANzfprJg0
YA0d32vOgUdjE/YAgoAzh/UAg0YHADMH9QCFByMA1wDlt4NHBQC9i/kXk/fXD4HrQREGxpkhskABRUEBgoABRYKAQREGxiLEg0cFAJGD
hYuBywFF/S6yQCJEAUVBAYKAKoQFRf0mg0cEAL2L+ReT99cP9fMihSEp+b9VcaLFhseDRQUAt0dGR5OHZzQ+xAFGvYmTB8AF2BChRiqE
IwYBAAUhEUYsAMgQvSYRxQVFvkAuRGlhgoCTBUAFqBC5KfpX45an/hMGQAWsEAgIHS6DRyEBAUUjAfQAg0cxAaMB9AD5t3lxBtYi1CbS
StBOzgLCowEBAALEAsaX0P/g54CgcSqJEwUxAAEhN9QAQmwAEwWEN0UhLAATBYQ3rSYNRiwASADVNaJHkwWEN6IHE9WHACrEzS6qhBHl
okeTCYQ3o4b5ABMFhDcVPxMFhDfZPRMFhDfFPbJFEwWEN30hA0UxAEUuSoWX0P/g54Bga7JQIlQCWfJJJoWSVEVhgoB5cUrQN9kAQgbW
ItQm0k7OkweJN4PH1wCpy66JKoSX0P/g54CAZ6qEEwWJNx0jEwXxAKEutxcBIYOnx6gTBvT/TpaihRMFiTeClwNF8QCZJiaFl9D/4OeA
wGQBRbJQIlSSVAJZ8klFYYKAfVXFvzlxJtq31ABCBt4i3ErYTtaTh4Q3g8fXADLGocuuiSqJl9D/4OeAgGAqhBOFhDddKRMF8QHlJLcX
ASGDpwepskZOhsqFE4WEN4KXA0XxAeEsIoWX0P/g54DgXQFF8lBiVNJUQlmyWSFhgoB9VcW/OXFO1rfZAEIG3iLcJtpK2JOHiTeDx9cA
Msapxy6JqoSX0P/g54CgWSqEEwXxAUEktxcBIYOnR6myRkqGpoUThYk3gpcDRfEBhSwihZfQ/+DngGBXAUXyUGJU0lRCWbJZIWGCgH1V
xb8DRwUAtwcAQJOGBxmTWFcAigi2mIOmCACFTzOf7wATUxcAE0j//5OHBxAzeNgACgMjoAgBPpODJwMAk3UXAINOJQADRkUAA0dVAANO
FQCp7Y1Fk/bn/GOBvgKT5hcAY5b+AZP25/8zaOgBg0c1AJP29vyN55PmBgEKBsWa0Y4GB1WP/XaThvYPdY+TFo4A2Y4jINMAI6AIAQFF
goCFReOdt/yT5gYCyb+NRmOO3gRjk/4FwXb9FvWPM2joAbcG0P/9FvWPg0Y1AI3qtwYQANWPtwb0//0W9Y9KBoF2/RbRj/WPRge3BgDx
/RZdj3WPkxaOAXG/wWbVj9G3hUXjmrb8twYgAOm3twbP//0W9Y/Jt7cXASGDp4eEgoe3FwEhg6fHhIKHtxcBIYOnR4WCh7cXASGDp4eF
goe3FwEhg6cHhoKHtxcBIYOnR4aCh7cXASGDp4eGgoe3FwEhg6cHh4KHtxcBIYOnR4eCh7cXASGDp8eHgoe3FwEhg6fHi4KHtxcBIYOn
R4yCh7cXASGDp0eQgoe3FwEhg6dHk4KHtxcBIYOnh5iCh7cXASGDp8eYgoe3FwEhg6dHmYKHtxcBIYOnh5mCh7cXASGDp8ebgoe3FwEh
g6fHnIKHtxcBIYOnB52Ch7cXASGDp0edgoe3FwEhg6eHnYKHtxcBIYOnx52ChzcYASEDKMifAoi3FwEhg6fHoYKHtxcBIYOnB6OCh7cX
ASGDp8elgoe3FwEhg6cHpoKHtxcBIYOnR6iCh7cXASGDp0eqgoe3FwEhg6dHq4KHtxcBIYOnh6uCh7cXASGDp8ergoe3R0ZHGXGTh2c0
ptqG3qLcPsYjCAEAroQd7TcFACMTBsAFTAghBU0/EUZsAEgI0TUp7ZMFQAUoCH0/tldjl6cEEwZABSwIJoVZPQFF9lBmVNZUCWGCgCqE
uTdt2TfXAEKTBoffgUcTB4ffYUaMQmOahQCxRrOH1wITBkAFupeMR9m3hQexBuOTx/4FRcG3ARGTBwAEIswmygbOKoSuhD7GskcTh/f/
Osbl/wFFETciheE9IoXpNSKFdT2DRwQAvYv5F5P31w+Z4yKFcTUihV011T2IwAFF1TXyQGJE0kQBRQVhgoABESLMBs4myoNEBQAqhC6F
2TUDRwQAvYiTd/cA+RcRgwWLk/fXD9mPmeMihak9eACmhZFHgUYFRiKFvT2mhSKFEwcAAoFGBUadNfJAYkTSRAFFBWGCgDlxBt4m2krY
UtQi3E7WN/kAQoNJBQCqhBMFqecuijLGNsRZNWwIJoW1NaJHMkeT+fkADcUqhBMHAAKBRgVGzoUmhRk9A0Wp56018lAihWJU0lRCWbJZ
IlohYYKAzoXShgFGJoX9O/JFKoQmhT0/2b8BESbKBs4izErIbAADSQUAqoQJPQ3BKoQTBwACgUYFRpN1+QAmhckz8kAihWJE0kRCSQVh
goAmhTEgskUqhCaF7T3dtwERBs4izCbKSsiFRhMGoQCBRaqEA0kFAALGIwUBAKMFAQAlM4VGEwaxAIVFJoUxOwPElAKDx8QCg8bUAg4E
PpSDx6QCBUczFIcAjge2l7MX9wBdjIPHhAKDxrQCA0WxAI4HtpczF/cAg0ehAFmMIgUTRPT/XY1pjBHEJoXNMSqECckFRPJAIoViRNJE
QkkFYYKAE3n5AIPGBAN5GRN52Q8JR4PHlAITORkAY5/mAAPHxAKOB4lGupczGfkASsZwAIFFJoVBOX2/iecDxMQCMxSJAIVGcACBRSaF
IsalOSaFvTkqhFn9g8aUAgVHgUdjluYAg8fEArMX+QA+xoVGcACFRcG3EQABAWaZ/wOfAJ8ABFEAAccgUtgGAjIACwELATsBuwBrAesC
6wICUAABAAEBAAABAgGrAQU1AAABAQAAOP+g/3cDAkB3AwLwLAGwBLAEBQDogBQABAEBAWaZ/wOfAJ8ABCAAAccgUtgGAjIACwELATsB
uwBrAesC6wICUAABAAEBAAABAQGrAQU1AAABMQAAOP8g/3cDAkB3AwLwkAFABtAHBQDogAMAEQABAWaZ/wOfAJ8ABMIAAccgUtgGAjIA
CwELATsBuwBrAesC6wICUAABAAEBAAABAQGrAQUAAAABAAAAOP8g/3cDAkB3AwLwLAGwBLAEBQDogBQAFAEBAWaZ/wOfAJ8ABLoAAccg
UtgGAjIACwELATsBuwBrAesC6wICUAABAAEBAAABAgGrAQU1AAABAQAAOP+g/3cDAkB3AwLwLAGwBLAEBQDogBQAoUAUAAAAAAAYzwBC
UUATAAAAAACozABCIEAUAAAAAAD8zABCIEAVAAAAAAD8zABCIEAWAAAAAAD8zABCIEAXAAAAAAD8zABCwiATAAAAAABQzQBCwiAUAAAA
AABQzQBCwiAVAAAAAABQzQBCXjITAAAAAABQzQBCXjIUAAAAAABQzQBCXkAVAAAAAAD8zABCXkAWAAAAAAD8zABCXkAXAAAAAAD8zABC
XmAVAAAAAAD8zABCXjQVAAAAAAD8zABC62AVAAAAAAAYzwBCyEAXAAAAAAD8zABCyEAYAAAAAAD8zABChWAXAAAAAAD8zABCC0AXAAAA
AAAYzwBCumAVAAAAAACkzQBCzWAUAAAAAAAYzwBC73AYAAAAAAD8zABCBAEBAWaZ/wOfAJ8ABMgAAccgUtgGAjIACwELATsBuwBrAesC
6wICUAABAAEBAAABAgGrAQU1AAABAQAAOP+g/3cDAkB3AwLwLAGwBLAEBQDogBQAtwcAQJhDwXaThvYPdY8iBVmNNwcB/30XeY3CBU2N
iMM3FwBAhUYjLtf+Iy4H/gEAAQABAAEAAQABAAEAAQCYQxNnxwCYwwEAAQABAAEAAQABAAEAAQABRYKAQREGxiLEKoTv8F+O7/C/jrd2
AEC8Xnl2fRaFixOX1wAcQLJA8Y/ZjxzA+F6FZ3l2+Y9SB1GD2Y8DVwQAcY/ZjyMQ9AC8WhhA8Xb5g4WL/Ra6B3WP2Y8cwCJEQQGCgEER
BsYixCqE7/B/iO/w34i3dwBAuF+yQJNX1wCTFjcBhYs5g9GCsgcFi9WPNgfZjwNXBADxdnWP2Y8jEPQAIkRBAYKAtxcBIYOnB4KCh7cX
ASGDp4eIgoe3FwEhg6eHiYKHtxcBIYOnB4qCh7cXASGDp0eKgoe3FwEhg6eHi4KHtxcBIYOnx5CChzlxStgqiWgABt4i3CbaTtYi7ibs
ETcyRYln6Y+B7wVE8lAihWJU0lRCWbJZcmTiZCFhgoCFZP0UE1TFAGWNQgWxRUGBBYi9P+MbpPyyRxFk/YwjEJkAfYxjHAQQtwYBQIOn
xpA3B/j/fRf5jyOm9pCBRJMJIAP9GZcQBuHngGCqk/n5D6qU45gJ/pMHIAOz1PQCNwcBQIMnx5C3BggAkwkgA9WPIyb3kNP0BNCBRP0Z
lxAG4eeA4KaT+fkPqpTjmAn+g1cJAFP0F9CTByADs9T0AlP1BNCXEArh54BAz1OFlCCqia6ElxAK4eeAQM635wBCA6aHYoOmx2KXAArh
54CgqiqGroZOhaaFlwAK4eeAYANTBYQgqomuhJcQCuHngADLt+cAQgOmB2ODpkdjlwAK4eeAYKcqhq6GToWmhZfwCeHngCCTt+cAQgOm
h2ODpsdjl/AJ4eeA4JGXEArh54AA01N1hQDTFxXAIxD5AE29AUR9tXlxaAAG1iLUJtJK0E7OUszNOzJFiWfpj5HrBUWyUCJUklQCWfJJ
YkpFYYKAhWQTifT/E1TFADN1JQFCBbFFQYEFiDk14xuk/DfkAEITBES9hUccwLJHk4QEgDfqAEKz9ycBwgfBgyMS9AD9jLfpAEKxwLMH
8ECz9ycBU/UH0JcQCuHngIC9AyYKYYMmSmGXAArh54AgmgOmCVaDpklWl/AJ4eeA4IWXEArh54AAxwjkAUWtt1P1F9CXEArh54DguQMm
CmGDJkphlwAK4eeAgJYqhq6GA6UJVoOlSVaXAArh54AA78m3AAAAAAAQB///AAAAgIQeAAMAAAAAAAAAAAAAAAAAAAAAAAAAAAAAAAAA
AAAAAAAAAAAAAAAAAAAAAAAAAAAAAAAAAAD//////////wAAAAAwiwFC0HQCAECJBELAFgAAAAAAAAAAAAAAAAAAAAAAAAQBAQFmmf8D
nwCfAATvAAHHIFLYBgIyAAsBCwE7AbsAawHrAusCAlAAAQABAQAAAQEBqwEFNQAAATEAADj/IP93AwJAdwMC8JABQAbQBwUAIE4DABQU
FBISEhISEhISEhISDg4SEhISEhAODs6mHjJuvb5Ill7+XzBgYmCUYMZg+GAqYVxhAAD8+Pz4/Pj8+Pz4+/f8+Pv3AAABAAcAGwAgAPz/
5gAAAAEABwAbACAA+P/cAAAAAQAHABQAIAD8/9IAAAABAAcAFAAgAPj/yAAAAAEABwAPACAA/P++AAAAAQAHAA8AIAD4/7QAAAABAAcA
CwAgAP3/qgAAAAEABwALACAA+f+gAAAAAQAGAAoAIAD9/5YAAAABAAYACgAgAPn/jAAAAAEABgAIACAA/P+CAAAAAQAGAAgAIAD4/3gA
AAABAAUABwAgAP3/bgAAAAEABQAHACAA+f9kAAAAAQAEAAcAIAD8/1oAAAABAAQABwAgAPj/UAAAAAEABwAbACAA/P/mAAAAAQAHABsA
IAD4/9wAAAABAAcAFAAgAPz/0gAAAAEABwAUACAA+P/IAAAAAQAHAA8AIAD8/74AAAABAAcADwAgAPj/tAAAAAEABwALACAA/f+qAAAA
AQAHAAsAIAD5/6AAAAABAAYACgAgAP3/lgAAAAEABgAKACAA+f+MAAAAAQAGAAgAIAD8/4IAAAABAAYACAAgAPj/eAAAAAEABQAHACAA
/f9uAAAAAQAFAAcAIAD5/2QAAAABAAQABwAgAPz/WgAAAAEABAAHACAA+P9QAEBCDwBAnAAAAgAAAAYAAACK5AAjSj0EIzY9BCMaRQQj
gEUEI447BCOiOQQjajwEI+w6BCM+OwQjKjgEI646BCMBAAAAAAAAAAIAAAC4CwAAAAAAAAEAAAABAAAAFAAAAAAAAABkAAAABgAAAAAA
AABIAgAA////////MzMzMzMz////////AAACAAAAHQAAAHIoAyPUFQMj9G0MIwIAAAAeAAAAICgDI9QVAyP0bQwjAQAAAAgAAAAMKQMj
1BUDI/RtDCMBAAAACQAAADonAyPUFQMj9G0MIwEAAAAKAAAA4iMDI9QVAyP0bQwjAQAAAAsAAAB4IwMj1BUDI/RtDCMBAAAADQAAAHAl
AyPUFQMj9G0MIwEAAAABAAAAKCIDIxQfAyOEbQwjAAAAABAAAACoJgMj1BUDI/RtDCMAAAAAEQAAAKYhAyPUFQMj9G0MIwAAAAATAAAA
sBkDI9QVAyP0bQwjAAAAABYAAACUKgMj1BUDI/RtDCMAAAAAFwAAAOoYAyPUFQMj9G0MIwEAAAAAAAAA5hUDIwwWAyP0bQwjAAAAABIA
AABGGAMjDBYDI/RtDCMAAAAAFQAAAOYVAyMMFgMjTG0MIwAAAAAUAAAA5hUDIwwWAyOgbQwjAQAAAAUAAADyJgMjDBYDI6BtDCMBAAAA
AgAAALQYAyMMFgMjLG4MIwEAAAAHAAAA7iQDIwwWAyP0bQwjAQAAAAQAAADmFQMjvhcDI2htDCMBAAAABQAAAJgbAyMMFgMjoG0MIwAA
AAAUAAAA5hUDIwwWAyOgbQwjAgAAAB8AAAD6FwMjDBYDI0xtDCMBAAAABQAAAM4bAyNaGwMjoG0MIwEAAAAMAAAA4hoDI1obAyOgbQwj
AAAAABQAAADmFQMjWhsDI6BtDCMBAAAABgAAAOYVAyPMHQMjhG0MIwEAAAAAAAAA5hUDI5IdAyP0bQwjd2lmaUNvbm5lY3RlZF9pcE9i
dGFpbmluZwAAAAAAAAAAAAAAZGlzY29ubmVjdAAAAAAAAAAAAAAAAAAAAAAAAAAAAAAAAAAAAAAAAAAAAAAAAAAAAAAAAAAAAAAAAAAA
AAAAAAAAAAAAAAAAAAAAAAAAAAAAAAAAAAAAAAAAAAAAAAAAAAAAAAAAAAAAAAAAAAAAAAAAAAAAAAAAAAAAAAAAAAAAAAAAAAAAAAAA
AAAAAAAAAAAAAAAAAAAAAAAAAAAAAAAAAAAAAAAAAAAAAAAAAAAAAAAAAAAAAAAAAAAAAAAAAAAAAAAAAAAAAAAAAAAAAAAAAAAAAAAA
AAAAAAAAAAAAAAAAAAAAAHdpZmkgdHNlbiByZWxvYWQAAAAAAAAAAAAAAAAAAAAA+BICQgEAAADAzwMj/s8DI6DOAyN8zgMjhM8DI5TP
AyOYzwMjqM8DI8TOAyPizgMj5s4DIxTPAyN4zgMjIM8DIy7PAyNMzwMjUM8DI5LUAyNq0wMjfs8DIwAAAAAAAAAAztIDIyLTAyMm0wMj
htQDI6rTAyN21AMjutADI7rTAyMq0QMj1tEDIxzQAyOO1AMjMNQDI3LUAyMq0wMjitQDIybUAyM61AMjFtADI0DQAyNE0AMjfNADI4TQ
AyMG0AMjCtADIw7QAyOC0gMjtNIDI+7PAyNUzwMjds8DI5LOAyNK0wMjZtMDIyDpCiMu6QojMvIKIwIJDuaAAjDHpI5PLa4OD5S+AAAA
AgkO5oACMMekjk8trg4PlL4AAAAAAana0ZR7RwIAAAAAAAAAAAAAAAIAAACsswUjAAAAAAAAAACA5ABC3mMIIwAAAACE5ABCCgABAIjk
AEKUZAgjAAAAAIzkAEILAAEA0NoAQgAAAABuswUjAAAAAAwAAwCU5ABCDGQII1hfCCPk2gBCDQADAAjbAEIEAAAAAAAAAEK7BSMuugUj
AAAAAAAAAAAAAAAAAAAAAAAAAAAAAAAAAAAAAODjDCPw4wwj/OMMIwjkDCMU5AwjJOQMIzTkDCNA5AwjTOQMI1TkDCNg5AwjbOQMI3jk
DCOE5AwjjOQMI5jkDCOg5AwjrOQMI7TkDCMBAAAA1g8AAACggj8AAAAAYAAAAAAAAAAAAAAAAAAAAAAAAAAAYpdMzw60AQAAAAAAAAAA
AGKXTM8OtAkJACEDIQM4CgAAAABgAAAAIACAAADAAAAAAOQAAACoIgAAAAAAAAQAAPf//38AAAAw8P8PAACABwAAAAAAAAAAAAAAAAAA
AAAAAAAAAAAAAAAAAAAwKggjAAAAAJcBAAC/RgAAAAAAAP//////AwAA+wAAALAnA0KI3ABCiNwAQgAAAwAAAAAAYLgBQpzcAEKc3ABC
AAAAAFAWA0LY3ABC2NwAQrTQDSNCTDYwMi1CTEUtREVWAAAAAAAAAAAAAAAAAAAAAAAAANjcAELY3ABCAAAAAAADAACo3ABC7NwAQuzc
AEIAAAAAAAEAADTdAEIA3QBCAN0AQgAAAAABAwAA/B8BQlQ7CCP4OwgjAAAAAAAAAABIPggjAAAAAAAAAAAAAAAA7NwAQuzcAEIAAAAA
AAAAAAAAAAAAAAAAAAAAAAAAAAAAAAAAAAAAAAAAAABwXQgjAAAAAMB7CCNgewgjWpEIIwAAAAD+iggjAAAAAAAAAAAAAAAAzIEBQgyC
AUIoggFC6IEBQtSCAULwggFCDIMBQkzMCCMO0QgjXtAIIwAAAABQ1wgjAAAAAAAAAACkyAgjCAAAAAcAAAAGAAAABQAAAAAAAAArwAAA
LMAAAAAAAAAGAAAABwAAAAAAAAAAAAAA3OAAQkThAEKs4QBCAAAAAAAAAAAAAAAAAAAAAAAAAAAAAAAAAAAAAAAAAAAAAAAAAAAAAAAA
AAAAAAAAAAAAAAAAAAAAAAAAAAAAAAAAAAAAAAAAAAAAAAAAAAAAAAAAAAAAAAAAAAAAAAAAAAAAAAAAAAAAAAAAAAAAAAAAAAAAAAAA
AAAAAAAAAAAAAAAAAAAAAAAAAAAAAAAAAAAAAAAAAAABAAAAAAAAAA4zzas0Em3m7N4FAAsAAAAAAAAAAAAAAAAAAAAAAAAAAAAAAAAA
AAAAAAAAAAAAAAAAAAAAAAAAAAAAAAAAAAAAAAAAAAAAAAAAAAAAAAAAAAAAAAAAAAAAAAAAAAAAAAAAAAAAAAAAAAAAAAAAAAAAAAAA
AAAAAAAAAAAAAAAAAAAAAAAAAAAAAAAAAAAAAAAAAAAAAAAAAAAAAAAAAAAAAAAAAAAAAAAAAAAAAAAAAAAAAAAAAAAAAAAAAAAAAAAA
AAAAAAAAAAAAAAAAAAAAAAAAAAAAAAAAAAAAAAAAAAAAAAAAAAAAAAAAAAAAAAAAAAAAAAAAAAAAAAAAAAAAAAAAAAAAAAAAAAAAAAAA
AAAAAAAAAAAAAAAAAAAAAAAAAAAAAAAAAAAAAAAAAAAAAAAAAAAAAAAAAAAAAAAAAAAAAAAAAAAAAAAAAAAAAAAAAAAAAAAAAAAAAAAA
AAAAAAAAAAAAAAAAAAAAAAAAAAAAAAAAAAAAAAAAAAAAAAAAAAAAAAAAAAAAAAAAAAAAAAAAAAAAAAAAAAAAAAAAAAAAAAAAAAAAAAAA
AAAAAAAAAAAAAAAAAAAAAAAAAAAAAAAAAAAAAAAAAAAAAAAAAAAAAAAAAAAAAAAAAAAAAAAAAAAAAAAAAAAAAAAAAAAAAAAAAAAAAAAA
AAAAAAAAAAAAAAAAAAAAAAAAAAAAAAAAAAAAAAAAAAAAAAAAAAAAAAAAAAAAAAAAAAAAAAAAAAAAAAAAAAAAAAAAAAAAAAAAAAAAAAAA
AAAAAAAAAAAAAAAAAAAAAAAAAAAAAAAAAAAAAAAAAAAAAAAAAAAAAAAAAAAAAAAAAAAAAAAAAAAAAAAAAAAAAAAAAAAAAAAAAAAAAAAA
AAAAAAAAAAAAAAAAAAAAAAAAAAAAAAAAAAAAAAAAAAAAAAAAAAAAAAAAAAAAAAAAAAAAAAAAAAAAAAAAAAAAAAAAAAAAAAAAAAAAAAAA
AAAAAAAAAAAAAAAAAAAAAAAAAAAAAAAAAAAAAAAAAAAAAAAAAAAAAAAAAAAAAAAAAAAAAAAAAAAAAAAAAAAAAAAAAAAAAAAAAAAAAAAA
AAAAAAAAAAAAAAAAAAAAAAAAAAAAAAAAAAAAAAAAAAAAAAAAAAAAAAAAAAAAAAAAAAAAAAAAAAAAAAAAAAAAAAAAAAAAAAEAAAAAAAAA
SgAAAAAAAAAAAAAAAAAAAAAAAAAAAAAAAAAAAAAAAAAAAAAAAAAAAEoAAAAAAAAAAAAAAAAAAAAAAAAAAAAAAAAAAAAAAAAAAAAAAAAA
AABDAAAAAAAAAAAAAAAAAAAAAAAAAAAAAAAAAAAAAAAAAEMAAAAAAAAAAAAAAAAAAAAAAAAAAAAAAAAAAAAAAAAAQwAAAAAAAAAAAAAA
AAAAAAAAAAAAAAAAAAAAAAAAAABDAAAAAAAAAAAAAAAAAAAAAAAAAAAAAAAAAAAAAAAAAEMAAAAAAAAAAAAAAAAAAAAAAAAAAAAAAAAA
AAAAAAAAQwAAAAAAAAAAAAAAAAAAAAAAAAAAAAAAAAAAAAAAAABDAAAAAAAAAAAAAAAAAAAAAAAAAAAAAAAAAAAAAAAAAGyACyM8RAsj
AAAAAJxQDiNsHwwjKCAOIyggDiMoIA4jKCAOIyggDiMoIA4jKCAOIyggDiMoIA4j//////////////////8AAAEAQVNDSUkAAAAAAAAA
AAAAAAAAAAAAAAAAAAAAAAAAAABBU0NJSQAAAAAAAAAAAAAAAAAAAAAAAAAAAAAAAAAAAAAAQAAAAMO////APwAAAQAAAAAAAAD//wAA
/////3zsAEKA7ABCAQAAAAQAAAAAAAAAAQAAAAEAAAAKAAAAiBMAAAAAAAAAAAAAAABEQA0AVQhAAQAAKAoBQlwKAUIBAAAAAQAAAAEA
AAABAAAAAQAAAMwAAAB4YwFCZAAAAGDDAUKQvAFCAAAAAAIAAAADAAAAAQAAANrrCiOKCQ0AbhkAABzgXMMAAAAoAAAd/QAAAyi82gBC
AAAqAAAAAilDTgAAAAAAAAAAAAD//////////ycAAACyjgAoBwAwADAAAAAAAAAoAAAAGAAAACgAAAEYAAADKAAABSrQ5ABCAAAgAAAA
BSoAAAIpAAADKAAAACro5ABCAAAKAAAAACoAAAMoAAABKvzkAEIAAAoAAAABKkEDAQD//////wAAABCZCCMAAAAAFwAAACDzCSNIjQAj
2usKIwMAAAAAAAAAAQAAAPDdAEIsVw4jLFcOI4jwAEL/AAAAAAAAAAAAJEC4HoXrUbiePwAAAAAAAPA/ZmZmZmZm5j8AAAAAAAA0QAAA
AAAAEKNAAAAAAAAAoD8AAAAAAADAPwAAAACAhC5BAAAAAAAAEEAAAAAAAAAIQAAAAAAAAFBBAAAAAAAA4D9VVVVVVVg0QauqqqpqbjlB
AAAAANASg0EAAAAAAABwQOxRuB6F6+k/UI2XbhIDH0AAAMD////fQQAAAAAAAODBAAAAAAAAMD8AAAAAAAAQPwAAAAAAAPA+AAAAAAAA
QD8AAAAAAAAgPwAAAAAAAAA/4PAOxpUS9j+CwzsYV0rYPwAAAAAAAFJAEIgAAgAAACCQiAACAIAAIAjJvPNn5glqO6fKhIWuZ7sr+JT+
cvNuPPE2HV869U+l0YLmrX9SDlEfbD4rjGgFm2u9Qfur2YMfeSF+ExnN4FvYngXBXZ27ywfVfDYqKZpiF91wMFoBWZE5WQ732OwvFTEL
wP9nJjNnERVYaIdKtI6nj/lkDS4M26RP+r4dSLVHAAAAAAAA8H8AAAAAAADgvwAAAAAAAABAlTWglP//3z815a81AADgP5U1oJT//88/
AAAAAAAAUDn////////vfwAAAAAAAPh/mZmZmZmZmRkWVueerwPCPAAAAEAAAADAAACgQAAAoMAA4BdFAAAZRQAAgD/NzExA//9/fwAA
wH9YUkJTRAAAAABAAAIQJwAAMIsBQgCgAEAAoQBAGLkFiIiIAAAAoABAAKEAQAABAQEBAgMBqqoDAAD4AACqqgMAAAAAAAQIAgH/////
//8AAAMAAAAkIQwjGAAAAHQjDCMGAAAAvOcAQgEAAAAAHAAApo0CI4wmDCMNAAAAqCcMIwMAAAAkKgwjEwAAANAsDCMQAAAA7OcAQgEA
AAAAIAAA6L8CI////////wAAAAAAAAAAAAB3aWZpX3R4ABMAAAAAAAAAAKAAQAChAEADMy8fDgYAAAEDHAYAAAAA/////ywAAAAQAAAA
FAAAADQAAAA0AQAAEAAAAAgDAAAcAAAAEAAAAAwAAACoAAAAIAAAABQAAAAoAAAAAwYMGDBgeAD///////8AAAAAAAAAAAAAJAUAAAD8
+vv5+AAA/////wEAAABAAAABAAQAAG1uSWQAAAAAc2V0dXBJZAB2aWQAAgQGAAwAAAAAAQYCBAAAAP///////wAAv0YAAAAAAAD/////
/wMAAP//////HwAAAGAEAPgHQAIAAwECAwAAAAAAAAAAAAAApMcNIwcAAACQzQ0jEAAAAP///////wAAaGNpX2FjbABidF9yZWN2AGxl
X2luaXQAc2V0X2FkAAAGCgAAHAgII3NjX3NhdmUAAAAAAAACAAQACAAQ6E4OIwUAAADw3QBCGB4DQlzpAEJc6QBC2CoDQmjpAEJo6QBC
YOINIwQAAACw4g0jBQAAAAQAAACIzAgjAAAAAAUAAABWOwgjAAAAAAYAAADkewgjAAAAAAzf12cA5JGiAAAAAEJGUFQAAAcAAAAAACaa
3xIAAABGVwAAAAAAAAAAAAEAAIAQAACADwAAgAYAAAAAAAAAAAACAABtZmcAAAAAAAAAABcAAAAAAAAgAwAAAAAAAAAAAAAAAAADAABt
ZWRpYQAAAAAAIBoAAAAAAABwBAAAAAAAAAAAAAAAAAAEAABQU00AAAAAAAAAkB4AAAAAAACAAAAAAAAAAAAAAAAAAAAFAABLRVkAAAAA
AAAAEB8AAAAAAAAgAAAAAAAAAAAAAAAAAAAGAABEQVRBAAAAAAAAMB8AAAAAAABQAAAAAAAAAAAAAAAAAAAHAABmYWN0b3J5AAAAgB8A
AAAAAABwAAAAAAAAAAAAAAAAAADRsbwBRkNGRwQBAQFmmf8DnwCfAATvAAHHIFLYBgIyAAsBCwE7AbsAawHrAusCAlAAAQABAQAAAQEB
qwEFNQAAATEAADj/IP93AwJAdwMC8JABQAbQBwUAIE4DAAvkeuMMR04k9Z/+T7K9GdZ2UiMQAZwuICLVbog8+3feMACrsFagpjXqUy/p
7vHTrHmogiwshJww6DxeGTInp6Xggvo8oHLHQZ8ciqexnpX6Jy7a8lCmygMc//IC7krftKVBgmjCWGak1B3/TeJ80zxgWEBSyxQDwrtv
hTzW1zvXVcoThEZ5+hS2/w0XxdS4g0AvQpQIMHRDjr+XfTrLe46WEXYT2UCHMY+fl9Pmbffv1GoF1w6fKhzb7O/62s21/8tMCK6AfIxk
C2bn98z+ar2KoESRx4LLJsV/4v72zpKrCKSglSGiRK0HpovYvD5b7jClAUIAAAAAAAAAAAAAAADoswsjAQAAAAAAAAAAAAEAUBcDQvC3
AULgZAJCSAEBQlwBAUINAAAAAAAAAAAAAAAAAAAADwAAABEAAADPiAIAAAAAAAEAAADMiAIAAAAAAOwBAUIAAgFCMIgCABQCAUL0+ABC
AQAAAIzLBmMAAAAA+J8EQgAAAICo4AAAQHoAAICpAUIAAAAAAAAAAAIAAAAEHR0AAHAeIwEAAAA4iwFCJAUBQgEAAAAYnwFCAAAAAEhl
AkIYuQFCAAAAAAAAAAAAAAAAi9MAAAAAAAAAAAAAi9MAAHicAULonAFC0JwBQgEAAAAAAAAAAAAACAAAAAAAAAAAAQAAAAAAAAAAAAAA
KO8LI9jvCyNU8QsjAAAAAAAAAAAAAAAAAQAAAGjzCyMSIiAEAATAgAAAAAAAAAAAUAAABBERAAAnAAyoUswTcwEQAAQgQDICEgAQAAAA
AADgAAAA/x8AAPMxAAgBARMAHMcBFQEAAQD/AwAA/wMAACAAAAAAAAAA/w8AACISICAAAAAAN2JnAAEUAQAAAAAAAAAAAAAAAAAAAAAA
AAAAAAAAAAAAAAAA2DwBQgQAAAB0YQFCAAAAAA0AAADQNQwjqDgMI8g+AyMAAAAAKD4DIwAAAAAAAAAAAAAAAAAAAAAePgMjAAAAAJ4/
AyMAAAAADD8DIwAAAAAAAAAAAAAAAAAAAACoAgJCAAAAAAAAAAAAAAAAAAAAAAAAAAAAAAAAAAAAAAAAAAAAAAAAAAAAAAAAAAB4YwFC
AAAAAAAAAAAAAAAAAAAAAAAAAAAAAAAAAAAAAAAAAABAnwFCAQAAAAAAAAAAAAAAAAAAAAAAAAC4aHKjlQEAAAAAAAAAAAAAAAAAAAAA
AADeswAAAAAAAOi+AUJ0BQFCAAAAAAAAAAAIvQFCMEkEQgAAAAAAAAAAAAAAAAAAAAAAAAAAAAAAAAAAAAAAAAAA4AAAAuAAAAEAAAAA
AAAAANBJBEKwvAFCKEkEQiiJBEIBAAAAAAAAAAAAAAAAAAAAAAAAAAAAAAAAAAAAAAAAAAAAAAAAAAAAAAAAAAAAAAAAAAAAkYgCAKhJ
BEIAAAAAAAAAAAAAAAAAAAAAAAAAAHC7AULoAAAAAAAAAAAAAAAAAAAAAAAAACCqAUIAAAAAAAAAAAoAAAAAAAAAAAAAABUAAAAQAAAA
yB8BQkZLBSMBAAAAFwAAAAABAAACAAAAAQAAAAAAAAAAAAAAAAAAAGi8AUIAAAAAAAAAAAAAAAAAAAAA8t0GIwAAAADQ6QojIuoKI9rr
CiPE3gYjAAAAAAAAAAAAAAAAAAAAAAAAAABil0zPDrQAAAAAAAAAAAAAAAAAAAAAAAAAAAAAAAAAAAAAAAAAAAAAiLoFIwAAAACwHQNC
AAAAAGTbAEJg2wBCYNsAQgEAAAAJAAAAAAAAAAAAAAAAAAAAWB4BQgEAAAAAAAAAAAAAAAAAAAABAAAAAAAAAAAAAAAAAAAAAAAAAKrE
CCMAAAAAAAAAAAAAAAAAAAAAAAAAAAAAAAClpaWlpaWlpaWlpaWlpaWlpaWlpaWlpaWlpaWlpaWlpaWlpaWlpaWlpaWlpaWlpaWlpaWl
paWlpaWlpaWlpaWlpaWlpaWlpaWlpaWlpaWlpaWlpaWlpaWlpaWlpaWlpaWlpaWlpaWlpaWlpaWlpaWlpaWlpaWlpaWlpaWlpaWlpaWl
paWlpaWlpaWlpaWlpaWlpaWldg0AIwAAAAAAAAAAAAAAAAAAAAAAAAAAAAAAAAAAAAAAAAAAAAAAAAAAAAAAAAAAAAAAAAAAAAAAAAAA
AAAAAAAAAAAAAAAAAAAAAAAAAAAAAAAAAAAAAAAAAAAAAAAAAAAAAAAAAAAAAAAAAAAAAAAAAAAAAAAAAAAAAAAAAAAAAAAAAAAAAAAA
AACCZwAjpaWlpaWlpaWlpaWlQOwAQjzsAEIAAAAAuLcBQiC4AUKU+ABClPgAQgEAAAClpaWlpaWlpVzsAEIw7ABCmAEBQgEAAAACAAAA
tP4AQsC3AUKlpaWlpaWlpaWlpaWlpaWlpaWlpaWlpaWlpaWlgHgAgKWlpaWlpaWlpaWlpaWlpaWlpaWlpaWlpaWlpaWlpaWlpaWlpaWl
paWlpaWlAAAAAKWlpaWlpaWlpaWlpaWlpaWlpaWlpaWlpaWlpaWlpaWlpaWlpaWlpaWlpaWlpaWlpaWlpaWlpaWlpaWlpaWlpaWlpaWl
paWlpaWlpaWlpaWlpaWlpaWlpaWlpaWlpaWlpaWlpaWlpaWlpaWlpaWlpaWlpaWlpaWlpaWlpaWlpaWlpaWlpaWlpaWlpaWlpaWlpaWl
paWlpaWlpaWlpaWlpaWlpaWlpaWlpaWlpaWlpaWlpaWlpaWlpaWlpaWlpaWlpaWlpaWlpaWlpaWlpaWlpaWlpaWlpaWlpaWlpaWlpaWl
paWlpaWlpaWlpaWlpaWlpaWlpaWlpaWlpaWlpaWlpaWlpaWlpaWlpaWlpaWlpaWlpaWlpaWlpaWlpaWlpaWlpaWlpaWlpaWlpaWlpaWl
paWlpaWlpaWlpaWlpaWlpaWlpaWlpaWlpaWlpaWlpaWlpaWlpaWlpaWlpaWlpaWlpaWlpaWlpaWlpaWlpaWlpaWlpaWlpaWlpaWlpaWl
paWlpaWlpaWlpaWlpaWlpaWlpaWlpaWlpaWlpaWlpaWlpaWlpaWlpaWlpaWlpaWlpaWlpaWlpaWlpaWlpaWlpaWlpaWlpaWlpaWlpaWl
paWlpaWlpaWlpaWlpaWlpaWlpaWlpaWlpaWlpaWlpaWlpaWlpaWlpaWlpaWlpaWlpaWlpaWlpaWlpaWlpaWlpaWlpaWlpaWlpaWlpaWl
paWlpaWlpaWlpaWlpaWlpaWlpaWlpaWlpaWlpaWlpaWlpaWlpaWlpaWlpaWlpaWlpaWlpaWlpaWlpaWlpaWlpaWlpaWlpaWlpaWlpaWl
paWlpaWlpaWlpaWlpaWlpaWlpaWlpaWlpaWlpaWlpaWlpaWlpaWlpaWlpaWlpaWlpaWlpaWlpaWlpaWlpaWlpaWlpaWlpaWlpaWlpaWl
paWlpaWlpaWlpaWlpaWlpaWlpaWlpaWlpaWlpaWlpaWlpaWlpaWlpaWlpaWlpaWlpaWlpaWlpaWlpaWlpaWlpaWlpaWlpaWlpaWlpaWl
paWlpaWlpaWlpaWlpaWlpaWlpaWlpaWlpaWlpaWlpaWlpaWlpaWlpaWlpaWlpaWlpaWlpaWlpaWlpaWlpaWlpaWlpaWlpaWlpaWlpaWl
paWlpaWlpaWlpaWlpaWlpaWlpaWlpaWlpaWlpaWlpaWlpaWlpaWlpaWlpaWlpaWlpaWlpaWlpaWlpaWlpaWlpaWlpaWlpaWlpaWlpaWl
paWlpaWlpaWlpaWlpaWlpaWlpaWlpaWlpaWlpaWlpaWlpaWlpaWlpaWlpaWlpaWlpaWlpaWlpaWlpaWlpaWlpaWlpaWlpaWlpaWlpaWl
paWlpaWlpaWlpaWlpaWlpaWlpaWlpaWlpaWlpaWlpaWlpaWlpaWlpaWlpaWlpaWlpaWlpaWlpaWlpaWlpaWlpaWlpaWlpaWlpaWlpaWl
paWlpaWlpaWlpaWlpaWlpaWlpaWlpaWlpaWlpaWlpaWlpaWlpaWlpaWlpaWlpaWlpaWlpaWlpaWlpaWlpaWlpaWlpaWlpaWlpaWlpaWl
paWlpaWlpaWlpaWlpaWlpaWlpaWlpaWlpaWlpaWlpaWlpaWlpaWlpaWlpaWlpaWlpaWlpaWlpaWSbwAjAAAAAAAAAAAAAAAAAAAAAAAA
AAAAAAAAAAAAAAAAAAAAAAAAAAAAAAAAAAAAAAAAAAAAAAAAAAAAAAAABIsAIwAAAAAAAAAAAAAAAAAAAAAAAAAAAAAAAAAAAAAAAAAA
AAAAAAAAAAAAAAAAAAAAAAAAAAAAAAAAAAAAAAAAAAAAAAAAAAAAAAAAAAAAAAAAAAAAAAAAAAAAAAAAAAAAAAAAAAAAAAAAAAAAAAAA
AAAAAAAAAAAAAAAAAAAAAAAAAAAAAGjsAEK2gwAjIAAAAHZxAgClpaWlMIgCAHTsAEIBAAAA+PgAQoaYAgD0+ABC9PgAQgAAAAAAAAAA
YPgAQnDsAEJo7ABCVLgLIwkAAABs7ABChpgCABgTAkIcEwJCpaWlpaWlpaVQ9wBCAAIAAAAAAAAAAAAAgHgAgAMAAAAAAAAAeC4DQgAA
AAClpaWlpaWlpaWlpaWlpaWlpaWlpaWlpaWlpaWlpaWlpaWlpaWlpaWlpaWlpRKCACOlpaWlIPEAQgAAAAC8/gBCvP4AQpT4AEK0/gBC
IAAAAAAAAAAAAAAAlPgAQgAAAAAAAAAAjPAAQklETEUAAAAAAAAAAAAAAAAAAAAAAgAAAAAAAAAAAAAAAAAAAAAAAAAAAgAAUPcAQoaY
AgBQAQFChL4BQvT4AEJIAQFCAQAAAEACAUJAAgFC9PgAQjgCAUIfAAAAVPIAQlRtciBTdmMAAAAAAAAAAAAAAAAAAwAAAAAAAAAfAAAA
AAAAAAAAAAAAAgAAWyAgICAxNjYwOTJdW0lORk86IGJsX2lycS5jOiAyMDJdIEV4Y2VwdGlvbiBjb2RlOiAxMQ0KACAyMzBiOWE4Yywg
bXR2YWwgMDAwMDAwMDANCgANCgAyMDFhODg4IFM1OjQyMDI2M2NjIFM2OjQyMDI2MzZjIFM3OjAwMDAwMDAxDQoAIDAbWzBtDQoAAAAg
YTAgOGEgMDEgNDIgMDAgYzAgMGIgMjMgMDAgYzAgMGIgMjMgMDAgYzAgDQoAAAAAAAAAAAAAAAAAAAAAAAAAAAAAAAAAAAAAAAAAAAAA
AAAAAAAAAAAAAAAAAAAAAAAAAAAAAAAAAAAAAAAAAAAAAAAAAAAAAAAAAAAAAAAAAAAAAAAAAAAAAAAAAAAAAAAAAAAAAAAAAAAAAAAA
AAAAAAAAAAAAAAAAAAAAAAAAAAAAAAAAAAAAAAAAAAAAAAAAAAAAAAAAAAAAAAAAAAAAAAAAAAAAAAAAAAAAAAAAAAAAAAAAAAAAAAAA
AAAAAAAAAAAAAAAAAAAAAAAAAAAAAAAAAAAAAAAAAAAAAAAAAAAAAAAAAAAAAAAAAAAAAAAAAAAAAAAAAAAAAAAAAAAAAAAAAAAAAAAA
AAAAAAAAAAAAAAAAAAAAAAAAAAAAAAAAAAAAAAAAAAAAAAAAAAAAAAAAAAAAAAAAAAAAAAAAAAAAAAAAAAAAAAAAAAAAAAAAAAAAAAAA
AAAAAAAAAAAAAAAAAAAAAAAAAAAAAAAAAAAAAAAAAAAAAAAAAAAAAAAAAAAAAAAAAAAAAAAAAAAAAAAAAAAAAAAAAAAAAAAAAAAAAAAA
AAAAAAAAAAAAAAAAAAAAAAAAAAAAAAAAAAAAAAAAAAAAAAAAAAAAAAAAAAAAAAAAAAAAAAAAAAAAAAAAAAAAAAAAAAAAAAAAAAAAAAAA
AAAAAAAAAAAAAAAAAAAAAAAAAAAAAAAAAAAAAAAAAAAAAAAAAAAAAAAAAAAAAAAAAAAAAAAAAAAAAAAAAAAAAAAAAAAAAAAAAAAAAAAA
AAAAAAAAAAAAAAAAAAAAAAAAAAAAAAAAAAAAAAAAAAAAAAAAAAAAAAAAAAAAAAAAAAAAAAAAAAAAAAAAAAAAAAAAAAAAAAAAAAAAAAAA
AAAAAAAAAAAAAAAAAAAAAAAAAAAAAAAAAAAAAAAAAAAAAAAAAAAAAAAAAAAAAAAAAAAAAAAAAAAAAAAAAAAAAAAAAAAAAAAAAAAAAAAA
AAAAAAAAAAAAAAAAAAAAAAAAAAAAAAAAAAAAAAAAAAAAAAAAAAAAAAAAAAAAAAAAAAAAAAAAAAAAAAAAAAAAAAAAAAAAAAAAAAAAAAAA
AAAAAAAAAAAAAAAAAAAAAAAAAAAAAAAAAAAAAAAAAAAAAAAAAAAAAAAAAAAAAAAAAAAAAAAAAAAAAAAAAAAAAAAAAAAAAAAAAAAAAAAA
AAAAAAAAAAAAAAAAAAAAAAAAAAAAAAAAAAAAAAAAAAAAAAAAAAAAAAAAAAAAAAAAAAAAAAAAAAAAAAAAAAAAAAAAAAAAAAAAAAAAAAAA
AAAAAAAAAAAAAAAAAAAAAAAAAAAAALHaAADMAAAAYqgAADsAAAAAAAAA/////wAAAAD/////AAAAAP////8AAAAA/////wAAAAD/////
AAAAAP////8AAAAA/////wAAAAD/////AAAAAP////8AAAAA/////wAAAAD/////AAAAAP////8AAAAA/////wAAAAD/////AAAAAAAA
AAAAAAAAAAAAAAAAAAAAAAAAAAAAAAAAAAAAAAAA/////wAAAAD/////AAAAAP////8AAAAA/////wAAAAABAAAAmPgAQv////+Y+ABC
mPgAQgAAAADQ/gBC/////9D+AELQ/gBCAAAAAOT+AEL/////5P4AQuT+AEIAAAAA+P4AQv/////4/gBC+P4AQgEAAADkZAJC/////+Rk
AkLkZAJCAAAAACD/AEL/////IP8AQiD/AEIAAAAANP8AQv////80/wBCNP8AQgAAAABI/wBC/////0j/AEJI/wBCAAAAAFz/AEL/////
XP8AQlz/AEIAAAAAcP8AQv////9w/wBCcP8AQgAAAACE/wBC/////4T/AEKE/wBCAAAAAJj/AEL/////mP8AQpj/AEIAAAAArP8AQv//
//+s/wBCrP8AQgAAAADA/wBC/////8D/AELA/wBCAAAAANT/AEL/////1P8AQtT/AEIAAAAA6P8AQv/////o/wBC6P8AQgAAAAD8/wBC
//////z/AEL8/wBCAAAAABAAAUL/////EAABQhAAAUIAAAAAJAABQv////8kAAFCJAABQgAAAAA4AAFC/////zgAAUI4AAFCAAAAAEwA
AUL/////TAABQkwAAUIAAAAAYAABQv////9gAAFCYAABQgAAAAB0AAFC/////3QAAUJ0AAFCAAAAAIgAAUL/////iAABQogAAUIAAAAA
nAABQv////+cAAFCnAABQgAAAACwAAFC/////7AAAUKwAAFCAAAAAMQAAUL/////xAABQsQAAUIAAAAA2AABQv/////YAAFC2AABQgAA
AADsAAFC/////+wAAULsAAFCAAAAAAABAUL/////AAEBQgABAUIAAAAAFAEBQv////8UAQFCFAEBQgAAAAAoAQFC/////ygBAUIoAQFC
AAAAADwBAUL/////PAEBQjwBAUIDAAAAUAEBQv////9cpgJC+PgAQgAAAABkAQFC/////2QBAUJkAQFCAAAAAHgBAUL/////eAEBQngB
AUIIAAAAjAEBQv/////cPAFCJKoBQgAAAACgAQFC/////6ABAUKgAQFCAQAAAC+IAgB4LgNCPFwAIwMAAAAAAAAAeC4DQgAAAAADAAAA
AAAAAHguA0IYHgNCBAAAADB1AAB4LgNCPFwAIwEAAAD0AQFC/////xwTAkIcEwJCAAAAAAgCAUL/////CAIBQggCAUKsAQFCzAEBQuwB
AUK8AQFCAAAAACwCAUL/////LAIBQiwCAUIBAAAAQAIBQv////8M+QBCDPkAQgAAAAAEAAAAEAAAAP//AQAAAAAAAAAAAPDVACNonQFC
+tUAI2idAUIAAAAAAAAAAAAAAAAAAAAAAAAAAAAAAAAAAAAAAAAAAAAAAAAAAAAAAAAAAAAAAAAAAAAAAAAAAAAAAAAAAAAAAAAAAAAA
AAAAAAAAAAAAAAAAAAAAAAAAAAAAAAAAAAAAAAAAAAAAAAAAAAAAAAAAAAAAAAAAAAAAAAAAAAAAAAAAAAAAAAAAAAAAAOjcACMAAAAA
AAAAAAAAAAAAAAAAAAAAAAAAAAAAAAAAAAAAAAAAAAAAAAAAAAAAAAAAAAAAAAAAHpEAIwAAAAAAAAAAAAAAAAAAAAAAAAAAAAAAAAAA
AAAAAAAAAAAAAAAAAAAAAAAAAAAAAAAAAAAAAAAAAAAAAAAAAAAAAAAAAAAAAAAAAAAAAAAAAAAAAAAAAAAAAAAAAAAAAGZcASMAAAAA
0lMHIwAAAAAAAAAAAAAAAAAAAAAAAAAAAAAAALZcASMAAAAAAAAAAAAAAAAAAAAAAAAAAAAAAAAAAAAAAAAAAAAAAAAAAAAAAAAAAAAA
AAAAAAAAAAAAAAAAAAAAAAAAAAAAAAAAAAAAAAAAAAAAAAAAAAAAAAAAAAAAAAAAAAAAAAAAAAAAAAAAAAAAAAAAAAAAAAAAAAAAAAAA
OIsBQgAAAAAAAAAAAAAAAAAAAAAAAAAAAAAAAAAAAAAAAAAAAAAAAAAAAAAAAAAAAAAAAAAAAAAAAAAAAAAAAAAAAAAAAAAAAAAAAAAA
AAAAAAAAAAAAAAAAAAAAAAAAAAAAAAAAAAAAAAAAAAAAAAAAAAAAAAAAAAAAAAAAAAAAAAAAAAAAAAAAAAAAAAAAAAAAAAAAAAAAAAAA
AAAAAAAAAAAAAAAAAAAAAAAAAAAAAAAAAAAAAAAAAAAAAAAAAAAAAHwLczF9fNAh6AF7yQDtpowxM5nl2K9ggBB079KxRglCAAAAACQF
AUIAAAAAAAAAAAAAAAA8BQFC/////zwFAUI8BQFCAAAAAFAFAUL/////UAUBQlAFAUIBAAAAAQAAAAAAAAD//wEAAAAAAAEAAAAAAAAA
LAEAAAQAAAAAAAAAAAAAAAAAAAAAAAAAAAAAACi4AUIBAAAAAQAAAAAAAAAAAAAABQAAAAAAAAAgIDAgICAwICAgMCAgIDAgICAwICAg
MCAgIDAgICAwICAgMCAgIDAgICAwICAgMCAgIDAgICAwIABhYSAwMyBhYiA1YyBhYiBiNSBhYiA4YSBhYyAwYyA5ZiAwYiAyMyA2OCBj
MSAwYiAyMyBhMCA4YSAwMSA0MiAwMCBjMCAwYiAyMyAwMCBjMCAwYiAyMyAwMCBjMCAAAAAAAAAAAAAAAAAAAAAAAAAAAAAAAAAAAAAA
AAAAAAAAAAAAAAAAAAAAAAAAAAAAAAAAAAAAAAAAAAAAAAAAAAAAAAAAAAAAAAAAAAAAAAAAAAAAAAAAAAAAAAAAAAAAAAAAAAAAAAAA
AAAAAAAAAAAAAAAAAAAAAAAAAAAAAAAAAAAAAAAAAAAAAAAAAAAAAAAAAAAAAAAAAAAAAAAAAAAAAAAAAAAAAAAAAAAAAAAAAAAAAAAA
AAAAAAAAAAAAAAAAAAAAAAAAAAAAAAAAAAAAAAAAAAAAAAAAAAAAAAAAAAAAAAAAAAAAAAAAAAAAAAAAAAAAAAAAAAAAAAAAAAAAAAAA
AAAAAAAAAAAAAAAAAAAAAAAAAAAAAAAAAAAAAAAAAAAAAAAAAAAAAAAAAAAAAAAAAAAAAAAAAAAAAAAAAAAAAAAAAAAAAAAAAAAAAAAA
AAAAAAAAAAAAAAAAAAAAAAAAAAAAAAAAAAAAAAAAAAAAAAAAAAAAAAAAAAAAAAAAAAAAAAAAAAAAAAAAAAAAAAAAAAAAAAAAAAAAAAAA
AAAAAAAAAAAAAAAAAAAAAAAAAAAAAAAAAAAAAAAAAAAAAAAAAAAAAAAAAAAAAAAAAAAAAAAAAAAAAAAAAAAAAAAAAAAAAAAAAAEAAAAA
AAAAAAAAAAAAAAAAAAAAAAAAAAAAAAAAAAAAAAAAAAAAAAAAAAAAAAAAAAAAAAAAAAAAAAAAAAAAAAAAAAAAAAAAAAAAAAAAAAAAAAAA
AAAAAAAAAAAAAAAAAAAAAAAAAAAAAAAAAAAAAAAAAAAAAAAAAAAAAAAAAAAAAAAAAAAAAAAAAAAAAQAAAAAAAAAAAAAAAAAAAAAAAAAA
AAAAAAAAAAAAAAAAAAAAAAAAAAAAAAAAAAAAAAAAAAAAAAAAAAAAAAAAAAAAAAAAAAAAAAAAAAAAAAAAAAAAAAAAAAAAAAAAAAAAAAAA
AAAAAAAAAAAAAAAAAAAAAAAAAAAAAAAAAAAAAAAAAAAAAAAAAAAAAAABAAAAAAAAAAAAAAAAAAAAAAAAAAAAAAAAAAAAAAAAAAAAAAAA
AAAAAAAAAAAAAAAAAAAAAAAAAAAAAAAAAAAAAAAAAAAAAAAAAAAAAAAAAAAAAAAAAAAAAAAAAAAAAAAAAAAAAAAAAAAAAAAAAAAAAAAA
AAAAAAAAAAAAAAAAAAAAAAAAAAAAAAAAAAEAAAAAAAAAAAAAAAAAAAAAAAAAAAAAAAAAABkAAAAAAAAAAAAAAAAAAAAAAAAAGQAAABkA
AAAZAAAAGQAAAAAAAAAAAAAAAAAAAAAAAAABAAAAeW91cmFwc3N3b3JkAAAAgDCLAgBQiwFCSIsBQuiMACMCAAAAAAAAAAAAAAAAAAAA
AAAAAAAAAAAAAAAAtm3bAAAAAAUAAAAAAAAAAAAAAACXB5YHlQeTB5IHkQePB44HjQeMB4oHiQeIB4cHhQeEB4MHggeBB4AHfgYAAKkI
AAAAAAAAqQgAAAAAAACpCAAAAAAAAKkIAAAAAAAAWMY/AAgAAACWhj8ACgAAAJWJPwAGAAAAFqk/AAUAAAAVCUAABgAAABaIPwADAAAA
k3lAAAgAAAASqkAABwAAANwLAUIAAAAAAAAAAAAAAAAAAAAAAAAAAAAAAAAAAAAAAAAAAAAAAAAAAAAAAAAAAP8AAAAAAAAAAAAAAAAA
AAAAAAAAAAAAAAAAAAAAAAAAAAAAAAgiBEIAAAAAAAAAAAAAAAAAAAAA6CMEQvBDBEIAAAAAAAAAAAAAAAAAAAAAAAAAAAAAAAAAAAAA
AAAAAAAAAAAAAAAAAAAAAAAAAAAAAAAAAAAAAAAAAAAAAAAAAAAAAAAAAAAAAAAAAAAAAAAAAAAAAAAAAAAAAEyxASMECwFCAAAAALQM
AUIAAAAAAAAAAAAAAAAAAAAAAAAAAAAAAAAAAAAAAAAAAAAAAAAAAAAAAAAAAP8AAAAAAAAAAAAAAAAAAAAAAAAAAAAAAAAAAAAAAAAA
AAAAAEQiBEIAAAAAAAAAAAAAAAAAAAAARCcEQjhEBEIAAAAAAAAAAAAAAAAAAAAAAAAAAAAAAAAAAAAAAAAAAAAAAAAAAAAAAAAAAAAA
AAAAAAAAAAAAAAAAAAAAAAAAAAAAAAAAAAAAAAAAAAAAAAAAAAAAAAAAAAAAAEyxASPcCwFCAAAAAIwNAUIAAAAAAAAAAAAAAAAAAAAA
AAAAAAAAAAAAAAAAAAAAAAAAAAAAAAAAAAAAAP8AAAAAAAAAAAAAAAAAAAAAAAAAAAAAAAAAAAAAAAAAAAAAAIAiBEIAAAAAAAAAAAAA
AAAAAAAAoCoEQoBEBEIAAAAAAAAAAAAAAAAAAAAAAAAAAAAAAAAAAAAAAAAAAAAAAAAAAAAAAAAAAAAAAAAAAAAAAAAAAAAAAAAAAAAA
AAAAAAAAAAAAAAAAAAAAAAAAAAAAAAAAAAAAAEyxASO0DAFCAAAAAAAAAAAAAAAAAAAAAAAAAAAAAAAAAAAAAAAAAAAAAAAAAAAAAAAA
AAAAAAAAAAAAAP8AAAAAAAAAAAAAAAAAAAAAAAAAAAAAAAAAAAAAAAAAAAAAALwiBEIAAAAAAAAAAAAAAAAAAAAA/C0EQshEBEIAAAAA
AAAAAAAAAAAAAAAAAAAAAAAAAAAAAAAAAAAAAAAAAAAAAAAAAAAAAAAAAAAAAAAAAAAAAAAAAAAAAAAAAAAAAAAAAAAAAAAAAAAAAAAA
AAAAAAAAAAAAAEyxASOMDQFCAAAAADwPAUIAAAAAAAAAAAAAAAAAAAAAAAAAAAAAAAAAAAAAAAAAAAAAAAAAAAAAAAAAAP8AAAAAAAAA
AAAAAAAAAAAAAAAAAAAAAAAAAAAAAAAAAAAAAPgiBEIAAAAAAAAAAAAAAAAAAAAAWDEEQhBFBEIAAAAAAAAAAAAAAAAAAAAAAAAAAAAA
AAAAAAAAAAAAAAAAAAAAAAAAAAAAAAAAAAAAAAAAAAAAAAAAAAAAAAAAAAAAAAAAAAAAAAAAAAAAAAAAAAAAAAAAAAAAAEyxASNkDgFC
AAAAABQQAUIAAAAAAAAAAAAAAAAAAAAAAAAAAAAAAAAAAAAAAAAAAAAAAAAAAAAAAAAAAP8AAAAAAAAAAAAAAAAAAAAAAAAAAAAAAAAA
AAAAAAAAAAAAADQjBEIAAAAAAAAAAAAAAAAAAAAAtDQEQlhFBEIAAAAAAAAAAAAAAAAAAAAAAAAAAAAAAAAAAAAAAAAAAAAAAAAAAAAA
AAAAAAAAAAAAAAAAAAAAAAAAAAAAAAAAAAAAAAAAAAAAAAAAAAAAAAAAAAAAAAAAAAAAAEyxASM8DwFCAAAAAOwQAUIAAAAAAAAAAAAA
AAAAAAAAAAAAAAAAAAAAAAAAAAAAAAAAAAAAAAAAAAAAAP8AAAAAAAAAAAAAAAAAAAAAAAAAAAAAAAAAAAAAAAAAAAAAAHAjBEIAAAAA
AAAAAAAAAAAAAAAAEDgEQqBFBEIAAAAAAAAAAAAAAAAAAAAAAAAAAAAAAAAAAAAAAAAAAAAAAAAAAAAAAAAAAAAAAAAAAAAAAAAAAAAA
AAAAAAAAAAAAAAAAAAAAAAAAAAAAAAAAAAAAAAAAAAAAAEyxASMUEAFCAAAAAAQLAUIAAAAAAAAAAAAAAAAAAAAAAAAAAAAAAAAAAAAA
AAAAAAAAAAAAAAAAAAAAAP8AAAAAAAAAAAAAAAAAAAAAAAAAAAAAAAAAAAAAAAAAAAAAAKwjBEIAAAAAAAAAAAAAAAAAAAAAbDsEQuhF
BEIAAAAAAAAAAAAAAAAAAAAAAAAAAAAAAAAAAAAAAAAAAAAAAAAAAAAAAAAAAAAAAAAAAAAAAAAAAAAAAAAAAAAAAAAAAAAAAAAAAAAA
AAAAAAAAAAAAAAAAAAAAAEyxASPsEAFCAAAAAA8jwQfs/QsjAwAAAAMAAAAAAAAAAAAAQAoAAwBAQgkMTgAZACoSAADLjMQH7P0LIwMA
AAADAAAAAAAAAAAAAEACAAMAQEIJDE4AGQAIEQAAcPbHB+z9CyMDAAAAAwAAAAAAAAAZAABmCQQDAEBCCoxOABkALjsAAF1gywfs/Qsj
AwAAAAMAAAAAAAAAAAAAQAIAAwBAQgkMTgAZAAgRAAAQFYEF7P0LIwMAAAADAAAAAAAAABkAAGYJBAMAQEIKjE4AGQAqOwAAVX6EBez9
CyMDAAAAAwAAAAAAAAAZAABhYUwDAEBCCoxOABkAKhsAAAXohwXs/QsjAwAAAAMAAAAAAAAAAAAAQAIAAwBAQgkMTgAZAAgRAADSaKIH
7P0LIwMAAAADAAAAAAAAAAAAAEACAAMAQEAJDE4AGQAIEQAAXdKlB+z9CyMDAAAAAwAAAAAAAAAAAABAAQADAEBACQxOABkACBEAAJk9
qQfs/QsjAwAAAAMAAAAAAAAAAAAAQAIAAwBAQgkMTgAZAAgRAAC3p6wH7P0LIwMAAAADAAAAAAAAABkAAGFpTAMAQEIKjE4AGQAqGwAA
ZxGwB+z9CyMDAAAAAwAAAAAAAAAAAABAYUgDAEBCCQxNBxkACBEAAD57swfs/QsjAwAAAAMAAAAAAAAAAAAAQAEAAwBAQgkMSgEZAAAA
AAAf5bYH7P0LIwMAAAADAAAAAAAAABkAAGYBBAMAQEIKjE4AGQAqGwAARU+6B+z9CyMDAAAAAwAAAAAAAAAZAABmCQQDAEBCCoxOABkA
KhsAAH25vQfs/QsjAwAAAAMAAAAAAAAAEAAAZgkEAwBAQgkMTQcZAAAAAAAAAAAAAAAAAAAAAAAAAAAAAAAAAAAAAAAAAAAAAAAAAAAA
AAAAAAAAAAAAAAAAAAAAAAAAAAAAAAAAAAAAAAAAAAAAAAAAAAAAAAAAAAAAAAAAAAAAAAAAAAAAAAAAAAAAAAAAAAAAAAAAAAAAAAAA
AAAAAAAAAAAAAAAAAAAAAAAAAAAAAAAAAAAAAAAAAAAAAAAAAAAAAAAAAAAAAAAAAAAAAAAAAAAAAAAAAAAAAAAAAAAAAAAAAAAAAAAA
AAAAAAAAAAAAAAAAAAAAAAAAAAAAAAAAAAAAAAAAAAAAAAAAAAAAAAAAAAAAAAAAAAAAAAAAAAAAAAAAAAAAAAAAAAAAAAAAAAAAAAAA
AAAAAAAAAAAAAAAAAAAAAAAAAAAAAAAAAAAAAAAAAAAAAAAAAAAAAAAAAAAAAAAAAAAAAAAAAAAAAAAAAAAAAAAAAAAAAAAAAAAAAAAA
AAAAAAAAAAAAAAAAAAAAAAAAAAAAAAAAAAAAAAAAAAAAAAAAAAAAAAAAAAAAAAAAAAAAAAAAAAAAAAAAAAAAAAAAAAAAAAAAAAAAAAAA
AAAAAAAAAAAAAAAAAAAAAAAAAAAAAAAAAAAAAAAAAAAAAAAAAAAAAAAAAAAAAAAAAAAAAAAAAAAAAAAAAAAAAAAAAAAAAAAAAAAAAAAA
AAAAAAAAAAAAAAAAAAAAAAAAAAAAAAAAAAAAAAAAAAAAAAAAAAAAAAAAAAAAAAAAAAAAAAAAAAAAAAAAAAAAAAAAAAAAAAAAAAAAAAAA
AAAAAAAAAAAAAAAAAAAAAAAAAAAAAAAAAAAAAAAAAAAAAAAAAAAAAAAAAAAAAAAAAAAAAAAAAAAAAAAAAAAAAAAAAAAAAAAAAAAAAAAA
AAAAAAAAAAAAAAAAAAAAAAAAAAAAAAAAAAAAAAAAAAAAAAAAAAAAAAAAAAAAAAAAAAAAAAAAAAAAAAAAAAAAAAAAAAAAAAAAAAAAAAAA
AAAAAAAAAAAAAAAAAAAAAAAAAAAAAAAAAAAAAAAAAAAAAAAAAAAAAAAAAAAAAAAAAAAAAAAAAAAAAAAAAAAAAAAAAAAAAAAAAAAAAAAA
AAAAAAAAAAAAAAAAAAAAAAAAAAAAAAAAAAAAAAAAAAAAAAAAAAAAAAAAAAAAAAAAAAAAAAAAAAAAAAAAAAAAAAAAAAAAAAAAAAAAAAAA
AAAAAAAAAAAAAAAAAAAAAAAAAAAAAAAAAAAAAAAAAAAAAAAAAAAAAAAAAAAAAAAAAAAAAAAAAAAAAAAAAAAAAAAAAAAAAAAAAAAAAAAA
AAAAAAAAAAAAAAAAAAAAAAAAAAAAAAAAAAAAAAAAAAAAAAAAAAAAAAAAAAAAAAAAAAAAAAAAAAAAAAAAAAAAAAAAAAAAAAAAAAAAAAAA
AAAAAAAAAAAAAAAAAAAAAAAAAAAAAAAAAAAAAAAAAAAAAAAAAAAAAAAAAAAAAAAAAAAAAAAAAAAAAAAAAAAAAAAAAAAAAAAAAAAAAAAA
AAAAAAAAAAAAAAAAAAAAAAAAAAAAAAAAAAAAAAAAAAAAAAAAAAAAAAAAAAAAAAAAAAAAAAAAAAAAAAAAAAAAAAAAAAAAAAAAAAAAAAAA
AAAAAAAAAAAAAAAAAAAAAAAAAAAAAAAAAAAAAAAAAAAAAAAAAAAAAAAAAAAAAAAAAAAAAAAAAAAAAAAAAAAAAAAAAAAAAAAAAAAAAAAA
AAAAAAAAAAAAAAAAAAAAAAAAAAAAAAAAAAAAAAAAAAAAAAAAAAAAAAAAAAAAAAAAAAAAAAAAAAAAAAAAAAAAAAAAAAAAAAAAAAAAAAAA
AAAAAAAAAAAAAAAAAAAAAAAAAAAAAAAAAAAAAAAAAAAAAAAAAAAAAAAAAAAAAAAAAAAAAAAAAAAAAAAAAAAAAAAAAAAAAAAAAAAAAAAA
AAAAAAAAAAAAAAAAAAAAAAAAAAAAAAAAAAAAAAAAAAAAAAAAAAAAAAAAAAAAAAAAAAAAAAAAAAAAAAAAAAAAAAAAAAAAAAAAAAAAAAAA
AAAAAAAAAAAAAAAAAAAAAAAAAAAAAAAAAAAAAAAAAAAAAAAAAAAAAAAAAAAAAAAAAAAAAAAAAAAAAAAAAAAAAAAAAAAAAAAAAAAAAAAA
AAAAAAAAAAAAAAAAAAAAAAAAAAAAAAAAAAAAAAAAAAAAAAAAAAAAAAAAAAAAAAAAAAAAAAAAAAAAAAAAAAAAAAAAAAAAAAAAAAAAAAAA
AAAAAAAAAAAAAAAAAAAAAH8AAAH/AAAAfwAAAeZHBCMUiwQjAAAAAAAAAAAAAAAAAAAAAAAAAAAAAAAAAAAAAAAAAAAAAAAAAAAAAAAF
bG8AAAAAAAAAAAAAAAAAAAAAAAAAAAAAAAAAAAAAAAAAAAAAAAAAAAAAAAAAAAAAAAAACgYAAAAAAAAAAAAAAAAAAAAAAACt4wm0HZ/7
ofa/i6GluKUAUIB4v0vuq7Skg89t+Zjh8xYqeElGSbc47gNh57i1bgBNeTB4TjFRd09TNHpNaTR4T1NCVlZFTVx1MDAzZCIsInJhbmQi
OiJOemRpWkRrek1tRTRZMk13TkdJek1HRmlObUppTXpkalpUazFaV0U0WkdZNE5HVmtORFF6TXpNd09XUXlaV0ZsTXpNeE5EQmpOalE0
T1RReFl6VmlPQVx1MDAzZFx1MDAzZCIsInJlZ2lvbmFsZGF0ZXRpbWUiOiJNakF5TlMwd015MHhOMVF4T0M0ek1pNHhPU0JIVFZRck1E
azZNREFcdTAwM2QiLCJzcHViIjoiUkZYWExxZmtGV2FFWGVsWGo2a3FsX0s5MjVFNkp0WGp6ZHFKZzY5NFppNFx1MDAzZCIsInRpbWV6
b25laWQiOiJRWE5wWVM5VFpXOTFiQVx1MDAzZFx1MDAzZCJ9fQAAAAAAAAAAAAAAAAAAAAAAAAAAAAAAAAAAAAAAAAAAAAAAAAAAAAAA
AAAAAAAAAAAAAAAAAAAAAAAAAAAAAAAAAAAAAAAAAAAAAAAAAAAAAAAAAAAAAAAAAAAAAAAAAAAAAAAAAAAAAAAAAAAAAAAAAAAAAAAA
AAAAAAAAAAAAAAAAAAAAAAAAAAAAAAAAAAAAAAAAAAAAAAAAdQBCDIMFWWY3TXowMDEEAQAAAAAAAAoDCE8AAAIBBBv/dQBCDIMFWWY3
TXowMDEEAQAAAAAAAAoDCE8AAAAAAAAAAAAAAAAAAAAAAAAAAAAAAAAAAAAAABzbAEIoswUjaKgBQg4AAAB1AGNYM1g1eEcAAAAPCVN3
aXRjaCBFeGFtcGxlCv91AGNYM1g1eEcAAAAAAJieACiYngAoAAAAAAAAAAAAAAAAhJ4AKISeACj7+gMAowAAAAAAAADIAAAAAQEAAAAA
AAAAAAAAAAAAAAAAAAAAAAAAAAAAAAEFAAAAACAgAAAAAAAAAAAAACAgAAAAAAAAAACvDe7VpGbIzgwYvWNiiy5DQAKEDdfcUI0HY/gw
cWlrJQi1f6LpTVABwIkjQ2F3ysUSCHF+xOTuwpN8BbPTUMTnyB8BQhTdAEIUIQFCAAAAAAAAAABwPAgjAAAAAAAAAACwLgNCWLQII6ge
AUIAAAAAAAAAAAEAAAAFAAAAAAAAAAAAAAAAAAAAAAAAAAUAAAAAAAAAAAAAAAAAAAAAAAAAAAAAAAAAAAAAAAAAAAAAAAAAAAAAAAAA
AAAAAAAAAAAAAAAAAAAAAAAAAAAAAAAAAAAAAAAAAAAAAAAAAAAAAAAAAABi1QgjAAAAAAAAAAAAAAAAAAAAAAAAAAAAAAAAAAAAAAAA
AAAAAAAAAAAAAAAAAAAAAAAAAAAAAAAAAAAAAAAAAAAAAAAAAAAAAAAAAAAAAAAAAAAAAAAAAAAAAAAAAAAAAAAAAAAAAAAAAAAAAAAA
AAAAAAAAAAAAAAAAAAAAAAAAAAAAAAAAAAAAAAAAAQEAAgAAAAEBAAAEAAAAAAAAOB8BQjgfAUIAAAAAAAAAAAAAAAAAAAAA0kIIIwAA
AACYLANCAN0AQgDdAELsIwFCFCEBQgEAAAAAAAAAYFIIIwAAAAAAAAAAYCwDQli0CCMUIAFCAAAAAAAAAAABqdrRlHtHAana0ZR7RwBi
l0zPDrQAJwAQACAAAAD0AQAAkAGveQEIAAAAAAAAAAAAAAAAAAAAAAAAAAAAAAAAAAAAAAAAAAAAAAAAAAAAAAAAAAAAAAAAAAAAAAAA
AAAAAAAAAAANAAAAAAAIaQgjAAAAAAAAAACAKwNCWLQII6AgAUIAAAAAAAAAAAIAAAAAAAAAAAAAAAAAAAAAAAAAAAAAAAAAAAAAAAAA
AAAAAAAAAAAAAAAAAAAAAAAAAAAAAAAAAAAAAAAAAAAAAAAAAAAAAMgfAUJo3QBCAAAAAAAAAAAAAAAAcDwIIwAAAAAAAAAA6C4DQli0
CCMcIQFCAAAAAAAAAAABAAAABgAAAAAAAAAAAAAAAAAAAAAAAAAGAAAAAAAAAAAAAAAAAAAAAAAAAAAAAAAAAAAAAAAAAAAAAAAAAAAA
AAAAAAAAAAAAAAAAAAAAAAAAAAAAAAAAAAAAAAIAAAAAAAAAAAAAAAAAAAAAAAAAAAAAAAAAAAAAAAAAAAAAAAAAAAAAAAAAAAAAAAAA
AAAAAAAAAAAAAAAAAAAAAAAAAAAAAAAAAAAAAAAAAAAAAAAAAAAAAAAAAAAAAAAAAAAAAAAAAAAAAAAAAAAAAAAAAAAAAAAAAAAAAAAA
AAAAAAAAAAAAAAAAAAAAAAAAAAAAAAAAAAAAAAAAAAAAAAAAAAAAAAAAAAAAAAAAAAAAAAAAAAAAAAAAAAAAAAAAAAAAAAAAAAAAAAAA
AAAAAAAAAAAAAAAAAAAAAAAAAAAAAAAAAAAAAAAAAAAAAKZ4CCMAAAAAAAAAACAvA0JYtAgjiCIBQgAAAAAAAAAAAAAAAAAAAAAAAAAA
AAAAAAAAAAAAAAAAAAAAAAAAAAAAAAAAAAAAAAAAAAAAAAAAAAAAAAAAAAAAAAAAAAAAAAAAAAAAAAAAAAAAAAAAAAAAAAAAAAAAAAAA
AAAAAAAAAAAAAAAAAAAAAAAAAAAAAAAAAAAAAAAAAAAAAAAAAAAAAAAAAAAAAAAAAAAAAAAAAAAAAAAAAAAAAAAAAAAAAAAAAAAAAAAA
AAAAAAAAAAAAAAAAAAAAAAAAAAAAAAAAAAAAAAAAAAAAAAAAAAAAAAAAAAAAAAAAAAAAAAAAAAAAAAAAAAAAAAAAAAAAAAAAAAAAAAAA
AAAAAAAAAAAAAAAAAAAAAAAAAAAAAAAAAAAAAAAAAAAAAAAAAAAAAAAAAAAAAAAAAAAAAAAAAAAAAAAAAAAAAAAAyB8BQqTdAEKgHgFC
AAAAAAAAAABwPAgjAAAAAAAAAACYLQNCWLQII/QjAUIAAAAAAAAAAAEAAAAEABcAAAAAAAAAAAAAAAAAAAAAAAQAFwAAAAAAAAAAAAAA
AAAAAAAAAAAAAAAAAAAAAAAAAAAAAAAAAAAAAAAAAAAAAAAAAAAAAAAAAAAAAAAAAAAAAAAAAAAAAAAAAAAAAAAAAAAAAAAAAABszQgj
AAAAAAAAAAB4LgNCWLQII4QkAUIAAAAAAAAAAEAtA0KsJAFCrCQBQtAtA0K4JAFCuCQBQgAAAAAAAAAAAAAAAAAAAAAAAAAAAAAAAKWl
paWlpaWlpaWlpaWlpaWlpaWlpaWlpaWlpaWlpaWlpaWlpaWlpaWlpaWlpaWlpaWlpaWlpaWlpaWlpaWlpaWlpaWlpaWlpaWlpaWlpaWl
paWlpaWlpaWlpaWlpaWlpaWlpaWlpaWlpaWlpaWlpaWlpaWlpaWlpaWlpaWlpaWlpaWlpaWlpaWlpaWlpaWlpaWlpaWlpaWlpaWlpaWl
paWlpaWlpaWlpaWlpaWlpaWlpaWlpaWlpaWlpaWlpaWlpaWlpaWlpaWlpaWlpaWlpaWlpaWlpaWlpaWlpaWlpaWlpaWlpaWlpaWlpaWl
paWlpaWlpaWlpaWlpaWlpaWlpaWlpaWlpaWlpaWlpaWlpaWlpaWlpaWlpaWlpaWlpaWlpaWlpaWlpaWlpaWlpaWlpaWlpaWlpaWlpaWl
paWlpaWlpaWlpaWlpaWlpaWlpaWlpaWlpaWlpaWlpaWlpaWlpaWlpaWlpaWlpaWlpaWlpaWlpaWlpaWlpaWlpaWlpaWlpaWlpaWlpaWl
paWlpaWlpaWlpaWlpaWlpaWlpaWlpaWlpaWlpaWlpaWlpaWlpaWlpaWlpaWlpaWlpaWlpaWlpaWlpaWlpaWlpaWlpaWlpaWlpaWlpaWl
paWlpaWlpaWlpaWlpaWlpaWlpaWlpaWlpaWlpaWlpaWlpaWlpaWlpaWlpaWlpaWlpaWlpaWlpaWlpaWlpaWlpaWlpaWlpaWlpaWlpaWl
paWlpaWlpaWlpaWlpaWlpaWlpaWlpaWlpaWlpaWlpaWlpaWlpaWlpaWlpaWlpaWlpaWlpaWlpaWlpaWlpaWlpaWlpaWlpaWlpaWlpaWl
paWlpaWlpaWlpaWlpaWlpaWlpaWlpaWlpaWlpaWlpaWlpaWlpaWlpaWlpaWlpaWlpaWlpaWlpaWlpaWlpaWlpaWlpaWlpaWlpaWlpaWl
paWlpaWlpaWlpaWlpaWlpaWlpaWlpaWlpaWlpaWlpaWlpaWlpaWlpaWlpaWlpaWlpaWlpaWlpaWlpaWlpaWlpaWlpaWlpaWlpaWlpaWl
paWlpaWlpaWlpaWlpaWlpaWlpaWlpaWlpaWlpaWlpaWlpaWlpaWlpaWlpaWlpaWlpaWlpaWlpaWlpaWlpaWlpaWlpaWlpaWlpaWlpaWl
paWlpaWlpaWlpaWlpaWlpaWlpaWlpaWlpaWlpaWlpaWlpaWlpaWlpaWlpaWlpaWlpaWlpaWlpaWlpaWlpaWlpaWlpaWlpaWlpaWlpaWl
paWlpaWlpaWlpaWlpaWlpaWlpaWlpaWlpaWlpaWlpaWlpaWlpaWlpaWlpaWlpaWlpaWlpaWlpaWlpaWlpaWlpaWlpaWlpaWlpaWlpaWl
paWlpaWlpaWlpaWlpaWlpaWlpaWlpaWlpaWlpaWlpaWlpaWlpaWlpaWlpaWlpaWlpaWlpaWlpaWlpaWlpaWlpaWlpaWlpaWlpaWlpaWl
paWlpaWlpaWlpaWlpaWlpaWlpaWlpaWlpaWlpaWlpaWlpaWlpaWlpaWlpaWlpaWlpaWlpaWlpaWlpaWlpaWlpaWlpaWlpaWlpaWlpaWl
paWlpaWlpaWlpaWlpaWlpaWlpaWlpaWlpaWlpaWlpaWlpaWlpaWlpaWlpaWlpaWlpaWlpaWlpaWlpaWlpaWlpaWlpaWlpaWlpaWlpaWl
paWlpaWlpaWlpaWlpaWlpaWlpaWlpaWlpaWlpaWlpaWlpaWlpaWlpaWlpaWlpaWlpaWlpaWlpaWlpaWlpaWlpaWlpaWlpaWlpaWlpaWl
paWlpaWlpaWlpaWlpaWlpaWlpaWlpaWlpaWlpaWlpaWlpaWlpaWlpaWlpaWlpaWlpaWlpaWlpaWlpaWlpaWlpaWlpaWlpaWlpaWlpaWl
paWlpaWlpaWlpaWlpaWlpaWlpaWlpaWlpaWlpaWlpaWlpaWlpaWlpaWlpaWlpaWlpaWlpaWlpaWlpaWlpaWlpaWlpaWlpaWlpaWlpaWl
paWlpaWlpaWlpaWlpaWlpaWlpaWlpaWlpaWlpaWlpaWlpaWlpaWlpaWlpaWlpaWlpaWlpaWlpaWlpaWlpaWlpaWlpaWlpaWlpaWlpaWl
paWlpaWlpaWlpaWlpaWlpaWlpaWlpaWlpaWlpaWlpaWlpaWlpaWlpaWlpaWlpaWlpaWlpaWlpaWlpaWlpaWlpaWlpaWlpaWlpaWlpaWl
paWlpaWlpaWlpaWlpaWlpaWlpaWlpaWlpaWlpaWlpaWlpaWlpaWlpaWlpaWlpaWlpaWlpaWlpaWlpaWlpaWlpaWlpaWlpaWlpaWlpaWl
paWlpaWlpaWlpaWlpaWlpaWlpaWlpaWlpaWlpaWlpaWlpaWlpaWlpaWlpaWlpaWlpaWlpaWlpaWlpaWlpaWlpaWlpaWlpaWlpaWlpaWl
paWlpaWlpaWlpaWlpaWlpaWlpaWlpaWlpaWlpaWlpaWlpaWlpaWlpaWlpaWlpaWlpaWlpaWlpaWlpaWlpaWlpaWlpaWlpaWlpaWlpaWl
paWlpaWlpaWlpaWlpaWlpaWlpaWlpaWlpaWlpaWlpaWlpaWlpaWlpaWlpaWlpaWlpaWlpaWlpaWlpaWlpaWlpaWlpaWlpaWlpaWlpaWl
paWlpaWlpaWlpaWlpaWlpaWlpaWlpaWlpaWlpaWlpaWlpaWlpaWlpaWlpaWlpaWlpaWlpaWlpaWlpaWlpaWlpaWlpaWlpaWlpaWlpaWl
paWlpaWlpaWlpaWlpaWlpaWlpaWlpaWlpaWlpaWlpaWlpaWlpaWlpaWlpaWlpaWlpaWlpaWlpaWlpaWlpaWlpaWlpaWlpaWlpaWlpaWl
paWlpaWlpaWlpaWlpaWlpaWlpaWlpaWlpaWlpaWlpaWlpaWlpaWlpaWlpaWlpaWlpaWlpaWlpaWlpaWlpaWlpaWlpaWlpaWlpaWlpaWl
paWlpaWlpaWlpaWlpaWlpaWlpaWlpaWlpaWlpaWlpaWlpaWlpaWlpaWlpaWlpaWlpaWlpaWlpaWlpaWlpaWlpaWlpaWlpaWlpaWlpaWl
paWlpaWlpaWlpaWlpaWlpaWlpaWlpaWlpaWlpaWlpaWlpaWlpaWlpaWlpaWlpaWlpaWlpaWlpaWlpaWlpaWlpaWlpaWlpaWlpaWlpaWl
paWlpaWlpaWlpaWlpaWlpaWlpaWlpaWlpaWlpaWlpaWlpaWlpaWlpaWlpaWlpaWlpaWlpaWlpaWlpaWlpaWlpaWlpaWlpaWlpaWlpaWl
paWlpaWlpaWlpaWlpaWlpaWlpaWlpaWlpaWlpaWlpaWlpaWlpaWlpaWlpaWlpaWlpaWlpaWlpaWlpaWlpaWlpaWlpaWlpaWlpaWlpaWl
paWlpaWlpaWlpaWlpaWlpaWlpaWlpaWlpaWlpaWlpaWlpaWlpaWlpaWlpaWlpaWlpaWlpaWlpaWlpaWlpaWlpaWlpaWlpaWlpaWlpaWl
paWlpaWlpaWlpaWlpaWlpaWlpaWlpaWlpaWlpaWlpaWlpaWlpaWlpaWlpaWlpaWlpaWlpaWlpaWlpaWlpaWlpaWlpaWlpaWlpaWlpaWl
paWlpaWlpaWlpaWlpaWlpaWlpaWlpaWlpaWlpaWlpaWlpaWlpaWlpaWlpaWlpaWlpaWlpaWlpaWlpaWlpaWlpaWlpaWlpaWlpaWlpaWl
paWlpaWlpaWlpaWlpaWlpaWlpaWlpaWlpaWlpaWlpaWlpaWlpaWlpaWlpaWlpaWlpaWlpaWlpaWlpaWlpaWlpaWlpaWlpaWlpaWlpaWl
paWlpaWlpaWlpaWlpaWlpaWlpaWlpaWlpaWlpaWlpaWlpaWlpaWlpaWlpaWlpaWlpaWlpaWlpaWlpaWlpaWlpaWlpaWlpaWlpaWlpaWl
paWlpaWlpaWlpaWlpaWlpaWlpaWlpaWlpaWlpaWlpaWlpaWlpaWlpaWlpaWlpaWlpaWlpaWlpaWlpaWlpaWlpaWlpaWlpaWlpaWlpaWl
paWlpaWlpaWlpaWlpaWlpaWlpaWlpaWlpaWlpaWlpaWlpaWlpaWlpaWlpaWlpaWlpaWlpaWlpaWlpaWlpaWlpaWlpaWlpaWlpaWlpaWl
paWlpaWlpaWlpaWlpaWlpaWlpaWlpaWlpaWlpaWlpaWlpaWlpaWlpaWlpaWlpaWlpaWlpaWlpaWlpaWlpaWlpaWlpaWlpaWlpaWlpaWl
paWlpaWlpaWlpaWlpaWlpaWlpaWlpaWlpaWlpaWlpaWlpaWlpaWlpaWlpaWlpaWlpaWlpaWlpaWlpaWlpaWlpaWlpaWlpaWlpaWlpaWl
paWlpaWlpaWlpaWlpaWlpaWlpaWlpaWlpaWlpaWlpaWlpaWlpaWlpaWlpaWlpaWlpaWlpaWlpaWlpaWlpaWlpaWlpaWlpaWlpaWlpaWl
paWlpaWlpaWlpaWlpaWlpaWlpaWlpaWlpaWlpaWlpaWlpaWlpaWlpaWlpaWlpaWlpaWlpaWlpaWlpaWlpaWlpaWlpaWlpaWlpaWlpaWl
paWlpaWlpaWlpaWlpaWlpaWlpaWlpaWlpaWlpaWlpaWlpaWlpaWlpaWlpaWlpaWlpaWlpaWlpaWlpaWlpaWlpaWlpaWlpaWlpaWlpaWl
paWlpaWlpaWlpaWlpaWlpaWlpaWlpaWlpaWlpaWlpaWlpaWlpaWlpaWlpaWlpaWlpaWlpaWlpaWlpaWlpaWlpaWlpaWlpaWlpaWlpaWl
paWlpaWlpaWlpaWlpaWlpaWlpaWlpaWlpaWlpaWlpaWlpaWlpaWlpaWlpaWlpaWlpaWlpaWlpaWlpaWlpaWlpaWlpaWlpaWlpaWlpaWl
paWlpaWlpaWlpaWlpaWlpaWlpaWlpaWlpaWlpaWlpaWlpaWlpaWlpaWlpaWlpaWlpaWlpaWlpaWlpaWlpaWlpaWlpaWlpaWlpaWlpaWl
paWlpaWlpaWlpaWlpaWlpaWlpaWlpaWlpaWlpaWlpaWlpaWlpaWlpaWlpaWlpaWlpaWlpaWlpaWlpaWlpaWlpaWlpaWlpaWlpaWlpaWl
paWlpaWlpaWlpaWlpaWlpaWlpaWlpaWlpaWlpaWlpaWlpaWlpaWlpaWlpaWlpaWlpaWlpaWlpaWlpaWlpaWlpaWlpaWlpaWlpaWlpaWl
paWlpaWlpaWlpaWlpaWlpaWlpaWlpaWlpaWlpaWlpaWlpaWlpaWlpaWlpaWlpaWlpaWlpaWlpaWlpaWlpaWlpaWlpaWlpaWlpaWlpaWl
paWlpaWlpaWlpaWlpaWlpaWlpaWlpaWlpaWlpaWlpaWlpaWlpaWlpaWlpaWlpaWlpaWlpaWlpaWlpaWlpaWlpaWlpaWlpaWlpaWlpaWl
paWlpaWlpaWlpaWlpaWlpaWlpaWlpaWlpaWlpaWlpaWlpaWlpaWlpaWlpaWlpaWlpaWlpaWlpaWlpaWlpaWlpaWlpaWlpaWlpaWlpaWl
paWlpaWlpaWlpaWlpaWlpaWlpaWlpaWlpaWlpaWlpaWlpaWlpaWlpaWlpaWlpaWlpaWlpaWlpaWlpaWlpaWlpaWlpaWlpaWlpaWlpaWl
paWlpaWlpaWlpaWlpaWlpaWlpaWlpaWlpaWlpaWlpaWlpaWlpaWlpaWlpaWlpaWlpaWlpaWlpaWlpaWlpaWlpaWlpaWlpaWlpaWlpaWl
paWlpaWlpaWlpaWlpaWlpaWlpaWlpaWlpaWlpaWlpaWlpaWlpaWlpaWlpaWlpaWlpaWlpaWlpaWlpaWlpaWlpaWlpaWlpaWlpaWlpaWl
paWlpaWlpaWlpaWlpaWlpaWlpaWlpaWlpaWlpaWlpaWlpaWlpaWlpaWlpaWlpaWlpaWlpaWlpaWlpaWlpaWlpaWlpaWlpaWlpaWlpaWl
paWlpaWlpaWlpaWlpaWlpaWlpaWlpaWlpaWlpaWlpaWlpaWlpaWlpaWlpaWlpaWlpaWlpaWlpaWlpaWlpaWlpaWlpaWlpaWlpaWlpaWl
paWlpaWlpaWlpaWlpaWlpaWlpaWlpaWlpaWlpaWlpaWlpaWlpaWlpaWlpaWlpaWlpaWlpaWlpaWlpaWlpaWlpaWlpaWlpaWlpaWlpaWl
paWlpaWlpaWlpaWlpaWlpaWlpaWlpaWlpaWlpaWlpaWlpaWlpaWlpaWlpaWlpaWlpaWlpaWlpaWlpaWlpaWlpaWlpaWlpaWlpaWlpaWl
paWlpaWlpaWlpaWlpaWlpaWlpaWlpaWlpaWlpaWlpaWlpaWlpaWlpaWlpaWlpaWlpaWlpaWlpaWlpaWlpaWlpaWlpaWlpaWlpaWlpaWl
paWlpaWlpaWlpaWlpaWlpaWlpaWlpaWlpaWlpaWlpaWlpaWlpaWlpaWlpaWlpaWlpaWlpaWlpaWlpaWlpaWlpaWlpaWlpaWlpaWlpaWl
paWlpaWlpaWlpaWlpaWlpaWlpaWlpaWlpaWlpaWlpaWlpaWlpaWlpaWlpaWlpaWlpaWlpaWlpaWlpaWlpaWlpaWlpaWlpaWlpaWlpaWl
paWlpaWlpaWlpaWlpaWlpaWlpaWlpaWlpaWlpaWlpaWlpaWlpaWlpaWlpaWlpaWlpaWlpaWlpaWlpaWlpaWlpaWlpaWlpaWlpaWlpaWl
paWlpZJvACMAAAAAAAAAAAAAAAAAAAAAAAAAAAAAAAAAAAAAAAAAAAAAAAAAAAAAAOAXRQAAAAAAAAAAAAAAAAAAAAAAAAAAAAAAAAAA
AAAAAAAAAAAAAAAAAAAAAAAAAAAAANDpCiMAAAAAAAAAAAAAAAAAAAAAAAAAAAAAAAAAAAAAAAAAAAAAAAAAAAAAAOAXRQAAAAAAAAAA
AAAAAAAAAAAAAAAAAAAAAAAAAAAAAAAAMOwKIwAAAAAAAAAAAAAAAAAAAAAAAAAAAAAAAAAAAAAAAAAAAAAAAAAAAAAA4BdFAAAAAAEA
AABYBAJCrlgAIwAAAAD/////WAQCQjxcACMAAAAAAAAAAAAAAAAAAAAAAAAAAAAAAAAAAAAAAAAAADoIAAC4aQFCzNkAQgAAAACAZQFC
uGkBQlgEAkJs1AMjoN0CIwAAAAA//wEAZDkBQgAAAADQOQFCxDkBQkotAyMAAAAAAAAAAD//AQDxOQFCAAAAAAAAAAAAAAAApaWlpaWl
paWlpaWlpaWlpao6AUKkOgFCCwAAAMf///8DAAAAAAAAAAAAAAAGAAAAaDgDIwAAAAANAAAAAAAAAAYAC8dkZW1vQVAAAAAAAAAAAAAA
AAAAAAAAAAAAAAAAAAAAAADSHBz5gZEAAAMCAAACAAAWAAAAIDADQoA6AUKlpaWlFgAAACAwA0IBAAAABwAAAPwvA0LcLwNCBgAAAAY/
AyMCAAAAAAAAAA0AAAACAAAAkm8AIwAAAAAAAAAAAAAAAAAAAAAAAAAAAAAAAAAAAAAAAAAAAAAAAAAAAAAA4BdFAAAAAAAAAAAAAAAA
AAAAAAAAAAAAAAAAAAAAAAAAAAAAAAAAAAAAAAAAAAAAAAAAAAAAAAAAAAAAAAAAAAAAAAAAAAAAAAAAAAAAAAAAAAAAAAAAAQAAAAAA
AMdGXAAjIAAAAA8AAAD/////uKcBQv////8AAAAAlJsBQg8AAADYPAFC2DwBQgAAAAAAAAAA7BICQgAAAAACAAAAAAAAAMinAUIAAAAA
paWlpaWlpaWlpaWlpaWlpaWlpaUFAAAABAAAAAEAAADInwFCrlgAIwAAAAD/////yJ8BQjxcACMAAAAAAAAAAAEAAAAAAAAAAAAAABAA
AADAOwFCAAAAAAAAAAAQAAAAwDsBQgAAAAAQAAAA0BICQpifAUKyqwMjBIsAIwAAAAAAAAAAAAAAAAAAAAAAAAAAAAAAAAAAAAAAAAAA
AAAAAAAAAAAA4BdFAAAAAAAAAAAAAAAAAAAAAAAAAAAAAAAAAAAAAAAAAAAAAAAAAAAAAAAAAAAAAAAAAAAAAAAAAAAAAAAAAAAAAAAA
AAAAAAAAAAAAAAAAAAAAAAAAAQAAAAIEAABcewAjIAAAAA8AAAD/////MOwAQlzsAEIBAAAA3DwBQh4AAAABgABAzK8BQgcAAAAAAAAA
7BICQgEAAAAAAAgAKGEBQqWlpaWlpaWlpaWlpaWlpaWlpaWlpaWlpaWlpaUFAAAABAAAAAQAAAACAAAAAHgAgAAAsEQAYAFCAACQRMhr
AiMAALBEAGABQgAAkEQWawIjpaWlpaWlpaWlpaWlpaWlpaWlpaWlpaWlpaWlpQAAAAClpaWlpaWlpZA7AUIAAAAAlJsBQowBAULYPAFC
hAEBQgIAAAB4AQFCeAEBQtg8AUIAAAAAHgAAANgkAUJmdwAAAAAAAAAAAAAAAAAAAQAAAAYAAAAAAAAAHgAAAAAAAAAAAAAAAQIAAAAA
AAAAAAAAAAAAAAAAAAAAAAAAAAAAAAAAAAAAAAAAAAAAAAAAAAAAAAAAAAAAAAAAAAAAAAAAAAAAAAAAAAAAAAAAAAAAAAAAAAAAAAAA
AAAAAAAAAAAAAAAAAAAAAAAAAAAAAAAAAAAAAAAAAAAAAAAAAAAAAAAAAAAAAAAAAAAAAAAAAAAAAAAAAAAAAAAAAAAAAAAAAAAAAAAA
AAAAAAAAAAAAAAAAAAAAAAAAAAAAAAAAAAAAAAAAAAAAAAAAAAAAAAAAAAAAAAAAAAAAAAAAAAAAAAAAAAAAAAAAAAAAAAAAAAAAAAAA
AAAAAAAAAAAAAAAAAAAAAAAAAAAAAAAAAAAAAAAAAAAAAAAAAAAAAAAAAAAAAAAAAAAAAAAAAAAAAAAAAAAAAAAAAAAAAAAAAAAAAAAA
AAAAAAAAAAAAAAAAAAAAAAAAAAAAAAAAAAAAAAAAAAAAAAAAAAAAAAAAAAAAAAAAAAAAAAAAAAAAAAAAAAAAAAAAAAAAAAAAAAAAAAAA
AAAAAAAAAAAAAAAAAAAAAAAAAAAAAAAAAAAAAAAAAAAAAAAAAAAAAAAAAAAAAAAAAAAAAAAAAAAAAAAAAAAAAAAAAAAAAAAAAAAAAAAA
AAAAAAAAAAAAAAAAAAAAAAAAAAAAAAAAAAAAAAAAAAAAAAAAAAAAAAAAAAAAAAAAAAAAAAAAAAAAAAAAAAAAAAAAAAAAAAAAAAAAAAAA
AAAAAAAAAAAAAAAAAAAAAAAAAAAAAAAAAAAAAAAAAAAAAAAAAAAAAAAAAAAAAAAAAAAAAAAAAAAAAAAAAAAAAAAAAAAAAAAAAAAAAAAA
AAAAAAAAAAAAAAAAAAAAAAAAAAAAAAAAAAAAAAAAAAAAAAAAAAAAAAAAAAAAAAAAAAAAAAAAAAAAAAAAAAAAAAAAAAAAAAAAAAAAAAAA
AAAAAAAAAAAAAAAAAAAAAAAAAAAAAAAAAAAAAAAAAAAAAAAAAAAAAAAAAAAAAAAAAAAAAAAAAAAAAAAAAAAAAAAAAAAAAAAAAAAAAAAA
AAAAAAAAAAAAAAAAAAAAAAAAAAAAAAAAAAAAAAAAAAAAAACAAAAIAAAARLgLIxQCAUIAAAAAAAAAAAAAAAAAAAAAAAAAAAAAAAAAAAAA
AAAAAAAAAAAAAAAAAAAAAAAAAAAAAAAAAAAAAAIAAAACAAAAAgAAAAIAAAACAAAAAgAAAAIAAAACAAAAAgAAAAIAAAC0Ds9Ml2EAAAAA
AAC0Ds9Ml2EAAAAAAABWYmxfdGVzdF8wMDUAAAAAAAAAAAAAAAAAAAAAAAAAAAAAMTIzNDU2NzgAAAAAAAAAAAAAAAAAAAAAAAAAAAAA
AAAAAAAAAAAAAAAAAAAAAAAAAAAAAAAAAAAAAAAAAAAAAAALAXlvdXJzc2lkAAAAAAAAAAAAAAAAAAAAAAAAAAAAAAAAAHlvdXJhcHNz
d29yZAAAAAAAAAAAAAAAAAAAAAAAAAAAAAAAAAAAAAAAAAAAAAAAAAAAAAAAAAAAAAAAAAAAAAAAAAAAAAABAAAAqAmoCf8AAADmAFAA
HgCo/xkAAAD0QQFCAAAAAAAAAAAAAAAA/wAAAAAAAAAAAAD/AAAAABRCAUIAAAAAAAAAAAAAAAD/AAAAAAAAAAAAAP8AAAAAAAAAAAAA
AAAAAAAAAAAAAP8AAAAAAAAAAAAA/wAAAAAAAAAAAACoCagJAAAAAAAA/wAAAAAA1gAAAAT/AAAAAAAAAAAAAAAAAAAAAAAAAAD/AAAA
AAAAAAAAAP8AAAAA1EEBQhRCAUIAAAAAAAAAAAAAAAAAAAAAAAAAAAAAAAAAAAAAAAAAAAAAAAC0YQEjAAAAAAAAAAAAAAAAUGMBIwAA
AAAAAAAAAAAAAEBoASM0QgFCeF/LBwAAAAAWYQEjAAAAAHsDyAcAAAAAAAAAAAAAAADe//9/AAAAAJYAlgBeAC8ALwAAAAAAAAAAAAAA
AAAAABQAAQEKAAAAAAAAAAAAAAAAAAAAAAAAAAAAAAAAAAAAAAAAAAAAAAAAAAAAAAAAAAAAAAAAAAAAvEIBQgAAAAAAAAAAAAAAAAAA
AAAAAAAAmJsBIwAAAAAAAAAAAAAAAMDGLQAAAAAAAAAAAAAAAAAsDQRCWA4EQsgMBEIAAAAAAAAAADAgBEJgHwRCjLEBQkZHBEICAAAA
DQAAAGBbAwBgWwMAYFsDALhDAUJ4SQFCKEUBQgAAAAAAAAAAAAAAAAAAAAAAAAAAAAAAAAAAAAAAAAAAAAAA/wAAAAAAAAAAAAAAAAAA
AAAAAAAAAAAAAAAAAAAAAAAAAAAAAAAAAAAAAAAAAAAAAAAAAAAAAAAAAAAAAAAAAAAAAAAAAAAAAAAAAAAAAAAAAAAAAAAAAAAAAAAA
AAAAAAAAAAAAAAAAAAAAAAAAAAAAAAAAAAAAAAAAAAAAAAAAAAAAAAAAAAAAAAAAAAAAAAAAAAAAAAAAAAAAAAAAAAAAAAAAAAAAAAAA
AAAAAAAAAAAAAAAAAAAAAAAAAAAAAAAAAAAAAAAAAAAAAAAAAAAAAAAAAAAAAAAAAAAAAAAAAAAAAAAAAAAAAAAAAAAAAAAAAAAAAAAA
AAAAAAAAAAAAAAAAAAAAAAAAAAAAAAAAAAAAAAAAAAAAAAAAAAAAAAAAAAAAAAAAAAAAAAAAAAAAAAAAAAAAAAAAAAAAAAAAAAAAAAAA
AACYRgFCAAAAAAAAAAAAAAAAAAAAAAAAAAAAAAAAAAAAAAAAAAAAAAD/AAAAAAAAAAAAAAAAAAAAAAAAAAAAAAAAAAAAAAAAAAAAAAAA
AAAAAAAAAAAAAAAAAAAAAAAAAAAAAAAAAAAAAAAAAAAAAAAAAAAAAAAAAAAAAAAAAAAAAAAAAAAAAAAAAAAAAAAAAAAAAAAAAAAAAAAA
AAAAAAAAAAAAAAAAAAAAAAAAAAAAAAAAAAAAAAAAAAAAAAAAAAAAAAAAAAAAAAAAAAAAAAAAAAAAAAAAAAAAAAAAAAAAAAAAAAAAAAAA
AAAAAAAAAAAAAAAAAAAAAAAAAAAAAAAAAAAAAAAAAAAAAAAAAAAAAAAAAAAAAAAAAAAAAAAAAAAAAAAAAAAAAAAAAAAAAAAAAAAAAAAA
AAAAAAAAAAAAAAAAAAAAAAAAAAAAAAAAAAAAAAAAAAAAAAAAAAAAAAAAAAAAAAAAAAAAAAAAAAAAAAhIAUIAAAAAAAAAAAAAAAAAAAAA
AAAAAAAAAAAAAAAAAAAAAAAAAP8AAAAAAAAAAAAAAAAAAAAAAAAAAAAAAAAAAAAAAAAAAAAAAAAAAAAAAAAAAAAAAAAAAAAAAAAAAAAA
AAAAAAAAAAAAAAAAAAAAAAAAAAAAAAAAAAAAAAAAAAAAAAAAAAAAAAAAAAAAAAAAAAAAAAAAAAAAAAAAAAAAAAAAAAAAAAAAAAAAAAAA
AAAAAAAAAAAAAAAAAAAAAAAAAAAAAAAAAAAAAAAAAAAAAAAAAAAAAAAAAAAAAAAAAAAAAAAAAAAAAAAAAAAAAAAAAAAAAAAAAAAAAAAA
AAAAAAAAAAAAAAAAAAAAAAAAAAAAAAAAAAAAAAAAAAAAAAAAAAAAAAAAAAAAAAAAAAAAAAAAAAAAAAAAAAAAAAAAAAAAAAAAAAAAAAAA
AAAAAAAAAAAAAAAAAAAAAAAAAAAAAAAAAAAAAAAAAAAAAAAAeEkBQgAAAAAAAAAAAAAAAAAAAAAAAAAAAAAAAAAAAAAAAAAAAAAA/wAA
AAAAAAAAAAAAAAAAAAAAAAAAAAAAAAAAAAAAAAAAAAAAAAAAAAAAAAAAAAAAAAAAAAAAAAAAAAAAAAAAAAAAAAAAAAAAAAAAAAAAAAAA
AAAAAAAAAAAAAAAAAAAAAAAAAAAAAAAAAAAAAAAAAAAAAAAAAAAAAAAAAAAAAAAAAAAAAAAAAAAAAAAAAAAAAAAAAAAAAAAAAAAAAAAA
AAAAAAAAAAAAAAAAAAAAAAAAAAAAAAAAAAAAAAAAAAAAAAAAAAAAAAAAAAAAAAAAAAAAAAAAAAAAAAAAAAAAAAAAAAAAAAAAAAAAAAAA
AAAAAAAAAAAAAAAAAAAAAAAAAAAAAAAAAAAAAAAAAAAAAAAAAAAAAAAAAAAAAAAAAAAAAAAAAAAAAAAAAAAAAAAAAAAAAAAAAAAAAAAA
AAAAAAAAAAAAAAAAAAAAAAAAAAAAAAAAAAAAAAAAAAAAAAAAAAAAAAAAAAAAAAAAAAAAAAD/AAAAAAAAAAAAAAAAAAAAAAAAAAAAAAAA
AAAAAAAAAAAAAAAAAAAAAAAAAAAAAAAAAAAAAAAAAAAAAAAAAAAAAAAAAAAAAAAAAAAAAAAAAAAAAAAAAAAAAAAAAAAAAAAAAAAAAAAA
AAAAAAAAAAAAAAAAAAAAAAAAAAAAAAAAAAAAAAAAAAAAAAAAAAAAAAAAAAAAAAAAAAAAAAAAAAAAAAAAAAAAAAAAAAAAAAAAAAAAAAAA
AAAAAAAAAAAAAAAAAAAAAAAAAAAAAAAAAAAAAAAAAAAAAAAAAAAAAAAAAAAAAAAAAAAAAAAAAAAAAAAAAAAAAAAAAAAAAAAAAAAAAAAA
AAAAAAAAAAAAAAAAAAAAAAAAAAAAAAAAAAAAAAAAAAAAAAAAAAAAAAAAAAAAAAAAAAAAAAAAAAAAAAAAAAAAAAAAAAAAAAAAAAAAAAAA
AAAAAAAAAAAAAAAAAAAAAAAAAAAAAAAAAAAAAAAAAAAAAAAAAAAAAAAAAAAAAAAAAAAAAAAAAAAAAAAAAAAAAAAAAAAAAAAAAAAAAAAA
AAAAAAAAAAAAAAAAAAAAAAAAAAAAAAAAAAAAAAAAAAAAAAAAAAAAAAAAAAAAAAAAAAAAAAAAAAAAAAAAAAAAAAAAAAAAAAAAAAAAAAAA
AAAAAAAAAAAAAAAAAAAAAAAAAAAAAAAAAAAAAAAAAAAAAAAAAAAAAAAAAAAAAAAAAAAAAAAAAAAAAAAAAAAAAAAAAAAAAAAAAAAAAAAA
AABYVAFCAAAAAAAAAAAAAAAAAAAAAAAAAAAAAAAAAAAAAAAAAAAAAAAAAAAAAAAAAAAAAAAAAAAAAAAAAAAAAAAAAAAAAAAAAAAAAAAA
ZCAEQgAAAAAAAAAAAAAAAAAAAAAAAAAAAAAAAAAAAAAAAAAAAAAAAAAAAAAAAAAAAAAAAAAAAAAAAAAAAAAAAAAAAAAAAAAAAAAAAAAA
AAAAAAAAAAAAAQAAAAAAAAAAAAAAAAAAAAAAAAAAAAAAAAAAAAAAAAAAAAAAAAAAAAAAAAAAAAAAAAAAAAAAAAAAAAAAAAAAAAAAAAAA
AAAAAAAAAAAAAAAAAAAAAAAAAAAAAAAAAAAAAAAAAAAAAAAAAAAAAAAAAAAAAAAAAAAAAAAAAAAAAAAAAAAAAAAAAAAAAAAAAAAAAAAA
AAAAAAAAAAAAAAAAAAAAAAAAAAAAAAAAAAAAAAAAAAAAAAAAAAAAAAAAAAAAAAAAAAAAAAAAAAAAAEBaAUIAAAAAAAAAAAAAAAAAAAAA
AAAAAAAAAAAAAAAAAAAAAAAAAAAAAAAAAAAAAAAAAAAAAAAAAAAAAAAAAAAAAAAAAAAAAAAAAACgIARCAAAAAAAAAAAAAAAAAAAAAAAA
AAAAAAAAAAAAAAAAAAAAAAAAAAAAAAAAAAAAAAAASrkBI8hNAUIAAAAAAAAAAAAAAAAAAAAAAAAAAAAAAAAAAAAAAAAAAAAAAABKuQEj
9E0BQgAAAAAAAAAAAAAAAAAAAAAAAAAAAAAAAAAAAAABAAAAAAAAAAAAAAAAAAAAAAAAAAAAAAAAAAAAAAAAAAAAAAAAAAAAAAAAAAAA
AAAAAAAAAAAAAAAAAAAAAAAAAAAAAAAAAAAAAAAAAAAAAAAAAAAAAAAAaAAAAGQOAUKMDQFCAAAAAIwNAUJwVAFCAAAAAAAAAAAAAAAA
AAAAAAAAAAAAAAAAAAAAAAAAAAAAAAAAAAAAAGrSASOITgFCAAAAAAAAAAAAAAAAAAAAAAAAAAAAAAAAAAAAAAAAAAAAAAQAAH9/AAAA
AAAAAAAAAAAAAAAAAAAAAAAAAAAAAAAAAAAAAAAAAAAAAAAAAAAAAAAAAAAAAAAAAAAAAAAAAAAAAAAAAAAAAAAAAAAAAAAAAAAAAAAA
AAAAAAAAAAAAAAAAAAAAAAAAAAAAAAAAAAAAAAAAAAAAAAAAAAAAAAAAAAAAAAAAAAAAAAAAAAAAAAAAAAAAAAAAAAAAAAAAAAAAAAAA
AAAAAAAAAAAAAAAAAAAAAAAAAAAAAAAAAAAAAAAAAAAAAAAAAAAAAAAAAAAAAAAAAAAAAAAAAAAAAAAAAAAAAAAAAAAAAAAAAAAAAAAA
AAAAAAAAAAAAAAAAAAAAAAAAAAAAAAAAAAAAAAAAAAAAAAAAAAAAAAAAAAAAAAAAAAAAAAAAAAAAAAAAAAAAAAAAAAAAAAAAAAAAAAAA
AAAAAAAAAAAAAAAAAAAAAAAAAAAAAAAAAAAAAAAAAAAAAAAAAAAAAAAAAAAAAAAAAAAAAAAAAAAAAAAAAAAAAAAAAAAAAAAAAAAAAAAA
AAAAAAAAAAAAAAAAAAAAAAAAAAAAAAAAAAAAAAAAAAAAAAAAAAAAAAAAAAAAAAAAAAAAAAAAAAAAAAAAAAAAAAAAAAAAAAAAAAAAAAAA
AAAAAAAAAAAAAAAAAAAAAAAAAAAAAAAAAAAAAAAAAAAAAAAAAAAAAAAAAAAAAAAAAAAAAAAAAAAAAAAAAAAAAAAAAAAAAAAAAAAAAAAA
AAAAAAAAAAAAAAAAAAAAAAAAAAAAAAAAAAAAAAAAAAAAAAAAAAAAAAAAAAAAAAAAAAAAAAAAAAAAAAAAAAAAAAAAAAAAAAAAAAAAAAAA
AAAAAAAAAAAAAAAAAAAAAAAAAAAAAAAAAAAAAAAAAAAAAAAAAAAAAAAAAAAAAAAAAAAAAAAAAAAAAAAAAAAAAAAAAAAAAAAAAAAAAAAA
AAAAAAAAAAAAAAAAAAAAAAAAAAAAAAAAAAAAAAAAAAAAAAAAAAAAAAAAAAAAAAAAAAAAAAAAAAAAAAAAAAAAAAAAAAAAAAAAAAAAAAAA
AAAAAAAAAAAAAAAAAAAAAAAAAAAAAAAAAAAAAAAAAAAAAAAAAAAAAAAAAAAAAAAAAAAAAAAAAAAAAAAAAAAAAAAAAAAAAAAAAAAAAAAA
AAAAAAAAAAAAAAAAAAAAAAAAAAAAAAAAAAAAAAAAAAAAAAAAAAAAAAAAAAAAAAAAAAAAAAAAAAAAAAAAAAAAAAAAAAAAAAAAAAAAAAAA
AAAAAAAAAAAAAAAAAAAAAAAAAAAAAAAAAAAAAAAAAAAAAAAAAAAAAAAAAAAAAAAAAAAAAAAAAAAAAAAAAAAAAAAAAAAAAAAAAAAAAAAA
AAAAAAAAAAAAAAAAAAAAAAAAAAAAAAAAAAAAAAAAAAAAAAAAAAAAAAAAAAAAAAAAAAAAAAAAAAAAAAAAAAAAAAAAAAAAAAAAAAAAAAAA
AAAAAAAAAAAAAAAAAAAAAAAAAAAAAAAAAAAAAAAAAAAAAAAAAAAAAAAAAAAAAAAAAAAAAAAAAAAAAAAAAAAAAAAAAAAAAAAAAAAAAAAA
AAAAAAAAAAAAAAAAAAAAAAAAAAAAAAAAAAAAAAAAAAAAAAAAAAAAAAAAAAAAAAAAAAAAAAAAAAAAAAAAAAAAAAAAAAAAAAAAAAAAAAAA
AAAAAAAAAAAAAAAAAAAAAAAAAAAAAAAAAAAAAAAAAAAAAAAAAAAAAAAAAAAAAAAAAAAAAAAAAAAAAAAAAAAAAAAAAAAAAAAAAAAAAAAA
AAAAAAAAAAAAAAAAAAAAAAAAAAAAAAAAAAAAAAAAAAAAAAAAAAAAAAAAAAAAAAAAAAAAAAAAAAAAAAAAAAAAAAAAAAAAAAAAAAAAAAAA
AAAAAAAAAAAAAAAAAAAAAAAAAAAAAAAAAAAAAAAAAAAAAAAAAAAAAAAAAAAAAAAAAAAAAAAAAAAAAGrSASNwVAFCAAAAAAAAAAAAAAAA
AAAAAAAAAAAAAAAAAAAAAAAAAAAAAAQAAH9/AAAAAAAAAAAAAAAAAAAAAAAAAAAAAAAAAAAAAAAAAAAAAAAAAAAAAAAAAAAAAAAAAAAA
AAAAAAAAAAAAAAAAAAAAAAAAAAAAAAAAAAAAAAAAAAAAAAAAAAAAAAAAAAAAAAAAAAAAAAAAAAAAAAAAAAAAAAAAAAAAAAAAAAAAAAAA
AAAAAAAAAAAAAAAAAAAAAAAAAAAAAAAAAAAAAAAAAAAAAAAAAAAAAAAAAAAAAAAAAAAAAAAAAAAAAAAAAAAAAAAAAAAAAAAAAAAAAAAA
AAAAAAAAAAAAAAAAAAAAAAAAAAAAAAAAAAAAAAAAAAAAAAAAAAAAAAAAAAAAAAAAAAAAAAAAAAAAAAAAAAAAAAAAAAAAAAAAAAAAAAAA
AAAAAAAAAAAAAAAAAAAAAAAAAAAAAAAAAAAAAAAAAAAAAAAAAAAAAAAAAAAAAAAAAAAAAAAAAAAAAAAAAAAAAAAAAAAAAAAAAAAAAAAA
AAAAAAAAAAAAAAAAAAAAAAAAAAAAAAAAAAAAAAAAAAAAAAAAAAAAAAAAAAAAAAAAAAAAAAAAAAAAAAAAAAAAAAAAAAAAAAAAAAAAAAAA
AAAAAAAAAAAAAAAAAAAAAAAAAAAAAAAAAAAAAAAAAAAAAAAAAAAAAAAAAAAAAAAAAAAAAAAAAAAAAAAAAAAAAAAAAAAAAAAAAAAAAAAA
AAAAAAAAAAAAAAAAAAAAAAAAAAAAAAAAAAAAAAAAAAAAAAAAAAAAAAAAAAAAAAAAAAAAAAAAAAAAAAAAAAAAAAAAAAAAAAAAAAAAAAAA
AAAAAAAAAAAAAAAAAAAAAAAAAAAAAAAAAAAAAAAAAAAAAAAAAAAAAAAAAAAAAAAAAAAAAAAAAAAAAAAAAAAAAAAAAAAAAAAAAAAAAAAA
AAAAAAAAAAAAAAAAAAAAAAAAAAAAAAAAAAAAAAAAAAAAAAAAAAAAAAAAAAAAAAAAAAAAAAAAAAAAAAAAAAAAAAAAAAAAAAAAAAAAAAAA
AAAAAAAAAAAAAAAAAAAAAAAAAAAAAAAAAAAAAAAAAAAAAAAAAAAAAAAAAAAAAAAAAAAAAAAAAAAAAAAAAAAAAAAAAAAAAAAAAAAAAAAA
AAAAAAAAAAAAAAAAAAAAAAAAAAAAAAAAAAAAAAAAAAAAAAAAAAAAAAAAAAAAAAAAAAAAAAAAAAAAAAAAAAAAAAAAAAAAAAAAAAAAAAAA
AAAAAAAAAAAAAAAAAAAAAAAAAAAAAAAAAAAAAAAAAAAAAAAAAAAAAAAAAAAAAAAAAAAAAAAAAAAAAAAAAAAAAAAAAAAAAAAAAAAAAAAA
AAAAAAAAAAAAAAAAAAAAAAAAAAAAAAAAAAAAAAAAAAAAAAAAAAAAAAAAAAAAAAAAAAAAAAAAAAAAAAAAAAAAAAAAAAAAAAAAAAAAAAAA
AAAAAAAAAAAAAAAAAAAAAAAAAAAAAAAAAAAAAAAAAAAAAAAAAAAAAAAAAAAAAAAAAAAAAAAAAAAAAAAAAAAAAAAAAAAAAAAAAAAAAAAA
AAAAAAAAAAAAAAAAAAAAAAAAAAAAAAAAAAAAAAAAAAAAAAAAAAAAAAAAAAAAAAAAAAAAAAAAAAAAAAAAAAAAAAAAAAAAAAAAAAAAAAAA
AAAAAAAAAAAAAAAAAAAAAAAAAAAAAAAAAAAAAAAAAAAAAAAAAAAAAAAAAAAAAAAAAAAAAAAAAAAAAAAAAAAAAAAAAAAAAAAAAAAAAAAA
AAAAAAAAAAAAAAAAAAAAAAAAAAAAAAAAAAAAAAAAAAAAAAAAAAAAAAAAAAAAAAAAAAAAAAAAAAAAAAAAAAAAAAAAAAAAAAAAAAAAAAAA
AAAAAAAAAAAAAAAAAAAAAAAAAAAAAAAAAAAAAAAAAAAAAAAAAAAAAAAAAACITgFCcFQBQgAAAAAAAAAAAAAAAAAAAAAAAAAADAED/wAA
AAAAAAAAAEEAAAAAAAAAAAAAAAAAAAAAAABsCQAAFABxCQAAFAB2CQAAFAB7CQAAFACACQAAFACFCQAAFACKCQAAFACPCQAAFACUCQAA
FACZCQAAFACeCQAAFACjCQAAFACoCQAAFAAAAAAAAAANAAAAAAAAAGQAAQAAAAAANHEMIwAAAAAAAAAAAAAAAAAAAAAAAAAAAAAAAAAA
AAAAAAAAAAAAAAAAAAAAAAAAAAAAAAAAAAAAAAAAAAAAAAAAAAAAAAAAAAAAAAAAAAAAAAAAAAAAAAAAAAAAAAAAAAAAAAAAAAAAAAAA
AAAAAAAAAAAAAAAAAAAAAAAAAAAAAAAAAAAAAAAAAAAAAAAAAAAAAAAAAAAAAAAAAAAAAAAAAAAAAAAAAAAAAAAAAAAAAAAAAAAAAAAA
AAAAAAAAAAAAAAAAAAAAAAAAAAAAAAAAAAAAAAAAAAAAAAAAAAAAAAAAAAAAAAAAAAAAAAAAAAAAAAAAAAAAAAAAAAAAAAAAAAAAAAAA
AAAAAAAAAAAAAAAAAAAAAAAAAAAAAAAAAAAAAAAAAAAAAAAAAAAAAAAAAAAAAAAAAAAAAAAAAAAAAAAAAAAAAAAAAAAAAAAAAAAAAAAA
AAAAAAAAAAAAAAAAAAAAAAAAAAAAAAAAAAAAAAAAAAAAAAAAAAAAAAAAAAAAAAAAAAAAAAAAAAAAAAAAAAAAAAAAAAAAAAAAAAAAAAAA
AAAAAAAAAAAAAAAAAAAAAAAAAAAAAAAAAAAAAAAAAAAAAAAAAAAAAAAAAAAAAAAAAAAAAAAAAAAAAAAAAAAAAAAAAAAAAAAAAAAAAAAA
AAAAAAAAAAAAAAAAAAAAAAAAAAAAAAAAAAAAAAAAAAAAAAAAAAAAAAAAAAAAAAAAAAAAAAAAAAAAAAAAAAAAAAAAAAAAAAAAAAAAAAAA
AAAAAAAAAAAAAAAAAAAAAAAAAAAAAAAAAAAAAAAAAAAAAAAAAAAAAAAAAAAAAAAAAAAAAAAAAAAAAAAAAAAAAAAAAAAAAAAAAAAAAAAA
AAAAAAAAAAAAAAAAAAAAAAAAAAAAAAAAAAAAAAAAAAAAAAAAAAAAAAAAAAAAAAAAAAAAAAAAAAAAAAAAAAAAAAAAAAAAAAAAAAAAAAAA
AAAAAAAAAAAAAAAAAAAAAAAAAAAAAAAAAAAAAAAAAAAAAAAAAAAAAAAAAAAAAAAAAAAAAAAAAAAAAAAAAAAAAAAAAAAAAAAAAAAAAAAA
AAAAAAAAAAAAAAAAAAAAAAAAAAAAAAAAAAAAAAAAAAAAAAAAAAAAAAAAAAAAAAAAAAAAAAAAAAAAAAAAAAAAAAAAAAAAAAAAAAAAAAAA
AAAAAAAAAAAAAAAAAAAAAAAAAAAAAAAAAAAAAAAAAAAAAAAAAAAAAAAAAAAAAAAAAAAAAAAAAAAAAAAAAAAAAAAAAAAAAAAAAAAAAAAA
AAAAAAAAAAAAAAAAAAAAAAAAAAAAAAAAAAAAAAAAAAAAAAAAAAAAAAAAgADwm78JAAAY//8AAAAAAAAAAAAAAAAAAAAAAAAAAAAAAAAA
////////0hwc+YGRAAAAAAAAAAAAAAAAAAAAAAAAAAAAAAAAAAAAAAAAAAAAAAAAAAAAANIcHPmBkfCbAAAAAAAAAAA0mLXiRqYBAJpa
AUJkABEVAd8AAAAAAADkNQNCNJi14dkCAQCaWgFCZAARFQHjAAAAAAAAlDcDQsieQ2KOpQEAlFoBQmQAERUB2wAAAAAAAEQ5A0LInkNK
Q0MBAJpaAUJkABEVAd8AAAAAAAC0OgNCCDbJi5skAQCaWgFCZAARFQHVAAAAAAAAZDwDQliGlCnWGAEAmloBQmQAMRwB5QAAAAAAADQ+
A0IAAAAACQAAAAYAAAH///////8AAAAAAAAAAAAAAAAAAAAAAAAAAAAAAAAAAAAAAAAAAAAAAAAAABRIBEIAAAAAAAAAAAAAAAAAAAAA
AAAAAAAAAAAAAAAAAAEAAAAAAAAEAAAAAAAAAAAAAAAAAAAAAAAAAAAAAAAAAAAAAAAAAAAAAAAAAAAAAAAAAAAAAAAAAAAAAAAAAAAA
AAAAAAAAAAAAAAAAAAAAAAAAAAAAAAAAAAAAAAAAAAAAAAAAAAAAAAAAAAAAAAAAAAAAAAAAAAAAAAAAAAAEAAAAAAAAAAAAAAAAAAAA
AAAAAAAAAAAAAAAAAAAAAAAAAAAAAAAAAAAAAAAAAAAAAAAAAAAAAAAAAAAAAAAAAAAAAAAAAAAAAAAAAAAAAAAAAAAAAAAAAAAAAAAA
AAC4qAFCAAAAAAAAAAAAAAAAAAAAANAPAAAAAAAAAAAAAAAAAAAAAAAAAAAAAAAJAAAAAAAABAIEQgAAAAAAAAAAAAAAAAAAAAAAAAAA
AAAAAAAAAADIDARCYB8EQgAAAABgHwRCAwEAAAAAAAAsDQRClB8EQgAAAACUHwRCAwEAAAAAAACQDQRCyB8EQgAAAADIHwRCAwEAAAAA
AAD0DQRC/B8EQgAAAAD8HwRCAwEAAAAAAABYDgRCMCAEQgAAAAAwIARCAwEAAAAAAAAAAAAAAAAAAAAAAAAAAAAAAAAAAAAAAAAAAAAA
AAAAAAAAAAAAAAAAAAAAAAAAAAAAAAAAAAAAAAAAAAAAAAAAAAAAAAAAAAAAAAAAAAAAAAAAAAAAAAAAAAAAAAAAAAAAAAAAAAAAAAAA
AAAAAAAAAAAAAAAAAAAAAAAAAAAAAAAAAAAAAAAAAAAAAAAAAAAAAAAAAAAAAAAAAAAAAAAAAAAAAAAAAAAAAAAAAAAAAAAAAAAAAAAA
AAAAAAAAAAAAAAAAAAAAAAAAAAAAAAAA/C0EQgAAAAAAAAAAAAAAAAAAAAAAAAAAAAAAAAAAAAAAAAAAAAAAAAAAAAAAAAAAAAAAAAAA
AAAAAAAAAAAAAP8AAAAAAAAAAAAAAAAAAAAAAAAAAAAAAAAAAAAAAAAAAAAAAAAAAAAAAAAAAAAAAAAAAAAAAAAAAAAAAAAAAAAAAAAA
AAAAAAAAAAAAAAAAAAAAAAAAAAAAAAAAAAAAAAAAAAAAAAAAAAAAAAAAAAAAAAAACQAAAAAAAAAIAAAAjGMBQoxjAUKYAwJC3A8DI+AO
AyMgDgMjig0DIzIRAyOoAgJCsGMBQrBjAUIAAAAAAAAAAAAAAAAAAAAAAAAAAAAAAAAAAAAAAAAAAAAAAAAAAAAAAAAAAAAAAAAAAAAA
AAAAAAAAAAAAAAAAAAAAAAAAAAAAAAAAAAAAAAAAAAAAAAAAAAAAAAAAAAAAAAAAAAAAAAAAAAAAAAAAAAAAAAAAAAAAAAAAAAAAAAAA
AAAAAAAAAAAAAAAAAAAAAAAAAAAAAAAAAAAAAAAAAAAAAAAAAAAAAAAAAAAAAAAAAAAAAAAAAAAAAAAAAAAAAAAAAAAAAAAAAAAAAAAA
AAAAAAAAAAAAAAAAAAAAAAAAAAAAAAAAAAAAAAAAAAAAAAAAAAAAAAAAAAAAAAAAAAAAAAAAAAAAAAAAAAAAAAAAAAAAAAAAAAAAAAAA
AAAAAAAAAAAAAAAAAAAAAAAAAAAAAAAAAAAAAAAAAAAAAAAAAAAAAAAAAAAAAAAAAAAAAAAAAAAAAAAAAAAAAAAAAAAAAAAAAAAAAAAA
AAAAABDWAEIMAQAAAAD/AAAAAAAAAAAAQQAAAAAAAAAAAAAAAAAAAAAAAAAAAAAAAAAEQgAAAAAAAAAAAAAAAAAAAAAAAAAAAAAAAAAA
AAAAAAAAAAAAAAAAAAAAAAAAAAAAAAAAAAAAAAAAAAAAAAAAAAAAAAAAAAAAAAAAAAAAAAAAAAAAAAAAAAAAAAAAAAAAAAAAAAAAAAAA
AAAAAAAAAAAAAAAAAAAAAAAAAAAAAAAAAAAAAAAAAAAAAAAAAAAAAAAAAAAAAAAAAAAAAAAAAAAAAAAAAAAAAAAAAAAAAAAAAAAAAAAA
AAAAAAAAAAAAAAAAAAAAAAAAAAAAAAAAAAAAAAAAAAAAAAAAAAAAAAAAAAAAAAAAAAAAAAAAAAAAAAAAAAAAAAAAAAAAAAAAAAAAAAAA
AAAAAAAAAAAAAAAAAAAAAAAAAAAAAAAAAAAAAAAAAAAAAAAAAAAAAAAAAAAAAAAAAAAAAAAAAAAAAAAAAAAAAAAAAAAAAAAAAAAAAAAA
AAAAAAAAAAAAAAAAAAAAAAAAAAAAAAAAAAAAAAAAAAAAAAAAAAAAAAAAAAAAAAAAAAAAAAAAAAAAAAAAAAAAAAAAAAAAAAAAAAAAAAAA
AAAAAAAAAAAAAAAAAAAAAAAAAAAAAAAAAAAAAAAAAAAAAAAAAAAAAAAAAAAAAAAAAAAAAAAAAAAAAAAAAAAAAAAAAAAAAAAAAAAAAAAA
AAAAAAAAAAAAAAAAAAAAAAAAAAAAAAAAAAAAAAAAAAAAAAAAAAAAAAAAAAAAAAAAAAAAAAAAAAAAAAAAAAAAAAAAAAAAAAAAAAAAAAAA
AAAAAAAAAAAAAAAAAAAAAAAAAAAAAAAAAAAAAAAAAAAAAAAAAAAAAAAAAAAAAAAAAAAAAAAAAAAAAAAAAAAAAAAAAAAAAAAAAAAAAAAA
AAAAAAAAAAAAAAAAAAAAAAAAAAAAAAAAAAAAAAAAAAAAAAAAAABYBAJCAAAAAAAAAAAAAAAAAAAAAAAAAAAAAAAAAAAAAAAAAAAAAAAA
AAAAAAAAAAAAAAAAAAAAAAAAAAAAAAAADQAAABb4AQAJAAbLZGNvbl9jeDY5AAAAAAAAAAAAAAAAAAAAAAAAAAAAAAAA/DSXBBhwAAAE
AgEBAgAADQAAAE31AQAYAAHEW0NhbV0gU1QtMyAxOTAzQ1UxMDA0NjkyAAAAAAAAAAAAeLIT4gxSAAADBAEBAwAAAQAAADr0AQAHAAHT
RElSRUNULQAAAAAAAAAAAAAAAAAAAAAAAAAAAAAAAAAAvkVbZ1YmAAABAQEBAAAADQAAAMlqAQAGAA3FSFVCUExUAAAAAAAAAAAAAAAA
AAAAAAAAAAAAAAAAAAAABJImbDegAAADAgEAAgAAAQAAAFdkAQAHAAbFRElSRUNULQAAAAAAAAAAAAAAAAAAAAAAAAAAAAAAAAAAvhAv
uAo2AAABAQEBAAAADQAAAAb1AQAYAAHHW0NhbV0gU1QtMyAxOTEwQ1UxMDA1NDM3AAAAAAAAAAAAFC5eDTQUAAADBAEBAwAADQAAAE32
AQAIAAPIc3RhcHRlc3QAAAAAAAAAAAAAAAAAAAAAAAAAAAAAAAAAWIaURiKKAAADAgEAAgAADQAAAHv+AQAGAA3UU1RBUkNIAAAAAAAA
AAAAAAAAAAAAAAAAAAAAAAAAAAAAzEDQSZenAAADAgEBAgAADQAAAG/9AQAOAAvgU1QgTWF0dGVyIEVFUk8AAAAAAAAAAAAAAAAAAAAA
AAAAMDQiB9ymAAADAgEAAgAADQAAAAf/AQAKAA3UU1RNZWRpYV9FWAAAAAAAAAAAAAAAAAAAAAAAAAAAAAAAeNKUqDXbAAADAgEBAgAA
DQAAAJP9AQAMAAvLc3QtaHVidjMtNTExAAAAAAAAAAAAAAAAAAAAAAAAAAAAMqtqnpbfAAADAgEAAgAADQAAAIQJAAAJAAvFaW90ZGFw
cDJnAAAAAAAAAAAAAAAAAAAAAAAAAAAAAAAA1F1kn4QwAAADAgEBAgAADQAAADoIAAAHAAjBU1RLMi40RwAAAAAAAAAAAAAAAAAAAAAA
AAAAAAAAAAAAWIaUVTrwAAADAgEAAgAADQAAAHbdAAASAAm/VFAtTGlua19HdWVzdF8yQUIwAAAAAAAAAAAAAAAAAAAAYkcyIyqqAAAA
AAEAAAAADQAAACT8AQANAAvhbWF0dGVyLWNvcmUyZwAAAAAAAAAAAAAAAAAAAAAAAAAABPn4KCKBAAAEAgEAAgAADQAAANz7AQAJAArP
bWF0dGVyaHViAAAAAAAAAAAAAAAAAAAAAAAAAAAAAAAACDbJi5rEAAADAgEBAgAADQAAAET9AQAMAAvU65SU7L2Y7JeQ7L2UAAAAAAAA
AAAAAAAAAAAAAAAAAAAAiDZsweb+AAADAgEAAgAADQAAAK39AQAGAAvVZGVtb0FQAAAAAAAAAAAAAAAAAAAAAAAAAAAAAAAAAAAA0hwc
+YGRAAADAgEAAgAADQAAANL9AQANAAvXc2V0dXAwQzc2LnliZAAAAAAAAAAAAAAAAAAAAAAAAAAA+BorE2UyAAADAgEAAgAADQAAAFj8
AQAIAArTZGNvbmlvczIAAAAAAAAAAAAAAAAAAAAAAAAAAAAAAAAAWIaUwSC7AAADAgEBAgAADQAAAIP8AQAJAAnUU1RfaU9TXzJHAAAA
AAAAAAAAAAAAAAAAAAAAAAAAAAAAJEv+JPYQAAADAgEBAgAADQAAAKn7AQAGAAnbU1kzOUpVAAAAAAAAAAAAAAAAAAAAAAAAAAAAAAAA
AAAAcF3M1GUMAAADAgEAAgAADQAAAKL4AQATAAbJW0NhbV0gU1QtNCBjVXo4M21ReQAAAAAAAAAAAAAAAAAAgncWh26TAAAEBAEAAwAA
DQAAAFT5AQAKAAfYaG9tZXNkay0yZwAAAAAAAAAAAAAAAAAAAAAAAAAAAAAAyJ5DYn5GAAADAgEBAgAADQAAAMD4AQAOAAfZQ2xpZW50
UGxhdGZvcm0AAAAAAAAAAAAAAAAAAAAAAAAAPDeGxYyLAAADAgEBAgAADQAAAMP4AQATAAbJW0NhbV0gU1QtNCBOUWVPa3E1TgAAAAAA
AAAAAAAAAAAAYH6kgA1sAAAEBAEAAwAADQAAANf3AQANAAbVc2V0dXA3NkYwLnluawAAAAAAAAAAAAAAAAAAAAAAAAAAkMr6nHbwAAAD
AgEAAgAADQAAAKH5AQALAAbjaHViX3dhc2hfMmcAAAAAAAAAAAAAAAAAAAAAAAAAAAAAgu0ALv7IAAADAgEBAgAADQAAABH5AQALAAXV
c2NoIGNkcmFnb24AAAAAAAAAAAAAAAAAAAAAAAAAAAAA5FjnTJ/0AAADAgEBAgAADQAAAMb2AQAHAAXYU1RNZWRpYQAAAAAAAAAAAAAA
AAAAAAAAAAAAAAAAAAAAWIaUwgbAAAADAgEBAgAABQAAAN70AQAPAAHPRFdELVMyMjBfY2JhYjliAAAAAAAAAAAAAAAAAAAAAAAASlUZ
y6ubAAAAAAEAAAAADQAAAD71AQALAAPeV0FTSF9ERE9fMkcAAAAAAAAAAAAAAAAAAAAAAAAAAAAAJEv+JPLwAAADAgEBAgAADQAAAPL0
AQATAAPQQVJMT19WTUJfMTcyMjkyNTI1NgAAAAAAAAAAAAAAAAAAoECgp5v4AAADAgEBAgAADQAAAEn1AQAVAAHMW0NhbV0gU1QtMiBT
SkIwNkswMDM0AAAAAAAAAAAAAAAAAAAPBVc0AAADAgEAAgAADQAAADb1AQAcAAHRV2luZG93Rml0X0U0MEFFajAwMjZrM2F0MDEyWQAA
AAAAiFcd712RAAADAgEAAgAADQAAAPz1AQALAALfbmV0YnJva2VyMkcAAAAAAAAAAAAAAAAAAAAAAAAAAAAAyJ5DSkNDAAADAgEBAgAA
DQAAAFf1AQAYAAHGW0NhbV0gU1QtMyAxOTEwQ1UxMDA1NDg1AAAAAAAAAAAAFC5eDTREAAADBAEBAwAADQAAAMn1AQAEAAPXYXBwMwAA
AAAAAAAAAAAAAAAAAAAAAAAAAAAAAAAAAAAAnD3P6r94AAADAgEBAgAADQAAAPQAAAAOAAHAUFhfVGhpbmdzXzIuNEcAAAAAAAAAAAAA
AAAAAAAAAAAAsG6/pYigAAADAgEAAgAADQAAAGn2AQANAALVbWF0dGVyLWp1bmcyZwAAAAAAAAAAAAAAAAAAAAAAAAAACDbJi5skAAAE
BAEBAwAADQAAAGX2AQAKAALlQVg4MDA0TVcyRwAAAAAAAAAAAAAAAAAAAAAAAAAAAAAAWIaUKdYYAAADAgEAAgAADQAAACphAQASAAHT
R2FsYXh5IFRhYiBTNyA1MkIwAAAAAAAAAAAAAAAAAAAAXsuZMhKwAAADAgEAAgAADQAAAPT1AQAMAALfbWF0dGVyLXN2ZTJnAAAAAAAA
AAAAAAAAAAAAAAAAAAAANJi14kamAAADAgEBAgAADQAAACH1AQAQAAHbbWF0dGVyLWNvbnRyb2wyZwAAAAAAAAAAAAAAAAAAAAAAyJ5D
Yo6lAAADAgEBAgAADQAAABL1AQAKAAHLMmRjb25fY3gxOAAAAAAAAAAAAAAAAAAAAAAAAAAAAAAAWIaUSknIAAADAgEAAgAAAQAAAJ1g
AQAFAAHJR0lGVFYAAAAAAAAAAAAAAAAAAAAAAAAAAAAAAAAAAAAA7mTJz00lAAAAAAEAAAAADQAAAAD0AQAKAALjbWF0dGVya2F0ZQAA
AAAAAAAAAAAAAAAAAAAAAAAAAAAANJi14dkCAAADAgEBAgAAAQAAADz0AQAFAAHPR0lGVFYAAAAAAAAAAAAAAAAAAAAAAAAAAAAAAAAA
AAAA7mTJz1YFAAAAAAEAAAAADQAAAKL0AQAPAAHKU2Ftc3VuZyBUViAxODY1AAAAAAAAAAAAAAAAAAAAAAAA1p3ApAQ+AAADAgEBAgAA
4AQCQgAAAAAAAAAAAAAAAAAAAAAAAAAAAAAAAAAAAAAAAAAAAAAAAAAAAAAAAAAAAAAAAAAAAAAAAAAAAAAAAAAAAAAAAAAAAAAAAAAA
AAAAAAAAAAAAAAAAAAAAAAAAAAAAAAAAAAAAAAAAAAAAAAAAAAAAAAAAAAAAAAAAAAAAAAAAAAAAAAAAAAAAAAAAAAAAAAAAAAAAAAAA
AAAAAAAAAAAAAAAAAAAAAAAAAAAAAAAAAAAAAAAAAAAAAAAAAAAAAAAAAAAAAAAAAAAAAAAAAAAAAAAAAAAAAAAAAAAAAAAA9G0MIxBu
DCO8bQwjAAAAAAAAAAAAAAAAAAAAAAAAAAAAAAAAAAAAAAAAAAAAAAAAAAAAAAAAAAAAAAAAAAAAAAAAAAAAAAAAAAAAAAAAAAAAAAAA
AAAAAAAAAAAAAAAAAAAAAAAAAAAAAAAAAAAAAAAAAAAAAAAAAAAAAAAAAAAgEgJCeBICQgAAAAAAAAAAAUNOAAAAZAANAAAA/////wAA
AAAAAAAAmDoAAEJvdWZmYWxvbGFiX0JMNjAyLTRjOTc2MQAAAAAAAAAAAAAAAAAAAAAAAAAAAAAAAAAAAAAAAAAAAAAAAAAAAAAAAAAA
AAAAAAAAAAAAAAAAAAAAAAAAAAAAAAAAAAAAAAAAAAAAAAAAAAAAAAAAAAAAAAAAAAAAAAAAAAAAAAAAAAAAAAAAAAAAAAAAAAAAAAAA
AAAAAAAAAAAAAAAAAAAAAAAAAAAAAAAAAAAAAAAAAAAAAAAAAAAAAAAAAAAAAAAAAAAAAAAAAAAAAAAAAAAAAAAAAAAAAAAAAAAAAAAA
AAAAAAAAAAAAAAAAAAAAAAAAAAAAAAAAAAAAAAAAAAAAAAAAAAAAAAAAAAAAAAAAAAAAAAAAAAAAAAAAAAAAAAAAAAAAAAAAAAAAAAAA
AAAAAAAAAAAAAAAAAAAAAAAAAAAAAAAAAAAAAAAAAAAAAAAAAAAAAAAAAAAAAAAAAAAAAAAAAAAAAAAAAAAAAAAAAAAAAAAAAAAAAAAA
AAAAAAAAAAAAAAAAAAAAAAAAAAAAAAAAAAAAAAAAAAAAAAAAAAAAAAAAAAAAAAAAAAAAAAAAAAAAAAAAAAAAAAAAAAAAAAAAAgAAAAIA
AAACAAAAAgAAACi+AUIAAAAAAAAAAAAAAAAAAAAAAAAAAAAAAAAAAAAAAAAAAAAAAAAAAAAAAAAAAAAAAAAAAAAAAAAAANgaAUIAAAAA
AAAAAAAAAAAAAAAAAAAAAAAAAAAAAAAAAAAAAAAAAAAAAAAAAAAAAAAAAAAAAAAAAAAAAAAAAAAAAAAAAAAAAAAAAAAAAAAAAAAAAAAA
AAAAAAAAAAAAAAAAAAAAAAAAAAAAAAAAAAAAAAAAAAAAAAAAAAAAAAAAAAAAAAAAAAAAAAAAAAAAAAAAAAAAAAAAAAAAAAAAAAAAAAAA
AAAAAAAAAAAAAAAAAAAAAAAAAECoALgDAAAAAAAAAAACAAIAAAABAAEAAAAAAAAAAAAAAAAAAAAAAAAAAAAAAAAAAAAAAAAAMEkEQgAA
AAAAAAAAAAAAAAAAAAAAAAAAAAAAABi5AUIAAAAAKlYFIw4AAAABAAAAAgAAAMivAUJ4qwFC/////wAAAAAAAAAA5J8AKOSfACgAAAAA
AAAAAAAAAAAAAAAAAAAAAAAAAAAAAAAAAAAAAAAAAAAAAAAAAAAAAAoAAAAAAAAAvJ8AKCCfACggnwAoGwBIAfsASAj7AEgIZAD2CsQI
/////x8B/wEAAAAAAADVAAAA//8AAAAAAAAAAAAAAAAAAAAAAAAAAAAAAGKXTM8OtAAAABAACiAAAAAAAAAAAAAAAAAAAAAAAAAAAAAA
AAAAAAAAAAAAAAAAAAAAAAAAAAAAAAAAAAAAAAAAAAAAAAAAAAAAAAAAAAAAAADcEJDaG9B56Fh2zULvPlw4dtIwP6SH/vtlm3a235r5
FtwQkNob0HnoWHbNQu8+XDh20jA/pIf++2WbdrbfmvkWAAAAAACQ6AQC+IdAIgAAAAAAAAAAkB0EIxQbBCPMHAQjDh0EI04dBCMWGwQj
AAAAACAbBCMsGwQjMBsEIzIbBCMPAAAAAAAAAFql1AUAAAAAAAAAAAAAAAAAAAAAAAAAAAAAAAAAAAAAAAAAAAAAAAAAAAAAAAAAAAAA
AAAAAAAAAAAAAAAAAAAAAAAAAAAAAAAAAAAAAAAAAAAAAAAAAAAAAAAAAAAAAAAAAAAAAAAAAAAAAAAAAAAAAAAAAAAAAAAAAAAAAAAA
AAAAAAAAAAAAAAAAAAAAAAAAAAAAAAAAAAAAAAAAAAAAAAAAAAAAAAAAAAAAAAAAAAAAAAAAAAAAAAAAAAAAAAAAAAAAAAAAAAAAAAAA
AAAAAAAAAAAAAAAAAAAAAAAAAAAAAAAAAAAAAAAAAAAAAAAAAAAAAAAAAAAAAAAAAAAAAAAAAAAAAAAAAAAAAAAAAAAAAAAAAAAAAAAA
AAAAAAAAAAAAAAAAAAAAAAAAAAAAAAAAAAAAAAAAAAAAAAAAAAAAAAAAAAAAAAAAAAAAAAAAAAAAAAAAAAAAAAAAAAAAAAAAAAAAAAAA
AAAAAAAAAAAAAAAAAAAAAAAAAAAAAAAAAAAAAAAAAAAAAAAAAAAAAAAAAAAAAAAAAAAAAAAAAAAAAAAAAAAAAAAAAAAAAAAAAAAAAAAA
AAAAAAAAAAAAAAAAAAAAAAAAAAAAAAAAAAAAAAAAAAAAAAAAAAAAAAAAAAAAAAAAAAAAAAAAAAAAAAAAAAAAAAAAAAAAAAAAAAAAAAAA
AAAAAAAAAAAAAAAAAAAAAAAAAAAAAAAAAAAAAAAAAAAAAAAAAAAAAAAAAAAAAAAAAAAAAAAAAAAAAAAAAAAAAAAAAAAAAAAAAAAAAAAA
AAAAAAAAAAAAAAAAAAAAAAAAAAAAAAAAAAAAAAAAAAAAAAAAAAAAAAAAAAAAAAAAAAAAAAAAAAAAAAAAAAAAAAAAAAAAAAAAAAAAAAAA
AAAAAAAAAAAAAAAAAAAAAAAAAAAAAAAAAAAAAAAAAAAAAAAAAAAAAAAAAAAAAAAAAAAAAAAAAAAAAAAAAAAAAAAAAAAAAAAAAAAAAAAA
AAAAAAAAAAAAAAAAAAAAAAAAAAAAAAAAAAAAAAAAAAAAAAAAAAAAAAAAAAAAAAAAAAAAAAAAAAAAAAAAAAAAAAAAAAAAAAAAAAAAAAAA
AAAAAAAAAAAAAAAAAAAAAAAAAAAAAAAAAAAAAAAAAAAAAAAAAAAAAAAAAAAAAAAAAAAAAAAAAAAAAAAAAAAAAAAAAAAAAAAAAAAAAAAA
AAAAAAAAAAAAAAAAAAAAAAAAAAAAAAAAAAAAAAAAAAAAAAAAAAAAAAAAAAAAAAAAAAAAAAAAAAAAAAAAAAAAAAAAAAAAAAAAAAAAAAAA
AAAAAAAAAAAAAAAAAAAAAAAAAAAAAAAAAAAAAAAAAAAAAAAAAAAAAAAAAAAAAAAAAAAAAAAAAAAAAAAAAAAAAAAAAAAAAAAAAAAAAAAA
AAAAAAAAAAAAAAAAAAAAAAAAAAAAAAAAAAAAAAAAAAAAAAAAAAAAAAAAAAAAAAAAAAAAAAAAAAAAAAAAAAAAAAAAAAAAAAAAAAAAAAAA
AAAAAAAAAAAAAAAAAAAAAAAAAAAAAAAAAAAAAAAAAAAAAAAAAAAAAAAAAAAAAAAAAAAAAAAAAAAAAAAAAAAAAAAAAAAAAAAAAAAAAAAA
AAAAAAAAAAAAAAAAAAAAAAAAAAAAAAAAAAAAAAAAAAAAAAAAAAAAAAAAAAAAAAAAAAAAAAAAAAAAAAAAAAAAAAAAAAAAAAAAAAAAAAAA
AAAAAAAAAAAAAAAAAAAAAAAAAAAAAAAAAAAAAAAAAAAAAAAAAAAAAAAAAAAAAAAAAAAAAAAAAAAAAAAAAAAAAAAAAAAAAAAAAAAAAAAA
AAAAAAAAAAAAAAAAAAAAAAAAAAAAAAAAAAAAAAAAAAAAAAAAAAAAAAAAAAAAAAAAAAAAAAAAAAAAAAAAAAAAAAAAAAAAAAAAAAAAAAAA
AAAAAAAAAAAAAAAAAAAAAAAAAAAAAAAAAAAAAAAAAAAAAAAAAAAAAAAAAAAAAAAAAAAAAAAAAAAAAAAAAADgcAcjNk4HI7SGByOciwcj
AAAAAAAAAAAAAAAAAAAAAOzjBiOo/gYjAAAAAAAAAAAAAAAAAAAAAAAAAAAAAAAAvLINIzDGDSPUrw0jAAAAANhODiMAAAAAAAAAAAAA
AAAAAAAArJ0AKKydACi0jgAo+HkBQk4R1AW0gAFCqIABQpiBAUKYgQFCAAAAAAAAAAAAAAAAAAAAAAEAAAAAAAAAAAAAAAIAAAAAAAAA
AAAAAAMAAAAAAAAAkIABQgQAAAAAAAAAAAAAAAUAAACKBAIFwIABQgYAAQCOBQIbzIABQgcAAACKBAIb2IABQggAAQCOBQIb5IABQgkA
AACKBAIb8IABQgoAAQCOBQIb/IABQgsAAACKBAIbCIEBQgwAAQCOBQIbFIEBQg0AAACKBAIbIIEBQg4AAQCOBQIbLIEBQg8AAACKBAIb
OIEBQhAAAQCOBQIbRIEBQhEAAACKBAIbUIEBQhIAAQCOBQIbXIEBQhMAAACKBAIbaIEBQhQAAQCOBQIbdIEBQhUAAACKBAIbgIEBQhYA
AQCOBQIbjIEBQhcAAACKBAIbqIABQhgAAQCOBQIVAAAAAAAAigSYgQFCAQCOBWKCACgFAAAAvJ0AKAAAAAAAAAAAAAAAAAAAAAACAAAA
yCYDQniwAULQgQFC0IEBQgIAAAAAAAAAiKoBQjCwAULYDANC7IEBQuyBAUIBAAEAAAAAAJC2AULItwFCAAAAAAAAAADosAFCEIIBQhCC
AUIKAAgAAAAAAICsAUJItQFCeCoDQiyCAUIsggFCAgABAAAAAAAIKANCMCoDQgAAAAAAAAAAMrMFI7grA0JUggFCVIIBQvgWA0JgggFC
YIIBQjgNA0JsggFCbIIBQugVA0IAAAAAAAAAAAAAAAAAAAAAAAAAAAAAAAAAAAAAAAAAAAAAAAAAAAAAAAAAAAAAAAAAAAAAAAAAAAAA
AAAAAAAAAAAAAAAAAAAAAAAAAAAAADAnA0LMggFCzIIBQgAAAAAAAAAAAAAAAAAAAAAAAAAAAAAAAAAAAAAAAAAAAAAAAAAAAAAAAAAA
AAAAAAAAAAAAAAAAAAAAAAAAAAAAAAAAAAAAAAAAAAAAAAAAAAAAAAIAAAAAAAAAuEAhPGhjvwwQOhUO/+0WFngD8BMUzVWvpcN2Ianv
drccvV1SWFHfNTzXw3G3cYWdI8Dh42aCAyuxEsEv1h+YekUdZAj2XwdPHHoIPOBhSfN3YvLIwMc+ez8cMJDi59G2xBZo0v2fxP5RNDIE
nNxPvQwgAw3ZME/2hNjySdXHu/eOATA0COmll8ZAtymguZp3EyXMvr1dT3xxyM8k9vI99lT9Jtz6xl/yPTgCINXvg/Sj+Z2Wl/Xb/01h
ipDWBD5iQkqC5JCvZG4KGgUQ/va/+AyTXRco/TS/RwpxlcAM/pg9aA8WlV/JiIGQDrardezeCYlZJ2jaF/bFEidRPhbW45kisRAR9Ln1
BRTdHHtJp3Ua3tRCt8KH3+gZpabzfDXVCFb3qGPN/PlcLBm09PS87xuVUYL2GzzvYNEGYUq0w3M4yVno2azhZSAUUQGNP3Rn8z0PPrRh
7mSiBsAs3bWb/CUklKF7TKXUVMpOhfGOxi6Mect46i/+UgfMMVy+9OuQQpZOdNYpxGceEBIAXqN+vfCWDkHi3nTxYWKzN99U9la5N6wb
H92O90YszcX/8Pc9tCdkaM7dsjWZ75Z0vfPWXmkHoAH71+cjAXW+Qf44iI7TG6MXzk/nG3Agn4m7nJaGUxACwXtl5+2C7tAAdFfpv434
HnP/C+NHwYTNIJYedoUysGAH7kzz14SJNp99UPfMvIBLnvf7+eHz3c4x+3b3lhUXNyCzx++WQRAki3b7r6VGQLwmhr9uBNHAbL5ckX+/
vEOWF/+fy/hRK1U4Hr9V+qBxEcT/phX2wWZBQhTr6fUFLYpcvpuAy1l6qyr+Z/e/RifOSZT1Gd+HyNSqvsjPhncGRLFOk+6NSStSVN92
n5Z8Ved6dl9Uhow8mjL89Ll6AeAxfEQf3+5n0hVilZ/duyohWUkzHG6hEST9BL9ToCkTwwQ2O6p2YB0YKHCd+JyfC8317U74uKFOn3kJ
O85n2yrgSEfLWtgfdOwQBDn///iHDgyaHAx/bihiAFAjaf+glSpUMYDFOtu6Bw4EHOpR/2MlDmGCH17Gq0h9jX/aWWu28URDn9+OWxjT
OAhy6jX/ZPrCbGZV6/B7A8axbr/QBgPQIaC9/7UgdKfxNIuvi1/0YUY5b5vZ3YiNz16JOp2+IoKgHabZ/fh7RptfOGt482TojFJTvvUH
nXfOSqI6yTUMrwQCMWctNNVg2qJ+q7G3Yx2QBXrT3DwHFFR1DPNzYv5olqpRm8/9EEKHMvPjjDYjR8OEsHJoeicHbBvb//abWhfieMab
5v4uBTpJ220+z3ke2kDuaujnnRQcvH7zUDpIiULBfRs2Jk6KAsj7ykpYmwFKBBdHu59VMMHD7fJXPwPcDAMfl8/1QKi8CK1Z9dwbUQwI
5dIbz92WIBWGb4b1VrqEAlj1dfejX7V5Hbi8O0EQWcpod7o/z1gZMl3WNFNfILOKzc5vwSAIMOCM92bQEcqhtD/pNq4UDC9Ls7V8v5to
obWHc/7zxNHFBVn9q5SBE9dA4Rx0YBQWQgJZL6esNqfMQOvv+a5QRhXkCKELIwEAAABe+QBCAAAAAAihCyMBAAAAXvkAQgAAAAAAAAAA
AAAAAP////9e+QBCKKALIwAAAAD/////XvkAQgAAAABAAAAAVPkAQsiIAULgAQAACgAAABSfCyOMcwwjCKELIwQAAABz+QBCAAAAAAAA
AAADAAAA5gUBQgAAAAAooAsjBAAAAP////9y+QBCAAAAAEAAAABU+QBCJIkBQuABAAAeAAAAFJ8LI/HiCyMIoQsjAQAAAI/5AEIAAAAA
AAAAAPSgCyMMnwsjsAUBQiigCyMAAAAA/////4/5AEIBAAAAQAAAAFT5AEJ4iQFC4AEAADsAAAAUnwsj/NMLIwgaACP4EAAAXIkBQogR
AAAAcB4jDIkBQgEAAACTEQAA2iMAIwBAAUIBAAAALBMAAABwHiMsiQFCAgAAADATAADaIwAjAEABQgEAAAAJAAAAAgAAAABwHiNYiQFC
LBMAAMgkACNYgR4jAHAeIzgAAAAwEwAA2BAAAAEAAAAA1AsjAHAeIwcAAADEgR4jiBEAAEYgACPYEAAAAHAeI/////8GAAAAAEABQkgQ
AAAMAAAACAAAAFiBHiMAcB4jAPAAQtbDACMSAAAAEgAAABAAAAAOAAAADgAAAACwA0IBAAAACKELIwjTAEIEAAAA8IkBQrrZACMAAAAA
hAAAAAAAAABsJQQjZKYNIwDQAEIgigFC+CUEIxISEhL//////wAAABrRBiMeAAAAFAAAAAAAAABBQUJCCAAAAPLdBiMAAAAAjJoLIwAA
/wAAgAwjAAMAAACADCP8eAwjAEADAADAAEKyIwQjCgAAACWKAUIAAARCTIoBQgEAAAAAQAMAAMAAQuAkBCMBAAAAOIABQgCAACj6kAfS
CNMAQgADQAAwMDAzNDAwMABhAkIA8ABCAEABQgDACyMAwAsjyHkMIxh5DCNaJwQjAAAAAAAAAACYngAoAAAAAAAAAAAAAAAAAAAAAAAA
AAAAAAAAAAAAAAAAAAAAAAAAAAAAAAAAAAAAAAAAAAAAAAAAAAAAAAAAAAAAAAAAAAAAAAAAAAAAAAAAAAAAAAAAAAAAAAAAAAAAAAAA
AAAAAAAAAAAAAAAAAAAAAAAAAAAAAAAAAAAAAAAAAAAAaQAjALAMI2DvAEIAQAFCAMALIwDACyP4wAsjMIsBQs6bACMAAAAAGAAAgAQA
AABQiwFCAAAAAF74fkYAAAAAOAAAgAEAAACYPgQjdAUBQgAAAAAAAAAAAAAAAAAAAAAAAAAAAAAAAAAAAAAAAAAAAAAAAAAAAAAIEACA
paWlpaWlpaWlpaWlpaWlpaWlpaWlpaWlpaWlpaWlpaWlpaWlpaWlpaWlpaWlpaWlpaWlpaWlpaWlpaWlpaWlpaWlpaWlpaWlpaWlpaWl
paWlpaWlpaWlpaWlpaWlpaWlpaWlpaWlpaWlpaWlpaWlpaWlpaWlpaWlpaWlpaWlpaWlpaWlpaWlpaWlpaWlpaWlpaWlpaWlpaWlpaWl
paWlpaWlpaWlpaWlpaWlpaWlpaWlpaWlpaWlpaWlpaWlpaWlpaWlpaWlpaWlpaWlpaWlpaWlpaWlpaWlpaWlpaWlpaWlpaWlpaWlpaWl
paWlpaWlpaWlpaWlpaWlpaWlpaWlpaWlpaWlpaWlpaWlpaWlpaWlpaWlpaWlpaWlpaWlpaWlpaWlpaWlpaWlpaWlpaWlpaWlpaWlpaWl
paWlpaWlpaWlpaWlpaWlpaWlpaWlpaWlpaWlpaWlpaWlpaWlpaWlpaWlpaWlpaWlpaWlpaWlpaWlpaWlpaWlpaWlpaWlpaWlpaWlpaWl
paWlpaWlpaWlpaWlpaWlpaWlpaWlpaWlpaWlpaWlpaWlpaWlpaWlpaWlpaWlpaWlpaWlpaWlpaWlpaWlpaWlpaWlpaWlpaWlpaWlpaWl
paWlpaWlpaWlpaWlpaWlpaWlpaWlpaWlpaWlpaWlpaWlpaWlpaWlpaWlpaWlpaWlpaWlpaWlpaWlpaWlpaWlpaWlpaWlpaWlpaWlpaWl
paWlpaWlpaWlpaWlpaWlpaWlpaWlpaWlpaWlpaWlpaWlpaWlpaWlpaWlpaWlpaWlpaWlpaWlpaWlpaWlpaWlpaWlpaWlpaWlpaWlpaWl
paWlpaWlpaWlpaWlpaWlpaWlpaWlpaWlpaWlpaWlpaWlpaWlpaWlpaWlpaWlpaWlpaWlpaWlpaWlpaWlpaWlpaWlpaWlpaWlpaWlpaWl
paWlpaWlpaWlpaWlpaWlpaWlpaWlpaWlpaWlpaWlpaWlpaWlpaWlpaWlpaWlpaWlpaWlpaWlpaWlpaWlpaWlpaWlpaWlpaWlpaWlpaWl
paWlpaWlpaWlpaWlpaWlpaWlpaWlpaWlpaWlpaWlpaWlpaWlpaWlpaWlpaWlpaWlpaWlpaWlpaWlpaWlpaWlpaWlpaWlpaWlpaWlpaWl
paWlpaWlpaWlpaWlpaWlpaWlpaWlpaWlpaWlpaWlpaWlpaWlpaWlpaWlpaWlpaWlpaWlpaWlpaWlpaWlpaWlpaWlpaWlpaWlpaWlpaWl
paWlpaWlpaWlpaWlpaWlpaWlpaWlpaWlpaWlpaWlpaWlpaWlpaWlpaWlpaWlpaWlpaWlpaWlpaWlpaWlpaWlpaWlpaWlpaWlpaWlpaWl
paWlpaWlpaWlpaWlpaWlpaWlpaWlpaWlpaWlpaWlpaWlpaWlpaWlpaWlpaWlpaWlpaWlpaWlpaWlpaWlpaWlpaWlpaWlpaWlpaWlpaWl
paWlpaWlpaWlpaWlpaWlpaWlpaWlpaWlpaWlpaWlpaWlpaWlpaWlpaWlpaWlpaWlpaWlpaWlpaWlpaWlpaWlpaWlpaWlpaWlpaWlpaWl
paWlpaWlpaWlpaWlpaWlpaWlpaWlpaWlpaWlpaWlpaWlpaWlpaWlpaWlpaWlpaWlpaWlpaWlpaWlpaWlpaWlpaWlpaWlpaWlpaWlpaWl
paWlpaWlpaWlpaWlpaWlpaWlpaWlpaWlpaWlpaWlpaWlpaWlpaWlpaWlpaWlpaWlpaWlpaWlpaWlpaWlpaWlpaWlpaWlpaWlpaWlpaWl
paWlpaWlpaWlpaWlpaWlpaWlpaWlpaWlpaWlpaWlpaWlpaWlpaWlpaWlpaWlpaWlpaWlpaWlpaWlpaWlpaWlpaWlpaWlpaWlpaWlpaWl
paWlpaWlpaWlpaWlpaWlpaWlpaWlpaWlpaWlpaWlpaWlpaWlpaWlpaWlpaWlpaWlpaWlpaWlpaWlpaWlpaWlpaWlpaWlpaWlpaWlpaWl
paWlpaWlpaWlpaWlpaWlpaWlpaWlpaWlpaWlpaWlpaWlpaWlpaWlpaWlpaWlpaWlpaWlpaWlpaWlpaWlpaWlpaWlpaWlpaWlpaWlpaWl
paWlpaWlpaWlpaWlpaWlpaWlpaWlpaWlpaWlpaWlpaWlpaWlpaWlpaWlpaWlpaWlpaWlpaWlpaWlpaWlpaWlpaWlpaWlpaWlpaWlpaWl
paWlpaWlpaWlpaWlpaWlpaWlpaWlpaWlpaWlpaWlpaWlpaWlpaWlpaWlpaWlpaWlpaWlpaWlpaWlpaWlpaWlpaWlpaWlpaWlpaWlpaWl
paWlpaWlpaWlpaWlpaWlpaWlpaWlpaWlpaWlpaWlpaWlpaWlpaWlpaWlpaWlpaWlpaWlpaWlpaWlpaWlpaWlpaWlpaWlpaWlpaWlpaWl
paWlpaWlpaWlpaWlpaWlpaWlpaWlpaWlpaWlpaWlpaWlpaWlpaWlpaWlpaWlpaWlpaWlpaWlpaWlpaWlpaWlpaWlpaWlpaWlpaWlpaWl
paWlpaWlpaWlpaWlpaWlpaWlpaWlpaWlpaWlpaWlpaWlpaWlpaWlpaWlpaWlpaWlpaWlpaWlpaWlpaWlpaWlpaWlpaWlpaWlpaWlpaWl
paWlpaWlpaWlpaWlpaWlpaWlpaWlpaWlpaWlpaWlpaWlpaWlpaWlpaWlpaWlpaWlpaWlpaWlpaWlpaWlpaWlpaWlpaWlpaWlpaWlpaWl
paWlpaWlpaWlpaWlpaWlpaWlpaWlpaWlpaWlpaWlpaWlpaWlpaWlpaWlpaWlpaWlpaWlpaWlpaWlpaWlpaWlpaWlpaWlpaWlpaWlpaWl
paWlpaWlpaWlpaWlpaWlpaWlpaWlpaWlpaWlpaWlpaWlpaWlpaWlpaWlpaWlpaWlpaWlpaWlpaWlpaWlpaWlpaWlpaWlpaWlpaWlpaWl
paWlpaWlpaWlpaWlpaWlpaWlpaWlpaWlpaWlpaWlpaWlpaWlpaWlpaWlpaWlpaWlpaWlpaWlpaWlpaWlpaWlpaWlpaWlpaWlpaWlpaWl
paWlpaWlpaWlpaWlpaWlpaWlpaWlpaWlpaWlpaWlpaWlpaWlpaWlpaWlpaWlpaWlpaWlpaWlpaWlpaWlpaWlpaWlpaWlpaWlpaWlpaWl
paWlpaWlpaWlpaWlpaWlpaWlpaWlpaWlpaWlpaWlpaWlpaWlpaWlpaWlpaWlpaWlpaWlpaWlpaWlpaWlpaWlpaWlpaWlpaWlpaWlpaWl
paWlpaWlpaWlpaWlpaWlpaWlpaWlpaWlpaWlpaWlpaWlpaWlpaWlpaWlpaWlpaWlpaWlpaWlpaWlpaWlpaWlpaWlpaWlpaWlpaWlpaWl
paWlpaWlpaWlpaWlpaWlpaWlpaWlpaWlpaWlpaWlpaWlpaWlpaWlpaWlpaWlpaWlpaWlpaWlpaWlpaWlpaWlpaWlpaWlpaWlpaWlpaWl
paWlpaWlpaWlpaWlpaWlpaWlpaWlpaWlpaWlpaWlpaWlpaWlpaWlpaWlpaWlpaWlpaWlpaWlpaWlpaWlpaWlpaWlpaWlpaWlpaWlpaWl
paWlpaWlpaWlpaWlpaWlpaWlpaWlpaWlpaWlpaWlpaWlpaWlpaWlpaWlpaWlpaWlpaWlpaWlpaWlpaWlpaWlpaWlpaWlpaWlpaWlpaWl
paWlpaWlpaWlpaWlpaWlpaWlpaWlpaWlpaWlpaWlpaWlpaWlpaWlpaWlpaWlpaWlpaWlpaWlpaWlpaWlpaWlpaWlpaWlpaWlpaWlpaWl
paWlpaWlpaWlpaWlpaWlpaWlpaWlpaWlpaWlpaWlpaWlpaWlpaWlpaWlpaWlpaWlpaWlpaWlpaWlpaWlpaWlpaWlpaWlpaWlpaWlpaWl
paWlpaWlpaWlpaWlpaWlpaWlpaWlpaWlpaWlpaWlpaWlpaWlpaWlpaWlpaWlpaWlpaWlpaWlpaWlpaWlpaWlpaWlpaWlpaWlpaWlpaWl
paWlpaWlpaWlpaWlpaWlpaWlpaWlpaWlpaWlpaWlpaWlpaWlpaWlpaWlpaWlpaWlpaWlpaWlpaWlpaWlpaWlpaWlpaWlpaWlpaWlpaWl
paWlpaWlNo4AIwAAAAAAAAAAAAAAAAAAAAAAAAAAAAAAAAAAAAAAAAAAAAAAAAAAAAAAAAAAAAAAAAAAAAAAAAAAAAAAAAAAAAAAAAAA
AAAAAAAAAAAAAAAAAAAAAAAAAAAAAAAAplsLIwAAAAAAAAAAAAAAAAAAAAAAAAAAAAAAAAAAAAAAAAAAAAAAAAAAAAAAAAAAAAAAAAAA
AAAAAAAAAAAAAAAAAAAAAAAAAAAAAAAAAAAAAAAAAAAAAAAAAAA86gwj8N0AQlgAAICQ7ABCaAAAgLDhAACYqAFCkKgBQjzqDCPw3QBC
WAAAgFAAAACM7ABCmKgBQmAAAAC4pwFCIo4AIyoAAAAQmQFCAAAAACSZAUITAAAAYAAAAPDdAEIC7AQjGOIAALinAUIImgFCdFoLIzzq
DCP/////JJkBQv3////8////vZkBQvDdAEIcmQFCCJoBQhUAAAC25gwjDGYLIwAAAAAAAAAAAwAAACwAAADEmgFCAAAAAAAAAAAAAAAA
AAAAADB4AAAImgFCAAAAAGwiACMAAAAAAAAAAAAAAAAcmQFCAAAAAAAAAACh5gwjFQAAAL2ZAUIDAAAAAAAAAAAAAAAAAAAAAAAAAAAA
AAAAAAAAAAAAAAAAAAAAAAAAAAAAAAAAAAAAAAAAAAAAAAAAAAAAAAAAAAAAAAihCyMGAAAAXPkAQgAAAAAAAAAAAAAAAAAAAAAAAAAA
KKALIwAAAAD/////XPkAQgAAAAAAAAAAVPkAQmiaAULgAQAABIsAIwAAAAAAAAAAAAAAAAAAAAAAAAAAAAAAAAAAAAAAAAAAAAAAAAAA
AAAAAAAAAAAAAAAAAAAAAAAAAAAAAAAAAAAAAAAAAAAAAAAAAAAAAAAAAAAAAAAAAAAAAAAAAAAAAAAAAAAAAAAAAAAAAAAAAAAAAAAA
AAAAAAAAAAAAAAAAAAAAAAAAAACeYQAjIAAAAAAAABD/////uKcBQv////8BAAAAlJsBQg8AAACQmwFCkJsBQgAAAAAAAAAAAAAAAAAA
AAAAAAAA3KcBQiAAAAAAsAMjsKcBQgIAAAClpaWlpaWlpaWlpaXkpwFCAAAAAAAAAAAAAAAAgHgAgACwAyPInQFCAQAAAP////+opwFC
PqgDIwAAAABB/wEAIAAAAACwAyMBAAAAAgAAAKanAUL/////oKcBQgKsAyOmpwFC/////6CnAUKSqAMjpaWlpbinAUIAAAAAAAAAAAAA
AAAAAAAApaWlpaWlpaUBAAAABAAAAAEAAAAMAAAAAgAAAECfAUJAnwFClKcDI6WlpaWlpaWlpaWlpaWlpaWlpaWlAHAeIwMAAAAADQAj
paWlpaWlpaVMnAsjXJwLI6WlpaWlpaWlpaWlpQAAAAClpaWlpaWlpQAAAABoAACAsJkBQjdJmFf0AwJC3DwBQpCbAUKEAQFCEQAAAOSn
AULkpwFCkJsBQtynAUIPAAAAiIsBQmV2ZW50X2xvb3AAjsRDCwAAAAAAAQAAAD29OagPAAAAAAAAAAAAAAAAAM6vAAAAACgAAIBQU00A
AAAAAAAAAAAAAAAAAAAAAACQHgAAgAAAAIAdIwAAAABYAACAAAAAACCcAUIAAAAAAAAAAAAAAAA4nAFC/////zicAUI4nAFCAAAAAEyc
AUL/////TJwBQkycAUIBAAAAAQAAAAAAAAD//wBs/WkDBAT/dMcAAAAAWAAAgAAAAAB4nAFCAAAAAAAAAAAAAAAAkJwBQv////+QnAFC
kJwBQgAAAACknAFC/////6ScAUKknAFCAQAAAAEAAAAAAAAA//8A0qBWMroB6ev3AAAAABgAAIAongFC+gQBIwMAAAAQGj6bAAAAABgA
AIAAnQFCAwAAAAAAAAB9xLaFAAAAABgAAICAnwFCMAMBIwIAAACPN13MAAAAACAAAIBQcwwjAAAAADidAUIAAAAAAQEAAGrBb6AAAAAA
GAAAgC9kZXYvZXZlbnQAFvOudyoAAAAAGAAAgAEAAAAAAAAAAAAAABidAUIAAAAAiAAAgAAAAAAAEAf//wAAAICEHgADAAAAAAAAAAAA
AAAAAAAAAwAAANYLASNonQFCigkBI2idAUIAAAAAAAAAAAAAAAAAAAAA//////////8AAAAA0KABQgCjAUIAAgAAAAIAAHigAUI+qAMj
qKcBQgSbAUIAAAAAAAAAAAAAAAAf2WtPAAAAACAAAIBc5AsjaJ0BQhCeAUIAAAAAAQEAAHtfnd0AAAAAGAAAgC9kZXYvdHR5UzAAIfeH
/a4AAAAAGAAAgAAAAABQnQFCAJ8BQvCdAUIAAAAAiAAAgAEAAAABBAP//wAAAADCAQADAAAAAAAAAAAAAAAAAAAAAAAAAAAAAAAAAAAA
AAAAAAAAAAAAAAAAAAAAAAAAAAAAAAAA//////////8AAAAAAAAAAAAAAAAAAgAAAAIAAAAAAAAAAAAAAAAAAAAAAAAAAAAAAAAAAAAA
AADT2ND/AAAAACAAAIBc5AsjQJ4BQuieAUIAAAAAAQAAAL59qfQAAAAAGAAAgC9kZXYvdHR5UzEAgDEP0vkAAAAAGAAAgAEAAAAAAAAA
AAAAAMieAUIAAAAAKAAAgG1lZGlhAAAAAAAAAAAAAAAAAAAAACAaAABwBAAAEBkjAAAAACgAAIBAnwFCQJ8BQqCnAUKApwFCAgAAAAMA
AgAAAAAATV9Z1QAAAAAYAACAGJ0BQpifAUIAAAAAAgAAAAAAAAAYAACAAAAAAAAAAABgoAFCaJ8BQgAAAAAwAACAyJ8BQj6oAyOgpwFC
BJsBQgAAAACsnwFCrJ8BQgEAAADQEgJC0BICQgAAAABYAACAAAAAAMifAUIAAAAAAAAAAAAAAADgnwFC/////+CfAULgnwFCAAAAAPSf
AUL/////9J8BQvSfAUIBAAAAAQAAAAAAAAD//wDzTIQlBgFw16cAAAAAKAAAgAQgAEC4uAFCMKABQgsASIoEIABA5LgBQiCgAUILAEiK
AAAAABgAAIDwnQFCAAAAAAAAAAADAAAAAAAAABgAAIABAAAAAAAAAAAAAABIoAFCAAAAAFgAAIAAAAAAeKABQgAAAAAAAAAAAAAAAJCg
AUL/////kKABQpCgAUIAAAAApKABQv////+koAFCpKABQgEAAAABAAAAAAAAAP//AM81JxrtAWjuxwAAAAAwAgCAAAAAAAAAAAABAgAA
AQAAAAAAAAAAAAAA9KABQgAAAAAAAAAAVVVVVVVVVVVVVVVVVVVVVVVVVVVVVVVVVVVVVVVVVVVVVVVVVVVVVVVVVVVVVVVVVVVVVVVV
VVVVVVVVVVVVVVVVVVVVVVVVVVVVVVVVVVVVVVVVVVVVVVVVVVVVVVVVVVVVVVVVVVVVVVVVVVVVVVVVVVVVVVVVVVVVVVVVVVVVVVVV
VVVVVVVVVVVVVVVVVVVVVVVVVVVVVVVVVVVVVVVVVVVVVVVVVVVVVVVVVVVVVVVVVVVVVVVVVVVVVVVVVVVVVVVVVVVVVVVVVVVVVVVV
VVVVVVVVVVVVVVVVVVVVVVVVVVVVVVVVVVVVVVVVVVVVVVVVVVVVVVVVVVVVVVVVVVVVVVVVVVVVVVVVVVVVVVVVVVVVVVVVVVVVVVVV
VVVVVVVVVVVVVVVVVVVVVVVVVVVVVVVVVVVVVVVVVVVVVVVVVVVVVVVVVVVVVVVVVVVVVVVVVVVVVVVVVVVVVVVVVVVVVVVVVVVVVVVV
VVVVVVVVVVVVVVVVVVVVVVVVVVVVVVVVVVVVVVVVVVVVVVVVVVVVVVVVVVVVVVVVVVVVVVVVVVVVVVVVVVVVVVVVVVVVVVVVVVVVVVVV
VVVVVVVVVVVVVVVVVVVVVVVVVVVVVVVVVVVVVVVVVVVVVVVVVVVVVVVVVVVVVVVVVVVVVVVVVVVVVVVVVVVVVVVVVVVVK9/rAAAAADAC
AIAAAAAAAAAAAAECAAABAAAAAAAAAAAAAAAkowFCAAAAAAAAAABVVVVVVVVVVVVVVVVVVVVVVVVVVVVVVVVVVVVVVVVVVVVVVVVVVVVV
VVVVVVVVVVVVVVVVVVVVVVVVVVVVVVVVVVVVVVVVVVVVVVVVVVVVVVVVVVVVVVVVVVVVVVVVVVVVVVVVVVVVVVVVVVVVVVVVVVVVVVVV
VVVVVVVVVVVVVVVVVVVVVVVVVVVVVVVVVVVVVVVVVVVVVVVVVVVVVVVVVVVVVVVVVVVVVVVVVVVVVVVVVVVVVVVVVVVVVVVVVVVVVVVV
VVVVVVVVVVVVVVVVVVVVVVVVVVVVVVVVVVVVVVVVVVVVVVVVVVVVVVVVVVVVVVVVVVVVVVVVVVVVVVVVVVVVVVVVVVVVVVVVVVVVVVVV
VVVVVVVVVVVVVVVVVVVVVVVVVVVVVVVVVVVVVVVVVVVVVVVVVVVVVVVVVVVVVVVVVVVVVVVVVVVVVVVVVVVVVVVVVVVVVVVVVVVVVVVV
VVVVVVVVVVVVVVVVVVVVVVVVVVVVVVVVVVVVVVVVVVVVVVVVVVVVVVVVVVVVVVVVVVVVVVVVVVVVVVVVVVVVVVVVVVVVVVVVVVVVVVVV
VVVVVVVVVVVVVVVVVVVVVVVVVVVVVVVVVVVVVVVVVVVVVVVVVVVVVVVVVVVVVVVVVVVVVVVVVVVVVVVVVVVVVVVVVVVVVVVVVVVVVVVV
VVVVVVUjXW8AAAAAUAIAgAEAAAAAAAAAGGIOIwAAAAAAAAAAAAAAAAAAAAAAAAAAAAAAAAAAAAAAAAAAOwAAADsAAAAAAAAAAAAAAAAA
AAAAAAAAAAAAAAAAAAAAAAAAAAAAAAAAAAAAAAAAAAAAAAAAAAAAAAAAAAAAAAAAAAAAAAAAAAAAAAAAAAAAAAAAAAAAAAAAAAAAAAAA
AAAAAAAAAAAAAAAAAAAAAAAAAAAAAAAAAAAAAAAAAAAAAAAAAAAAAAAAAAAAAAAAAAAAAAAAAAAAAAAAAAAAAAAAAAAAAAAAAAAAAAAA
AAAAAAAAAAAAAAAAAAAAAAAAAAAAAAAAAAAAAAAAAAAAAAAAAAAAAAAAAAAAAAAAAAAAAAAAAAAAAAAAAAAAAAAAAAAAAAAAAAAAAAAA
AAAAAAAAAAAAAAAAAAAAAAAAAAAAAAAAAAAAAAAAAAAAAAAAAAAAAAAAAAAAAAAAAAAAAAAAAAAAAAAAAAAAAAAAAAAAAAAAAAAAAAAA
AAAAAAAAAAAAAAAAAAAAAAAAAAAAAAAAAAAAAAAAAAAAAAAAAAAAAAAAAAAAAAAAAAAAAAAAAAAAAAAAAAAAAAAAAAAAAAAAAAAAAAAA
AAAAAAAAAAAAAAAAAAAAAAAAAAAAAAAAAAAAAAAAAAAAAAAAAAAAAAAAAAAAAAAAAAAAAAAAAAAAAAAAAAAAAAAAAAAAAAAAAAAAAAAA
AAAAAAAAAAAAAAAAAAAAAAAAAAAAAAAAAAAAAAAAAAAAAAAAAAAAAAAAAAAAAAAAAABpeGazAAAAACAAAIACAAAAAAAAADCvAyMDAAAA
eFY0EsI9ACMAAAAAGAAAgAIAAAABAAAAAwAAAAEAAAAAAAAAWAAAgLinAUK4pwFCuKcBQrinAUIAAAAA0KcBQv/////QpwFC0KcBQgEA
AADkpwFC/////6ibAUKomwFCAAAAAIAAAAAAAAAA//8AAGV2ZW4CX2NiAAAAABgAAIAJAAAAAAAAAAAAAAAAAAAAAAAAABgAAIB7ImRh
dGEiOnt9fQAAAAAAAAAAABgAAIB7ImRhdGEiOnt9fQAAAAAAAAAAADAAAIAAAAAAAAAAAAAAAABAAAAAAAAAAAAAAAAAAAAAAAAAAAAA
AAAAAAAAAAAAAAABAIBDY0hSVndBQUFBQ2tBQUFBQUFBQQAAAAAAAAAAAAAAAAAAAAAAAAAAAAAAAAAAAAAAAAAAAAAAAAAAAAAAAAAA
AAAAAAAAAAAAAAAAAAAAAAAAAAAAAAAAAAAAAAAAAAAAAAAAAAAAAAAAAAAAAAAAAAAAAAAAAAAAAAAAAAAAAAAAAAAAAAAAAAAAAAAA
AAAAAAAAAAAAAAAAAAAAAAAAAAAAAAAAAAAAAAAAAAAAAAAAAAAAAAAAAAAAAAAAAAAAAAAAAAAAAAAAAAAAAAAAAAAAAAAAAAAAAAAA
AAAAAAAAAAAAAAAAAAAAAAAAAAAAAAAAAAAAAKCqAUKYAAAACcHRVwAAAACkAAAAAAAAAKCqAUKAAAAAwKkBQgAAAAAAAAAAAAAAANip
AUIAAAAAeIsDQigAAABkY29uX2N4NgirAUJQAAAAAAAAABAAAABzc2lkAHdpZgAAAAA4AAAAuKoBQpCpAUIAAAAACAAAAAAAAADL////
AAAAAACASsCoqgFCAAAAAAAAAAAAAAAAAAAAAGgAAICA+AJCyogCAIwBAULMJgNCIKoBQoQBAUIIAACBPBQCQjwUAkIgqgFCNBQCQgUA
AABYugJCZXNfYmxlX3Rhc2sAkKsBAAAAAAALAAAAAAAAAAUAAAAAAAAAAAAAAAAAbXMAAAAAIAAAgGzsDSNwrAFCRk9KVlg1eEcAASCl
paWlpUitAUKIAAAAX2lvdF9kdW1wX2NyZWF0ZV9kdW1wX3N0YXRlKDQxKSA+IGxvZyB2ZXJzaW9uIDogMAADQigAAABkY29uX2N4NgAA
AAAAAAAAAAAAAAAAAAAAAAAAAAAAAAAAAAAAAAAAmKwBQiAAAAAAAAAABAAAAAAAAAAAABBAoKwBQgAAAAAAAAAAOAAAgE9jWDNxZ3FU
Njg2MXdfN0ZNNHJNMk8zWnRad3RZX1JJY0pOOGNkemZhVGc9AAAAAAAAAAAQAACAAAAAAAAAAAAAAAAA+AAAgMirAUIQrAFCaKwBQgis
AUIAAAAAkKsBQv////+QqwFCkKsBQgEAAACkqwFC/////+CvAULgrwFCAAAAABQAAAAIAAAA//8AAGlvdF8AcmVhAqWlpQAAAAACAAAA
AAAAAAGlpaV0ngAoAp4AKAAAAAACpaWlAAAAAAKlpaUAAAAAAgAAAAAAAAABpaWldJ4AKAKeACgAAAAAAaWlpXSeACgCngAoAAAAAAIA
APoAAAAAAgAA+gAAAAACAAAAAAAAAAGlpaV0ngAoAp4AKAAAAAACEMAMAAAAAAIAAAAAAAAAAqWlpQAAAAACAAAAAAAAAAAAAAAQAACA
CgEAACizAUIAAAAAIAAAgGzsDSPYsAFCZGV2aWNlSW5mbwAAAAAAAAAAAACwAACAAgACAAAAAAAAAAAAAAAAAAAAAAAAAAAAAAAAAAAA
AAAAAAAAAAAAAAAAAAAAAAAAAAAAAAAAAAAAAAAAAAAAAAAAAAAAAAAAAAAAAAAAAAAAAAAAAAAAAAAAAAAAAAAAAAAAAAAAAAAAAAAA
AAAAAAAAAAAAAAAAAAAAAAAAAAAAAAAAAAAAAAAAAAAAAAAAAAAAAAAAAAAAAAAAAAAAAAAAAAAwAAAAcLEBQngCAAAAAAAAEAAAAHit
AUIAAAAAAAAAAAAAAACgrQFCAAAAAHiLA0I4AAAAW0NhbV0gU1QtMyAxOTAzQ1UxMDA0NjkyAAEAAAOkAAAAAAAAEAAAAHNzaWQADPT1
AAAAADAAAADwrQFCSK0BQgAAAAAIAAAAAAAAAMT///8AAAAAAABOwOCtAUIAAAAAeIsDQhAAAAByc3NpAEkABgAAAAAwAAAAOK4BQrCt
AUIAAAAACAAAAAAAAABsCQAAAAAAAADYokAgrgFCAAAAAHiLA0IYAAAAZnJlcXVlbmN5AIUJAAAAAAAAAAAwAAAAAAAAAPCtAUIAAAAA
CAAAAAAAAAADAAAAAAAAAAAACEBorgFCAAAAAHiLA0IYAAAAYXV0aFR5cGUAAAAAAAAAAAAAAAAwAAAA8LEBQrisAUKwrgFCQAAAAAAA
AAAAAAAAAAAAAAAAAAAAAAAAAAAAAHCxAUIYAQAAEK8BQgAAAAAAAAAAEAAAAOCuAUIAAAAAAAAAAAAAAAAArwFCAAAAAHiLA0IwAAAA
QkU6NDU6NUI6Njc6NTY6MjYAAAAAAAAAAAAAABAAAABic3NpZAAAAAAAAAAwAAAAYK8BQrCuAUIAAAAAEAAAAECvAUIAAAAAAAAAAAAA
AABQrwFCAAAAAHiLA0IgAAAARElSRUNULQAAAAAAEAAAAHNzaWQAAAAAAAAAADAAAAB4sQFCEK8BQgAAAAAIAAAAAAAAANP///8AAAAA
AIBGwJCvAUIAAAAAeIsDQhAAAAByc3NpAAAAAAAAAAAoAAAAZnJlcXVlbmN5ACAxOTEwQ1UxMDA1NDM3AAAAAAECAgAAAAAAaAAAgPgA
A0IAAAAAtB0DQuwVA0LIrwFChAEBQgEAAACkqwFCpKsBQsivAUKcqwFCHwAAAGD6AkJibGVjb250cm9sbGVyAAAAAAAAAAwAAAAAAAAA
HwAAAAAAAAAAAAAAAAAAAAAAAABIAACAAAAAAAAAAAAAAAAAAwAKAQAAAAABAAAAWLABQgAAAAAAAAAAAAAAAAAAAAADAAoBAAAAAAEA
bgAALRotABv//wAAAABgAACAyLABQsywAULQsAFCyLABQgAAAACQsAFC/////5CwAUKQsAFCAAAAAKSwAUL/////pLABQqSwAUICAAAA
AgAAAAQAAAD//wAAyLMBQgAAAAAwsAFCULABQgAAAAAQAACACgEAAGgCA0IAAAAAkAAAgDixAUI8sQFCYLEBQlixAUIAAAAAALEBQv//
//8AsQFCALEBQgAAAAAUsQFC/////xSxAUIUsQFCAgAAAAoAAAAEAAAA//8AAAAAAAAAAAAASLUBQmi1AUJItQFCaLUBQki1AUJotQFC
SLUBQmi1AUJItQFCaLUBQnNlcmlhbE51bWJlcgAAAABopwJCsAEAAKixAUJgrwFCAAAAAAgAAAAAAAAAbAkAAAAAAAAA2KJAoK8BQgAA
AAAAAAAAMAAAAAAAAAB4sQFCAAAAAAgAAAAAAAAAAQAAAAAAAAAAAPA/2LEBQgAAAAB4iwNCGAAAAGF1dGhUeXBlAAAAAAAAAAAAAAAA
MAAAAPgvA0KArgFCILIBQkAAAAAAAAAAAAAAAAAAAAAAAAAAAAAAAAAAAABopwJCCAEAAICyAUIAAAAAAAAAABAAAABQsgFCAAAAAAAA
AAAAAAAAcLIBQgAAAAB4iwNCMAAAADE0OjJFOjVFOjBEOjM0OjE0AAAAAAAAAAAAAAAQAAAAYnNzaWQAAAAAAAAAMAAAAOiyAUIgsgFC
AAAAABAAAACwsgFCAAAAAAAAAAAAAAAA2LIBQgAAAAB4iwNCOAAAAFtDYW1dIFNULTMgMTkxMENVMTAwNTQzNwCnAkJYAAAAAAAAABAA
AABzc2lkAABwZQAAAABAAAAAKCwDQoCyAUIAAAAACAAAAAAAAADH////AAAAAACATMBwpwJCAAAAAAAAAAAAAAAALwAAAAAAAAAAAAAA
IAIAgFYOBgEgIAAAAAAAAPQBAAAAAEJMNjAyLUJMRS1ERVYAAAAAAAAAADDw/w8AAIAHAAAAAAAAAAAAAAAAAAAAAAAAAAAAAAAAAJCz
AUIAAAAAAAAAAAAAAABgsQFCAAAAAMizAUIgAAAAU1RES01vNlRGT0pWWDV4RwAEMEhgbDAUAAAAACAAAABTVERLTW82VEZPSlZYNXhH
AP//AAAAAABYuAFCWAQAAAAAAAAAAAAAPRYLBwAAAAAAAAAAAAAAAAAAAAAAAAAAfwgEAAAAAAAAQL8MkimBM/r/AAD6/wAgwAUACQD8
//8aIwkBCJpAEAJgCIgAAYAMEQgA+v/6/xkcx3H/ByT0PwAb/A4GASAgAAAAAAAA9AEAAAAAN016MDAxBAEAAAAAAAAKAwhPAwEBAAQB
AQkCAADdGABQ8gIBAYAAA6QAACekAABCQ14AYjIvAN0WAFDyAQEAAFDyBAEAAFDyBAEAAFDyAt0WjP3wBAAASUxRAwIJcgEAAAAA/P8A
AN0HjP3wBAEBAd1JAArrAAABEBAfAQAAAAEAAAT5+Cgigf//BPn4KCKBAwBXZ1pjVGVQNiAWAAAAAAAAAAAAAAAAAAAAAAAAAAAAAAMH
AQT5+CgigQBQugJCIAMAAP9gAAAAAADdULoCQhADAAAAAN0YAFDyAgEBhAADpAAAJ6QAAEJDXgBiMi8A3QdQb5oWAQEAAAAAAAAAAEgB
AIAAAAAAAAABsQAAAAAJAAoBAAAAAAMAAAAAAMMCAALdCQAAAAAAAAEAAAAAAAUACgEAAAAAAQAAAKQAAEJDXgBiMi8A3QdQb5oWAQEA
kAIAAFC6AkKIAgAAuLIDIwAAAAAAAAAAAAAAAAAAAAAAAAAAAAAAAAAAAAAAAAAAAAAAAAAAAAAAoII/AAAAAAAAAAAAAAAAAAAAAAAA
AAAAAAAAAAAAAAAAAAAAAAAAAAAAAAAAAAAAAAAAAAAAAAAAAAAAAAAAAAAAAAAAAAAAAAAAAAAAAAAAAAAAAAAAAAAAAOi2AUJQkQAj
IAAAAAAAABD/////AAAAAGMAAAAAAA8PYwAAAKXjDCMAAAAAAAAAAACgAEADAAAAAAAAAACgAEAAgAwjAKAMIwAAAACYugFCDwAAAAAA
AAAAoAwjAKAMIwAAAAAQAACAbOwNI6C2AUIAAAAAEAAAgAoBAACwtgFCAAAAABgBAIAEiwAjAAAAAAAAAAAAAAAAAAAAAAAAAAAAAAAA
AAAAAAAAAAAAAAAAAAAAAACggj8AAAAAAAAAAAAAAAAAAAAAAAAAAAAAAAAAAAAAAAAAAAAAAAAAAAAAAAAAAAAAAAAAAAAAAAAAAAAA
AAAAAAAAAAAAAAAAAAAAAAAAAAAAAAAAAAAAAAAAGLkBQgAAAAAgAAAAAAAAEP////+lpaWlpaWlpQEAAADEtwFCEYQAAMC3AULAtwFC
AAAAAAMAAAAAAAAApaWlpaWlpaWlpaWlpaWlpaWlpaWlpaWlpaWlpaWlpaWlpaWlpaWlpQAAAAAAAAAAAAAAAECJBEKAeACApaWlpaWl
paUAAAAAaAAAAAAAAAAoAACAoAEBQqABAULAtwFCAAAAABEAAAAXxb77kRhBt8C3AUIAAAAAOAAAgFBTTQAAAAAAAAAAAAAAAAAAAAAA
AJAeAACAAAAAgB0jDwAAAAAAAAAAAAAAAAD+jwAAAAA4AACAuLgBQiCgAUK4uAFCAQAAAPRbAAChUgAAWwgAACAAAAABAAAAAAAAAAsA
AACKdX0eAAAAAFgAAIBguAFCYLgBQmC4AUJguAFCAAAAAHi4AUL/////eLgBQni4AUIAAAAAjLgBQv////+MuAFCjLgBQgEAAAABAAAA
AAAAAP//AJ4xQOlwAlqUSgAAAABgAACA8P8XAPD/NwDw/1cAVgB3APD/lwBYALcAIwD3ACIANwHw/1cBVwB3AaRS1wHw/xcA8P83APD/
VwBZAHcA8P+XAFgAtwAjAPcAJgA3AfD/VwFaAHcBplLXAQAAAADYAQCAAKcCQgEAAQADAAAAAAAAAAgUAkIwFAJCwGUCQgAAAAAAAAAA
AAAAAAAAAAAAAAAAAAAAAAAAAAAAAAAAAAAAAAAAAAAAAAAAAAAAAAAAAAAAAAAAAAAAAAAAAAAAAAAAAAAAAAAAAAAAAAAAAAAAAAAA
AAAAAAAAAAAAAAAAAAAAAAAAAAAAAAAAAAAAAAAAAAAAAAAAAAAAAAAAAAAAAAAAAAAAAAAAAAAAAAAAAAAAAAAAAAAAAAAAAAAAAAAA
AAAAAAAAAAAAAAAAAAAAAIjDAUKgwwFCsMMBQvDDAULAwwFCBAAAAAEAAAAwqwFCBAAAAADEAUKwvwFCAAAAAAAAAAAAAAAAAAAAAAAA
AAAAMgNCAAAAAAAAAAAAAAAAAAAAAAAAAAAAAAAAAAAAAAAAAAAAAAAAAAAAAAAAAAAAAAEAAAAAAAAAAACQpwJCAAAAAGrzACMAAAAA
uPMAIw8AAAAEAAAAAAAAAAIAAAAAAAAA4GQCQlgUAkKYvwFCgBQCQgAAAAAAAAAAAAAAAAAAAAAAAAAAAAAAAAAAAAAAAAAAAAAAAAAA
AAAAAAAAAAAAAAAAAAAAAAAAAAAAAAAAAAAAAAAAAAAAADfrgyAAAAAAKAAAgFBTTQAAAAAAAAAAAAAAAAAAAAAAAJAeAACAAAAAgB0j
AAAAAFgAAIAAAAAAGLsBQgAAAAAAAAAAAAAAADC7AUL/////MLsBQjC7AUIAAAAARLsBQv////9EuwFCRLsBQgEAAAABAAAAAAAAAP//
AKmNCNgABEG8lgAAAAD4AACAewoJImRldmljZUluZm8iOiB7CgkJImZpcm13YXJlVmVyc2lvbiI6ICJzd2l0Y2hfZXhhbXBsZV8wMDEi
LAoJCSJwcml2YXRlS2V5IjogIkl1NEtqSStRZ3VZdTl6MkpOQkZHR2hOZVFBSHpWeUdQcExWczJhVGFna0U9IiwKCQkicHVibGljS2V5
IjogIlZrcjExMkpaWWRhWTdMQUJrb0xXdk82MWFZT3hLcS8xS0t4dVFhVUJGSTA9IiwKCQkic2VyaWFsTnVtYmVyIjogIlNUREtNbzZU
Rk9KVlg1eEciCgl9Cn0KAACydmpSvP05AAAAACgAAIAAAAAAAAAAAHS8AUL/////dLwBQnS8AUJybXdhAGVWZQAAAAAgAACAWOQAQmDD
AUKOwAUjAAAAAAIAMSIsCgkJAAAAAFgAAIAAAAAAsLwBQgAAAAAAAAAAAAAAAMi8AUL/////yLwBQsi8AUIAAAAA3LwBQv/////cvAFC
3LwBQgEAAAABAAAAAAAAAP//AAAAAAAAAQAAAAAAAAAgAQCAWL0BQli9AUIgvgFCHL4BQgAAAAAgvQFC/////yC9AUIgvQFCAQAAADS9
AUL/////mL4BQpi+AUIAAAAAMgAAAAQAAAD//wAAACAgIABCVVTIvwFCUAIAAAAAAAAAAAAAkL0BQkAAAAAAAAAAAAAAAAAAAAAAAAAA
AAAAAAAAAADIvwFCIAIAAAAAAAAAAAAA2L0BQkAAAAAAAAAAAAAAAAAAAAAAAAAAwL0BQgAAAADIvwFC8AEAAGRldmljZUluZm8AYi0x
ZWTIvwFC2AEAAEi+AUIAAAAAAAAAABAAAAAovgFCAAAAAAAAAAAAAAAACL4BQgAAAADIvwFCQAAAAGZpcm13YXJlVmVyc2lvbgAicHJv
ZHVjdAAAAABYAACAAAAAACi+AUIAAAAAAAAAAAAAAABAvgFC/////0C+AUJAvgFCAAAAAFS+AUL/////VL4BQlS+AUIBAAAAAQAAAAAA
AAD//wAAyL8BQgEAAAAAAAAAaAAAgNgAAkL1iAIA+PgAQlymAkKAvgFCSAEBQgIAAAA0vQFCNL0BQoC+AUIsvQFCHgAAACDEAUJUQ1Av
SVAAPQAEAAAAAAAAAAAAAAUAAABIvgFCHgAAAAAAAAAAAAAAAAAAAAAAAAAgAACAAAAAAAAAAAD//wAAAAAAAEC/AUIIvwFCAAAAADgA
AIDQwgFCgBMCQmDAAULQvwFCgMEBQpDAAUKgwgFCcMIBQuDBAUIQwgFCMMMBQgDDAUIAAAAAWAAAgAAAAABAvwFCAAAAAAAAAAAAAAAA
WL8BQv////9YvwFCWL8BQgAAAABsvwFC/////2y/AUJsvwFCAQAAAAEAAAAAAAAA//8AAMi/AUIBAAAAAAAAABgAAICwEwJCDAAAAAAA
AAAAAAAAAAAAACAAAIBzd2l0Y2hfZXhhbXBsZV8wMDEAQigAAAAAAAAAMAAAgBC/AUIAwAFCAQAAAAAAAAANAAAAAgAAALR/AiMBAAAA
AAAAAJi/AUIAAAAAMAAAgNC/AUIwwAFCAQAAAAEAAAAUAAAAEAAAAOp+AiMBAAAAAgAAAKaF7xAAAAAAMAAAgADAAUJgwAFCAQAAAAEA
AAB9AAAABAAAAJB9AiMBAAAAAAAAADllZQAAAAAAMAAAgDDAAUIQvwFCAQAAAAEAAACWAAAACAAAAMLAAiMBAAAAAAAAAAAAAAAAAAAA
MAAAgBi/AULAwAFCAgAAAAIAAAAFAAAAEAAAAOp+AiMBAAAAAQAAAGNoACIAAAAAMAAAgJDAAULwwAFCAgAAAAIAAAAKAAAACAAAALjA
AiMBAAAAAAAAAAAAAAAAAAAAMAAAgMDAAUIgwQFCAgAAAAIAAAALAAAACAAAAGZ+AiMBAAAAAAAAAEAAAAAAAAAAMAAAgPDAAUJQwQFC
AgAAAAIAAAAiAAAABAAAADKAAiMBAAAAAAAAABAAAAAAAAAAMAAAgCDBAUKwwQFCAgAAAAIAAAAkAAAAAgAAAIJ+AiMBAAAAAAAAAAAA
AAAAAAAAMAAAgLDBAUIYvwFCAgAAAAIAAACMAAAABAAAANp+AiMBAAAAAAAAADUxOQAAAAAAMAAAgFDBAUKAwQFCAgAAAAAAAAA8AAAA
AgAAAEJ+AiMBAAAAAAAAAAAAAAAAAAAAMAAAgEDCAUIovwFCBAAAAAAAAAAUAAAAIAAAACR+AiMBAAAAAAAAAIUHHNIAAAAAMAAAgCi/
AUJAwgFCBAAAAAEAAAAIAAAAAgAAALjAAiMBAAAAAAAAAAAAAAAAAAAAMAAAgBDCAULgwQFCBAAAAAEAAAASAAAAAgAAAGZ+AiMBAAAA
AAAAADcxYi0AAAAAMAAAgCC/AUKgwgFCAwAAAAAAAABkAAAABAAAALjAAiMBAAAAAAAAAAAAAAAAAAAAMAAAgHDCAUIgvwFCAwAAAAAA
AAB7AAAABAAAAGZ+AiMBAAAAAAAAADAAAAAAAAAAMAAAgFATAkIIvwFCAAAAAAMAAAAjAAAAEAAAAOp+AiMBAAAAAAAAABgAAAAAAAAA
MAAAgDC/AUIwwwFCBQAAAAAAAAAKAAAACAAAACh+AiMBAAAAAQAAAAAAAAAAAAAAMAAAgADDAUIwvwFCBQAAAAEAAAAUAAAACAAAACh+
AiMBAAAAAAAAADAAAAAAAAAAKAAAgJC8AUJY5ABCpiQDIwAAAAACAAFCbMMBQjE4Y2QABoZzAAAAABgAAIBTd2l0Y2ggRXhhbXBsZQAi
AAAAABAAAIBmN016AIVjFwAAAAAQAACAMDAxAJMMQCUAAAAAMAAAgFNUXzQ0YzliZDYzLTRkOTEtNDI5Yi05Y2RlLTAyZjA5NTQxMjll
ZQAAAAAAEAAAgFN3aXRjaAAZAAAAACAAAIChOjcdI0RJJacbHtOkeLUyAAAAAAEAAAAAAAAAiD4AgKWlpaWlpaWlpaWlpaWlpaWlpaWl
paWlpaWlpaWlpaWlpaWlpaWlpaWlpaWlpaWlpaWlpaWlpaWlpaWlpaWlpaWlpaWlpaWlpaWlpaWlpaWlpaWlpaWlpaWlpaWlpaWlpaWl
paWlpaWlpaWlpaWlpaWlpaWlpaWlpaWlpaWlpaWlpaWlpaWlpaWlpaWlpaWlpaWlpaWlpaWlpaWlpaWlpaWlpaWlpaWlpaWlpaWlpaWl
paWlpaWlpaWlpaWlpaWlpaWlpaWlpaWlpaWlpaWlpaWlpaWlpaWlpaWlpaWlpaWlpaWlpaWlpaWlpaWlpaWlpaWlpaWlpaWlpaWlpaWl
paWlpaWlpaWlpaWlpaWlpaWlpaWlpaWlpaWlpaWlpaWlpaWlpaWlpaWlpaWlpaWlpaWlpaWlpaWlpaWlpaWlpaWlpaWlpaWlpaWlpaWl
paWlpaWlpaWlpaWlpaWlpaWlpaWlpaWlpaWlpaWlpaWlpaWlpaWlpaWlpaWlpaWlpaWlpaWlpaWlpaWlpaWlpaWlpaWlpaWlpaWlpaWl
paWlpaWlpaWlpaWlpaWlpaWlpaWlpaWlpaWlpaWlpaWlpaWlpaWlpaWlpaWlpaWlpaWlpaWlpaWlpaWlpaWlpaWlpaWlpaWlpaWlpaWl
paWlpaWlpaWlpaWlpaWlpaWlpaWlpaWlpaWlpaWlpaWlpaWlpaWlpaWlpaWlpaWlpaWlpaWlpaWlpaWlpaWlpaWlpaWlpaWlpaWlpaWl
paWlpaWlpaWlpaWlpaWlpaWlpaWlpaWlpaWlpaWlpaWlpaWlpaWlpaWlpaWlpaWlpaWlpaWlpaWlpaWlpaWlpaWlpaWlpaWlpaWlpaWl
paWlpaWlpaWlpaWlpaWlpaWlpaWlpaWlpaWlpaWlpaWlpaWlpaWlpaWlpaWlpaWlpaWlpaWlpaWlpaWlpaWlpaWlpaWlpaWlpaWlpaWl
paWlpaWlpaWlpaWlpaWlpaWlpaWlpaWlpaWlpaWlpaWlpaWlpaWlpaWlpaWlpaWlpaWlpaWlpaWlpaWlpaWlpaWlpaWlpaWlpaWlpaWl
paWlpaWlpaWlpaWlpaWlpaWlpaWlpaWlpaWlpaWlpaWlpaWlpaWlpaWlpaWlpaWlpaWlpaWlpaWlpaWlpaWlpaWlpaWlpaWlpaWlpaWl
paWlpaWlpaWlpaWlpaWlpaWlpaWlpaWlpaWlpaWlpaWlpaWlpaWlpaWlpaWlpaWlpaWlpaWlpaWlpaWlpaWlpaWlpaWlpaWlpaWlpaWl
paWlpaWlpaWlpaWlpaWlpaWlpaWlpaWlpaWlpaWlpaWlpaWlpaWlpaWlpaWlpaWlpaWlpaWlpaWlpaWlpaWlpaWlpaWlpaWlpaWlpaWl
paWlpaWlpaWlpaWlpaWlpaWlpaWlpaWlpaWlpaWlpaWlpaWlpaWlpaWlpaWlpaWlpaWlpaWlpaWlpaWlpaWlpaWlpaWlpaWlpaWlpaWl
paWlpaWlpaWlpaWlpaWlpaWlpaWlpaWlpaWlpaWlpaWlpaWlpaWlpaWlpaWlpaWlpaWlpaWlpaWlpaWlpaWlpaWlpaWlpaWlpaWlpaWl
paWlpaWlpaWlpaWlpaWlpaWlpaWlpaWlpaWlpaWlpaWlpaWlpaWlpaWlpaWlpaWlpaWlpaWlpaWlpaWlpaWlpaWlpaWlpaWlpaWlpaWl
paWlpaWlpaWlpaWlpaWlpaWlpaWlpaWlpaWlpaWlpaWlpaWlpaWlpaWlpaWlpaWlpaWlpaWlpaWlpaWlpaWlpaWlpaWlpaWlpaWlpaWl
paWlpaWlpaWlpaWlpaWlpaWlpaWlpaWlpaWlpaWlpaWlpaWlpaWlpaWlpaWlpaWlpaWlpaWlpaWlpaWlpaWlpaWlpaWlpaWlpaWlpaWl
paWlpaWlpaWlpaWlpaWlpaWlpaWlpaWlpaWlpaWlpaWlpaWlpaWlpaWlpaWlpaWlpaWlpaWlpaWlpaWlpaWlpaWlpaWlpaWlpaWlpaWl
paWlpaWlpaWlpaWlpaWlpaWlpaWlpaWlpaWlpaWlpaWlpaWlpaWlpaWlpaWlpaWlpaWlpaWlpaWlpaWlpaWlpaWlpaWlpaWlpaWlpaWl
paWlpaWlpaWlpaWlpaWlpaWlpaWlpaWlpaWlpaWlpaWlpaWlpaWlpaWlpaWlpaWlpaWlpaWlpaWlpaWlpaWlpaWlpaWlpaWlpaWlpaWl
paWlpaWlpaWlpaWlpaWlpaWlpaWlpaWlpaWlpaWlpaWlpaWlpaWlpaWlpaWlpaWlpaWlpaWlpaWlpaWlpaWlpaWlpaWlpaWlpaWlpaWl
paWlpaWlpaWlpaWlpaWlpaWlpaWlpaWlpaWlpaWlpaWlpaWlpaWlpaWlpaWlpaWlpaWlpaWlpaWlpaWlpaWlpaWlpaWlpaWlpaWlpaWl
paWlpaWlpaWlpaWlpaWlpaWlpaWlpaWlpaWlpaWlpaWlpaWlpaWlpaWlpaWlpaWlpaWlpaWlpaWlpaWlpaWlpaWlpaWlpaWlpaWlpaWl
paWlpaWlpaWlpaWlpaWlpaWlpaWlpaWlpaWlpaWlpaWlpaWlpaWlpaWlpaWlpaWlpaWlpaWlpaWlpaWlpaWlpaWlpaWlpaWlpaWlpaWl
paWlpaWlpaWlpaWlpaWlpaWlpaWlpaWlpaWlpaWlpaWlpaWlpaWlpaWlpaWlpaWlpaWlpaWlpaWlpaWlpaWlpaWlpaWlpaWlpaWlpaWl
paWlpaWlpaWlpaWlpaWlpaWlpaWlpaWlpaWlpaWlpaWlpaWlpaWlpaWlpaWlpaWlpaWlpaWlpaWlpaWlpaWlpaWlpaWlpaWlpaWlpaWl
paWlpaWlpaWlpaWlpaWlpaWlpaWlpaWlpaWlpaWlpaWlpaWlpaWlpaWlpaWlpaWlpaWlpaWlpaWlpaWlpaWlpaWlpaWlpaWlpaWlpaWl
paWlpaWlpaWlpaWlpaWlpaWlpaWlpaWlpaWlpaWlpaWlpaWlpaWlpaWlpaWlpaWlpaWlpaWlpaWlpaWlpaWlpaWlpaWlpaWlpaWlpaWl
paWlpaWlpaWlpaWlpaWlpaWlpaWlpaWlpaWlpaWlpaWlpaWlpaWlpaWlpaWlpaWlpaWlpaWlpaWlpaWlpaWlpaWlpaWlpaWlpaWlpaWl
paWlpaWlpaWlpaWlpaWlpaWlpaWlpaWlpaWlpaWlpaWlpaWlpaWlpaWlpaWlpaWlpaWlpaWlpaWlpaWlpaWlpaWlpaWlpaWlpaWlpaWl
paWlpaWlpaWlpaWlpaWlpaWlpaWlpaWlpaWlpaWlpaWlpaWlpaWlpaWlpaWlpaWlpaWlpaWlpaWlpaWlpaWlpaWlpaWlpaWlpaWlpaWl
paWlpaWlpaWlpaWlpaWlpaWlpaWlpaWlpaWlpaWlpaWlpaWlpaWlpaWlpaWlpaWlpaWlpaWlpaWlpaWlpaWlpaWlpaWlpaWlpaWlpaWl
paWlpaWlpaWlpaWlpaWlpaWlpaWlpaWlpaWlpaWlpaWlpaWlpaWlpaWlpaWlpaWlpaWlpaWlpaWlpaWlpaWlpaWlpaWlpaWlpaWlpaWl
paWlpaWlpaWlpaWlpaWlpaWlpaWlpaWlpaWlpaWlpaWlpaWlpaWlpaWlpaWlpaWlpaWlpaWlpaWlpaWlpaWlpaWlpaWlpaWlpaWlpaWl
paWlpaWlpaWlpaWlpaWlpaWlpaWlpaWlpaWlpaWlpaWlpaWlpaWlpaWlpaWlpaWlpaWlpaWlpaWlpaWlpaWlpaWlpaWlpaWlpaWlpaWl
paWlpaWlpaWlpaWlpaWlpaWlpaWlpaWlpaWlpaWlpaWlpaWlpaWlpaWlpaWlpaWlpaWlpaWlpaWlpaWlpaWlpaWlpaWlpaWlpaWlpaWl
paWlpaWlpaWlpaWlpaWlpaWlpaWlpaWlpaWlpaWlpaWlpaWlpaWlpaWlpaWlpaWlpaWlpaWlpaWlpaWlpaWlpaWlpaWlpaWlpaWlpaWl
paWlpaWlpaWlpaWlpaWlpaWlpaWlpaWlpaWlpaWlpaWlpaWlpaWlpaWlpaWlpaWlpaWlpaWlpaWlpaWlpaWlpaWlpaWlpaWlpaWlpaWl
paWlpaWlpaWlpaWlpaWlpaWlpaWlpaWlpaWlpaWlpaWlpaWlpaWlpaWlpaWlpaWlpaWlpaWlpaWlpaWlpaWlpaWlpaWlpaWlpaWlpaWl
paWlpaWlpaWlpaWlpaWlpaWlpaWlpaWlpaWlpaWlpaWlpaWlpaWlpaWlpaWlpaWlpaWlpaWlpaWlpaWlpaWlpaWlpaWlpaWlpaWlpaWl
paWlpaWlpaWlpaWlpaWlpaWlpaWlpaWlpaWlpaWlpaWlpaWlpaWlpaWlpaWlpaWlpaWlpaWlpaWlpaWlpaWlpaWlpaWlpaWlpaWlpaWl
paWlpaWlpaWlpaWlpaWlpaWlpaWlpaWlpaWlpaWlpaWlpaWlpaWlpaWlpaWlpaWlpaWlpaWlpaWlpaWlpaWlpaWlpaWlpaWlpaWlpaWl
paWlpaWlpaWlpaWlpaWlpaWlpaWlpaWlpaWlpaWlpaWlpaWlpaWlpaWlpaWlpaWlpaWlpaWlpaWlpaWlpaWlpaWlpaWlpaWlpaWlpaWl
paWlpaWlpaWlpaWlpaWlpaWlpaWlpaWlpaWlpaWlpaWlpaWlpaWlpaWlpaWlpaWlpaWlpaWlpaWlpaWlpaWlpaWlpaWlpaWlpaWlpaWl
paWlpaWlpaWlpaWlpaWlpaWlpaWlpaWlpaWlpaWlpaWlpaWlpaWlpaWlpaWlpaWlpaWlpaWlpaWlpaWlpaWlpaWlpaWlpaWlpaWlpaWl
paWlpaWlpaWlpaWlpaWlpaWlpaWlpaWlpaWlpaWlpaWlpaWlpaWlpaWlpaWlpaWlpaWlpaWlpaWlpaWlpaWlpaWlpaWlpaWlpaWlpaWl
paWlpaWlpaWlpaWlpaWlpaWlpaWlpaWlpaWlpaWlpaWlpaWlpaWlpaWlpaWlpaWlpaWlpaWlpaWlpaWlpaWlpaWlpaWlpaWlpaWlpaWl
paWlpaWlpaWlpaWlpaWlpaWlpaWlpaWlpaWlpaWlpaWlpaWlpaWlpaWlpaWlpaWlpaWlpaWlpaWlpaWlpaWlpaWlpaWlpaWlpaWlpaWl
paWlpaWlpaWlpaWlpaWlpaWlpaWlpaWlpaWlpaWlpaWlpaWlpaWlpaWlpaWlpaWlpaWlpaWlpaWlpaWlpaWlpaWlpaWlpaWlpaWlpaWl
paWlpaWlpaWlpaWlpaWlpaWlpaWlpaWlpaWlpaWlpaWlpaWlpaWlpaWlpaWlpaWlpaWlpaWlpaWlpaWlpaWlpaWlpaWlpaWlpaWlpaWl
paWlpaWlpaWlpaWlpaWlpaWlpaWlpaWlpaWlpaWlpaWlpaWlpaWlpaWlpaWlpaWlpaWlpaWlpaWlpaWlpaWlpaWlpaWlpaWlpaWlpaWl
paWlpaWlpaWlpaWlpaWlpaWlpaWlpaWlpaWlpaWlpaWlpaWlpaWlpaWlpaWlpaWlpaWlpaWlpaWlpaWlpaWlpaWlpaWlpaWlpaWlpaWl
paWlpaWlpaWlpaWlpaWlpaWlpaWlpaWlpaWlpaWlpaWlpaWlpaWlpaWlpaWlpaWlpaWlpaWlpaWlpaWlpaWlpaWlpaWlpaWlpaWlpaWl
paWlpaWlpaWlpaWlpaWlpaWlpaWlpaWlpaWlpaWlpaWlpaWlpaWlpaWlpaWlpaWlpaWlpaWlpaWlpaWlpaWlpaWlpaWlpaWlpaWlpaWl
paWlpaWlpaWlpaWlpaWlpaWlpaWlpaWlpaWlpaWlpaWlpaWlpaWlpaWlpaWlpaWlpaWlpaWlpaWlpaWlpaWlpaWlpaWlpaWlpaWlpaWl
paWlpaWlpaWlpaWlpaWlpaWlpaWlpaWlpaWlpaWlpaWlpaWlpaWlpaWlpaWlpaWlpaWlpaWlpaWlpaWlpaWlpaWlpaWlpaWlpaWlpaWl
paWlpaWlpaWlpaWlpaWlpaWlpaWlpaWlpaWlpaWlpaWlpaWlpaWlpaWlpaWlpaWlpaWlpaWlpaWlpaWlpaWlpaWlpaWlpaWlpaWlpaWl
paWlpaWlpaWlpaWlpaWlpaWlpaWlpaWlpaWlpaWlpaWlpaWlpaWlpaWlpaWlpaWlpaWlpaWlpaWlpaWlpaWlpaWlpaWlpaWlpaWlpaWl
paWlpaWlpaWlpaWlpaWlpaWlpaWlpaWlpaWlpaWlpaWlpaWlpaWlpaWlpaWlpaWlpaWlpaWlpaWlpaWlpaWlpaWlpaWlpaWlpaWlpaWl
paWlpaWlpaWlpaWlpaWlpaWlpaWlpaWlpaWlpaWlpaWlpaWlpaWlpaWlpaWlpaWlpaWlpaWlpaWlpaWlpaWlpaWlpaWlpaWlpaWlpaWl
paWlpaWlpaWlpaWlpaWlpaWlpaWlpaWlpaWlpaWlpaWlpaWlpaWlpaWlpaWlpaWlpaWlpaWlpaWlpaWlpaWlpaWlpaWlpaWlpaWlpaWl
paWlpaWlpaWlpaWlpaWlpaWlpaWlpaWlpaWlpaWlpaWlpaWlpaWlpaWlpaWlpaWlpaWlpaWlpaWlpaWlpaWlpaWlpaWlpaWlpaWlpaWl
paWlpaWlpaWlpaWlpaWlpaWlpaWlpaWlpaWlpaWlpaWlpaWlpaWlpaWlpaWlpaWlpaWlpaWlpaWlpaWlpaWlpaWlpaWlpaWlpaWlpaWl
paWlpaWlpaWlpaWlpaWlpaWlpaWlpaWlpaWlpaWlpaWlpaWlpaWlpaWlpaWlpaWlpaWlpaWlpaWlpaWlpaWlpaWlpaWlpaWlpaWlpaWl
paWlpaWlpaWlpaWlpaWlpaWlpaWlpaWlpaWlpaWlpaWlpaWlpaWlpaWlpaWlpaWlpaWlpaWlpaWlpaWlpaWlpaWlpaWlpaWlpaWlpaWl
paWlpaWlpaWlpaWlpaWlpaWlpaWlpaWlpaWlpaWlpaWlpaWlpaWlpaWlpaWlpaWlpaWlpaWlpaWlpaWlpaWlpaWlpaWlpaWlpaWlpaWl
paWlpaWlpaWlpaWlpaWlpaWlpaWlpaWlpaWlpaWlpaWlpaWlpaWlpaWlpaWlpaWlpaWlpaWlpaWlpaWlpaWlpaWlpaWlpaWlpaWlpaWl
paWlpaWlpaWlpaWlpaWlpaWlpaWlpaWlpaWlpaWlpaWlpaWlpaWlpaWlpaWlpaWlpaWlpaWlpaWlpaWlpaWlpaWlpaWlpaWlpaWlpaWl
paWlpaWlpaWlpaWlpaWlpaWlpaWlpaWlpaWlpaWlpaWlpaWlpaWlpaWlpaWlpaWlpaWlpaWlpaWlpaWlpaWlpaWlpaWlpaWlpaWlpaWl
paWlpaWlpaWlpaWlpaWlpaWlpaWlpaWlpaWlpaWlpaWlpaWlpaWlpaWlpaWlpaWlpaWlpaWlpaWlpaWlpaWlpaWlpaWlpaWlpaWlpaWl
paWlpaWlpaWlpaWlpaWlpaWlpaWlpaWlpaWlpaWlpaWlpaWlpaWlpaWlpaWlpaWlpaWlpaWlpaWlpaWlpaWlpaWlpaWlpaWlpaWlpaWl
paWlpaWlpaWlpaWlpaWlpaWlpaWlpaWlpaWlpaWlpaWlpaWlpaWlpaWlpaWlpaWlpaWlpaWlpaWlpaWlpaWlpaWlpaWlpaWlpaWlpaWl
paWlpaWlpaWlpaWlpaWlpaWlpaWlpaWlpaWlpaWlpaWlpaWlpaWlpaWlpaWlpaWlpaWlpaWlpaWlpaWlpaWlpaWlpaWlpaWlpaWlpaWl
paWlpaWlpaWlpaWlpaWlpaWlpaWlpaWlpaWlpaWlpaWlpaWlpaWlpaWlpaWlpaWlpaWlpaWlpaWlpaWlpaWlpaWlpaWlpaWlpaWlpaWl
paWlpaWlpaWlpaWlpaWlpaWlpaWlpaWlpaWlpaWlpaWlpaWlpaWlpaWlpaWlpaWlpaWlpaWlpaWlpaWlpaWlpaWlpaWlpaWlpaWlpaWl
paWlpaWlpaWlpaWlpaWlpaWlpaWlpaWlpaWlpaWlpaWlpaWlpaWlpaWlpaWlpaWlpaWlpaWlpaWlpaWlpaWlpaWlpaWlpaWlpaWlpaWl
paWlpaWlpaWlpaWlpaWlpaWlpaWlpaWlpaWlpaWlpaWlpaWlpaWlpaWlpaWlpaWlpaWlpaWlpaWlpaWlpaWlpaWlpaWlpaWlpaWlpaWl
paWlpaWlpaWlpaWlpaWlpaWlpaWlpaWlpaWlpaWlpaWlpaWlpaWlpaWlpaWlpaWlpaWlpaWlpaWlpaWlpaWlpaWlpaWlpaWlpaWlpaWl
paWlpaWlpaWlpaWlpaWlpaWlpaWlpaWlpaWlpaWlpaWlpaWlpaWlpaWlpaWlpaWlpaWlpaWlpaWlpaWlpaWlpaWlpaWlpaWlpaWlpaWl
paWlpaWlpaWlpaWlpaWlpaWlpaWlpaWlpaWlpaWlpaWlpaWlpaWlpaWlpaWlpaWlpaWlpaWlpaWlpaWlpaWlpaWlpaWlpaWlpaWlpaWl
paWlpaWlpaWlpaWlpaWlpaWlpaWlpaWlpaWlpaWlpaWlpaWlpaWlpaWlpaWlpaWlpaWlpaWlpaWlpaWlpaWlpaWlpaWlpaWlpaWlpaWl
paWlpaWlpaWlpaWlpaWlpaWlpaWlpaWlpaWlpaWlpaWlpaWlpaWlpaWlpaWlpaWlpaWlpaWlpaWlpaWlpaWlpaWlpaWlpaWlpaWlpaWl
paWlpaWlpaWlpaWlpaWlpaWlpaWlpaWlpaWlpaWlpaWlpaWlpaWlpaWlpaWlpaWlpaWlpaWlpaWlpaWlpaWlpaWlpaWlpaWlpaWlpaWl
paWlpaWlpaWlpaWlpaWlpaWlpaWlpaWlpaWlpaWlpaWlpaWlpaWlpaWlpaWlpaWlpaWlpaWlpaWlpaWlpaWlpaWlpaWlpaWlpaWlpaWl
paWlpaWlpaWlpaWlpaWlpaWlpaWlpaWlpaWlpaWlpaWlpaWlpaWlpaWlpaWlpaWlpaWlpaWlpaWlpaWlpaWlpaWlpaWlpaWlpaWlpaWl
paWlpaWlpaWlpaWlpaWlpaWlpaWlpaWlpaWlpaWlpaWlpaWlpaWlpaWlpaWlpaWlpaWlpaWlpaWlpaWlpaWlpaWlpaWlpaWlpaWlpaWl
paWlpaWlpaWlpaWlpaWlpaWlpaWlpaWlpaWlpaWlpaWlpaWlpaWlpaWlpaWlpaWlpaWlpaWlpaWlpaWlpaWlpaWlpaWlpaWlpaWlpaWl
paWlpaWlpaWlpaWlpaWlpaWlpaWlpaWlpaWlpaWlpaWlpaWlpaWlpaWlpaWlpaWlpaWlpaWlpaWlpaWlpaWlpaWlpaWlpaWlpaWlpaWl
paWlpaWlpaWlpaWlpaWlpaWlpaWlpaWlpaWlpaWlpaWlpaWlpaWlpaWlpaWlpaWlpaWlpaWlpaWlpaWlpaWlpaWlpaWlpaWlpaWlpaWl
paWlpaWlpaWlpaWlpaWlpaWlpaWlpaWlpaWlpaWlpaWlpaWlpaWlpaWlpaWlpaWlpaWlpaWlpaWlpaWlpaWlpaWlpaWlpaWlpaWlpaWl
paWlpaWlpaWlpaWlpaWlpaWlpaWlpaWlpaWlpaWlpaWlpaWlpaWlpaWlpaWlpaWlpaWlpaWlpaWlpaWlpaWlpaWlpaWlpaWlpaWlpaWl
paWlpaWlpaWlpaWlpaWlpaWlpaWlpaWlpaWlpaWlpaWlpaWlpaWlpaWlpaWlpaWlpaWlpaWlpaWlpaWlpaWlpaWlpaWlpaWlpaWlpaWl
paWlpaWlpaWlpaWlpaWlpaWlpaWlpaWlpaWlpaWlpaWlpaWlpaWlpaWlpaWlpaWlpaWlpaWlpaWlpaWlpaWlpaWlpaWlpaWlpaWlpaWl
paWlpaWlpaWlpaWlpaWlpaWlpaWlpaWlpaWlpaWlpaWlpaWlpaWlpaWlpaWlpaWlpaWlpaWlpaWlpaWlpaWlpaWlpaWlpaWlpaWlpaWl
paWlpaWlpaWlpaWlpaWlpaWlpaWlpaWlpaWlpaWlpaWlpaWlpaWlpaWlpaWlpaWlpaWlpaWlpaWlpaWlpaWlpaWlpaWlpaWlpaWlpaWl
paWlpaWlpaWlpaWlpaWlpaWlpaWlpaWlpaWlpaWlpaWlpaWlpaWlpaWlpaWlpaWlpaWlpaWlpaWlpaWlpaWlpaWlpaWlpaWlpaWlpaWl
paWlpaWlpaWlpaWlpaWlpaWlpaWlpaWlpaWlpaWlpaWlpaWlpaWlpaWlpaWlpaWlpaWlpaWlpaWlpaWlpaWlpaWlpaWlpaWlpaWlpaWl
paWlpaWlpaWlpaWlpaWlpaWlpaWlpaWlpaWlpaWlpaWlpaWlpaWlpaWlpaWlpaWlpaWlpaWlpaWlpaWlpaWlpaWlpaWlpaWlpaWlpaWl
paWlpaWlpaWlpaWlpaWlpaWlpaWlpaWlpaWlpaWlpaWlpaWlpaWlpaWlpaWlpaWlpaWlpaWlpaWlpaWlpaWlpaWlpaWlpaWlpaWlpaWl
paWlpaWlpaWlpaWlpaWlpaWlpaWlpaWlpaWlpaWlpaWlpaWlpaWlpaWlpaWlpaWlpaWlpaWlpaWlpaWlpaWlpaWlpaWlpaWlpaWlpaWl
paWlpaWlpaWlpaWlpaWlpaWlpaWlpaWlpaWlpaWlpaWlpaWlpaWlpaWlpaWlpaWlpaWlpaWlpaWlpaWlpaWlpaWlpaWlpaWlpaWlpaWl
paWlpaWlpaWlpaWlpaWlpaWlpaWlpaWlpaWlpaWlpaWlpaWlpaWlpaWlpaWlpaWlpaWlpaWlpaWlpaWlpaWlpaWlpaWlpaWlpaWlpaWl
paWlpaWlpaWlpaWlpaWlpaWlpaWlpaWlpaWlpaWlpaWlpaWlpaWlpaWlpaWlpaWlpaWlpaWlpaWlpaWlpaWlpaWlpaWlpaWlpaWlpaWl
paWlpaWlpaWlpaWlpaWlpaWlpaWlpaWlpaWlpaWlpaWlpaWlpaWlpaWlpaWlpaWlpaWlpaWlpaWlpaWlpaWlpaWlpaWlpaWlpaWlpaWl
paWlpaWlpaWlpaWlpaWlpaWlpaWlpaWlpaWlpaWlpaWlpaWlpaWlpaWlpaWlpaWlpaWlpaWlpaWlpaWlpaWlpaWlpaWlpaWlpaWlpaWl
paWlpaWlpaWlpaWlpaWlpaWlpaWlpaWlpaWlpaWlpaWlpaWlpaWlpaWlpaWlpaWlpaWlpaWlpaWlpaWlpaWlpaWlpaWlpaWlpaWlpaWl
paWlpaWlpaWlpaWlpaWlpaWlpaWlpaWlpaWlpaWlpaWlpaWlpaWlpaWlpaWlpaWlpaWlpaWlpaWlpaWlpaWlpaWlpaWlpaWlpaWlpaWl
paWlpaWlpaWlpaWlpaWlpaWlpaWlpaWlpaWlpaWlpaWlpaWlpaWlpaWlpaWlpaWlpaWlpaWlpaWlpaWlpaWlpaWlpaWlpaWlpaWlpaWl
paWlpaWlpaWlpaWlpaWlpaWlpaWlpaWlpaWlpaWlpaWlpaWlpaWlpaWlpaWlpaWlpaWlpaWlpaWlpaWlpaWlpaWlpaWlpaWlpaWlpaWl
paWlpaWlpaWlpaWlpaWlpaWlpaWlpaWlpaWlpaWlpaWlpaWlpaWlpaWlpaWlpaWlpaWlpaWlpaWlpaWlpaWlpaWlpaWlpaWlpaWlpaWl
paWlpaWlpaWlpaWlpaWlpaWlpaWlpaWlpaWlpaWlpaWlpaWlpaWlpaWlpaWlpaWlpaWlpaWlpaWlpaWlpaWlpaWlpaWlpaWlpaWlpaWl
paWlpaWlpaWlpaWlpaWlpaWlpaWlpaWlpaWlpaWlpaWlpaWlpaWlpaWlpaWlpaWlpaWlpaWlpaWlpaWlpaWlpaWlpaWlpaWlpaWlpaWl
paWlpaWlpaWlpaWlpaWlpaWlpaWlpaWlpaWlpaWlpaWlpaWlpaWlpaWlpaWlpaWlpaWlpaWlpaWlpaWlpaWlpaWlpaWlpaWlpaWlpaWl
paWlpaWlpaWlpaWlpaWlpaWlpaWlpaWlpaWlpaWlpaWlpaWlpaWlpaWlpaWlpaWlpaWlpaWlpaWlpaWlpaWlpaWlpaWlpaWlpaWlpaWl
paWlpaWlpaWlpaWlpaWlpaWlpaWlpaWlpaWlpaWlpaWlpaWlpaWlpaWlpaWlpaWlpaWlpaWlpaWlpaWlpaWlpaWlpaWlpaWlpaWlpaWl
paWlpaWlpaWlpaWlpaWlpaWlpaWlpaWlpaWlpaWlpaWlpaWlpaWlpaWlpaWlpaWlpaWlpaWlpaWlpaWlpaWlpaWlpaWlpaWlpaWlpaWl
paWlpaWlpaWlpaWlpaWlpaWlpaWlpaWlpaWlpaWlpaWlpaWlpaWlpaWlpaWlpaWlpaWlpaWlpaWlpaWlpaWlpaWlpaWlpaWlpaWlpaWl
paWlpaWlpaWlpaWlpaWlpaWlpaWlpaWlpaWlpaWlpaWlpaWlpaWlpaWlpaWlpaWlpaWlpaWlpaWlpaWlpaWlpaWlpaWlpaWlpaWlpaWl
paWlpaWlpaWlpaWlpaWlpaWlpaWlpaWlpaWlpaWlpaWlpaWlpaWlpaWlpaWlpaWlpaWlpaWlpaWlpaWlpaWlpaWlpaWlpaWlpaWlpaWl
paWlpaWlpaWlpaWlpaWlpaWlpaWlpaWlpaWlpaWlpaWlpaWlpaWlpaWlpaWlpaWlpaWlpaWlpaWlpaWlpaWlpaWlpaWlpaWlpaWlpaWl
paWlpaWlpaWlpaWlpaWlpaWlpaWlpaWlpaWlpaWlpaWlpaWlpaWlpaWlpaWlpaWlpaWlpaWlpaWlpaWlpaWlpaWlpaWlpaWlpaWlpaWl
paWlpaWlpaWlpaWlpaWlpaWlpaWlpaWlpaWlpaWlpaWlpaWlpaWlpaWlpaWlpaWlpaWlpaWlpaWlpaWlpaWlpaWlpaWlpaWlpaWlpaWl
paWlpaWlpaWlpaWlpaWlpaWlpaWlpaWlpaWlpaWlpaWlpaWlpaWlpaWlpaWlpaWlpaWlpaWlpaWlpaWlpaWlpaWlpaWlpaWlpaWlpaWl
paWlpaWlpaWlpaWlpaWlpaWlpaWlpaWlpaWlpaWlpaWlpaWlpaWlpaWlpaWlpaWlpaWlpaWlpaWlpaWlpaWlpaWlpaWlpaWlpaWlpaWl
paWlpaWlpaWlpaWlpaWlpaWlpaWlpaWlpaWlpaWlpaWlpaWlpaWlpaWlpaWlpaWlpaWlpaWlpaWlpaWlpaWlpaWlpaWlpaWlpaWlpaWl
paWlpaWlpaWlpaWlpaWlpaWlpaWlpaWlpaWlpaWlpaWlpaWlpaWlpaWlpaWlpaWlpaWlpaWlpaWlpaWlpaWlpaWlpaWlpaWlpaWlpaWl
paWlpaWlpaWlpaWlpaWlpaWlpaWlpaWlpaWlpaWlpaWlpaWlpaWlpaWlpaWlpaWlpaWlpaWlpaWlpaWlpaWlpaWlpaWlpaWlpaWlpaWl
paWlpaWlpaWlpaWlpaWlpaWlpaWlpaWlpaWlpaWlpaWlpaWlpaWlpaWlpaWlpaWlpaWlpaWlpaWlpaWlpaWlpaWlpaWlpaWlpaWlpaWl
paWlpaWlpaWlpaWlpaWlpaWlpaWlpaWlpaWlpaWlpaWlpaWlpaWlpaWlpaWlpaWlpaWlpaWlpaWlpaWlpaWlpaWlpaWlpaWlpaWlpaWl
paWlpaWlpaWlpaWlpaWlpaWlpaWlpaWlpaWlpaWlpaWlpaWlpaWlpaWlpaWlpaWlpaWlpaWlpaWlpaWlpaWlpaWlpaWlpaWlpaWlpaWl
paWlpaWlpaWlpaWlpaWlpaWlpaWlpaWlpaWlpaWlpaWlpaWlpaWlpaWlpaWlpaWlpaWlpaWlpaWlpaWlpaWlpaWlpaWlpaWlpaWlpaWl
paWlpaWlpaWlpaWlpaWlpaWlpaWlpaWlpaWlpaWlpaWlpaWlpaWlpaWlpaWlpaWlpaWlpaWlpaWlpaWlpaWlpaWlpaWlpaWlpaWlpaWl
paWlpaWlpaWlpaWlpaWlpaWlpaWlpaWlpaWlpaWlpaWlpaWlpaWlpaWlpaWlpaWlpaWlpaWlpaWlpaWlpaWlpaWlpaWlpaWlpaWlpaWl
paWlpaWlpaWlpaWlpaWlpaWlpaWlpaWlpaWlpaWlpaWlpaWlpaWlpaWlpaWlpaWlpaWlpaWlpaWlpaWlpaWlpaWlpaWlpaWlpaWlpaWl
paWlpaWlpaWlpaWlpaWlpaWlpaWlpaWlpaWlpaWlpaWlpaWlpaWlpaWlpaWlpaWlpaWlpaWlpaWlpaWlpaWlpaWlpaWlpaWlpaWlpaWl
paWlpaWlpaWlpaWlpaWlpaWlpaWlpaWlpaWlpaWlpaWlpaWlpaWlpaWlpaWlpaWlpaWlpaWlpaWlpaWlpaWlpaWlpaWlpaWlpaWlpaWl
paWlpaWlpaWlpaWlpaWlpaWlpaWlpaWlpaWlpaWlpaWlpaWlpaWlpaWlpaWlpaWlpaWlpaWlpaWlpaWlpaWlpaWlpaWlpaWlpaWlpaWl
paWlpaWlpaWlpaWlpaWlpaWlpaWlpaWlpaWlpaWlpaWlpaWlpaWlpaWlpaWlpaWlpaWlpaWlpaWlpaWlpaWlpaWlpaWlpaWlpaWlpaWl
paWlpaWlpaWlpaWlpaWlpaWlpaWlpaWlpaWlpaWlpaWlpaWlpaWlpaWlpaWlpaWlpaWlpaWlpaWlpaWlpaWlpaWlpaWlpaWlpaWlpaWl
paWlpaWlpaWlpaWlpaWlpaWlpaWlpaWlpaWlpaWlpaWlpaWlpaWlpaWlpaWlpaWlpaWlpaWlpaWlpaWlpaWlpaWlpaWlpaWlpaWlpaWl
paWlpaWlpaWlpaWlpaWlpaWlpaWlpaWlpaWlpaWlpaWlpaWlpaWlpaWlpaWlpaWlpaWlpaWlpaWlpaWlpaWlpaWlpaWlpaWlpaWlpaWl
paWlpaWlpaWlpaWlpaWlpaWlpaWlpaWlpaWlpaWlpaWlpaWlpaWlpaWlpaWlpaWlpaWlpaWlpaWlpaWlpaWlpaWlpaWlpaWlpaWlpaWl
paWlpaWlpaWlpaWlpaWlpaWlpaWlpaWlpaWlpaWlpaWlpaWlpaWlpaWlpaWlpaWlpaWlpaWlpaWlpaWlpaWlpaWlpaWlpaWlpaWlpaWl
paWlpaWlpaWlpaWlpaWlpaWlpaWlpaWlpaWlpaWlpaWlpaWlpaWlpaWlpaWlpaWlpaWlpaWlpaWlpaWlpaWlpaWlpaWlpaWlpaWlpaWl
paWlpaWlpaWlpaWlpaWlpaWlpaWlpaWlpaWlpaWlpaWlpaWlpaWlpaWlpaWlpaWlpaWlpaWlpaWlpaWlpaWlpaWlpaWlpaWlpaWlpaWl
paWlpaWlpaWlpaWlpaWlpaWlpaWlpaWlpaWlpaWlpaWlpaWlpaWlpaWlpaWlpaWlpaWlpaWlpaWlpaWlpaWlpaWlpaWlpaWlpaWlpaWl
paWlpaWlpaWlpaWlpaWlpaWlpaWlpaWlpaWlpaWlpaWlpaWlpaWlpaWlpaWlpaWlpaWlpaWlpaWlpaWlpaWlpaWlpaWlpaWlpaWlpaWl
paWlpaWlpaWlpaWlpaWlpaWlpaWlpaWlpaWlpaWlpaWlpaWlpaWlpaWlpaWlpaWlpaWlpaWlpaWlpaWlpaWlpaWlpaWlpaWlpaWlpaWl
paWlpaWlpaWlpaWlpaWlpaWlpaWlpaWlpaWlpaWlpaWlpaWlpaWlpaWlpaWlpaWlpaWlpaWlpaWlpaWlpaWlpaWlpaWlpaWlpaWlpaWl
paWlpaWlpaWlpaWlpaWlpaWlpaWlpaWlpaWlpaWlpaWlpaWlpaWlpaWlpaWlpaWlpaWlpaWlpaWlpaWlpaWlpaWlpaWlpaWlpaWlpaWl
paWlpaWlpaWlpaWlpaWlpaWlpaWlpaWlpaWlpaWlpaWlpaWlpaWlpaWlpaWlpaWlpaWlpaWlpaWlpaWlpaWlpaWlpaWlpaWlpaWlpaWl
paWlpaWlpaWlpaWlpaWlpaWlpaWlpaWlpaWlpaWlpaWlpaWlpaWlpaWlpaWlpaWlpaWlpaWlpaWlpaWlpaWlpaWlpaWlpaWlpaWlpaWl
paWlpaWlpaWlpaWlpaWlpaWlpaWlpaWlpaWlpaWlpaWlpaWlpaWlpaWlpaWlpaWlpaWlpaWlpaWlpaWlpaWlpaWlpaWlpaWlpaWlpaWl
paWlpaWlpaWlpaWlpaWlpaWlpaWlpaWlpaWlpaWlpaWlpaWlpaWlpaWlpaWlpaWlpaWlpaWlpaWlpaWlpaWlpaWlpaWlpaWlpaWlpaWl
paWlpaWlpaWlpaWlpaWlpaWlpaWlpaWlpaWlpaWlpaWlpaWlpaWlpaWlpaWlpaWlpaWlpaWlpaWlpaWlpaWlpaWlpaWlpaWlpaWlpaWl
paWlpaWlpaWlpaWlpaWlpaWlpaWlpaWlpaWlpaWlpaWlpaWlpaWlpaWlpaWlpaWlpaWlpaWlpaWlpaWlpaWlpaWlpaWlpaWlpaWlpaWl
paWlpaWlpaWlpaWlpaWlpaWlpaWlpaWlpaWlpaWlpaWlpaWlpaWlpaWlpaWlpaWlpaWlpaWlpaWlpaWlpaWlpaWlpaWlpaWlpaWlpaWl
paWlpaWlpaWlpaWlpaWlpaWlpaWlpaWlpaWlpaWlpaWlpaWlpaWlpaWlpaWlpaWlpaWlpaWlpaWlpaWlpaWlpaWlpaWlpaWlpaWlpaWl
paWlpaWlpaWlpaWlpaWlpaWlpaWlpaWlpaWlpaWlpaWlpaWlpaWlpaWlpaWlpaWlpaWlpaWlpaWlpaWlpaWlpaWlpaWlpaWlpaWlpaWl
paWlpaWlpaWlpaWlpaWlpaWlpaWlpaWlpaWlpaWlpaWlpaWlpaWlpaWlpaWlpaWlpaWlpaWlpaWlpaWlpaWlpaWlpaWlpaWlpaWlpaWl
paWlpaWlpaWlpaWlpaWlpaWlpaWlpaWlpaWlpaWlpaWlpaWlpaWlpaWlpaWlpaWlpaWlpaWlpaWlpaWlpaWlpaWlpaWlpaWlpaWlpaWl
paWlpaWlpaWlpaWlpaWlpaWlpaWlpaWlpaWlpaWlpaWlpaWlpaWlpaWlpaWlpaWlpaWlpaWlpaWlpaWlpaWlpaWlpaWlpaWlpaWlpaWl
paWlpaWlpaWlpaWlpaWlpaWlpaWlpaWlpaWlpaWlpaWlpaWlpaWlpaWlpaWlpaWlpaWlpaWlpaWlpaWlpaWlpaWlpaWlpaWlpaWlpaWl
paWlpaWlpaWlpaWlpaWlpaWlpaWlpaWlpaWlpaWlpaWlpaWlpaWlpaWlpaWlpaWlpaWlpaWlpaWlpaWlpaWlpaWlpaWlpaWlpaWlpaWl
paWlpaWlpaWlpaWlpaWlpaWlpaWlpaWlpaWlpaWlpaWlpaWlpaWlpaWlpaWlpaWlpaWlpaWlpaWlpaWlpaWlpaWlpaWlpaWlpaWlpaWl
paWlpaWlpaWlpaWlpaWlpaWlpaWlpaWlpaWlpaWlpaWlpaWlpaWlpaWlpaWlpaWlpaWlpaWlpaWlpaWlpaWlpaWlpaWlpaWlpaWlpaWl
paWlpaWlpaWlpaWlpaWlpaWlpaWlpaWlpaWlpaWlpaWlpaWlpaWlpaWlpaWlpaWlpaWlpaWlpaWlpaWlpaWlpaWlpaWlpaWlpaWlpaWl
paWlpaWlpaWlpaWlpaWlpaWlpaWlpaWlpaWlpaWlpaWlpaWlpaWlpaWlpaWlpaWlpaWlpaWlpaWlpaWlpaWlpaWlpaWlpaWlpaWlpaWl
paWlpaWlpaWlpaWlpaWlpaWlpaWlpaWlpaWlpaWlpaWlpaWlpaWlpaWlpaWlpaWlpaWlpaWlpaWlpaWlpaWlpaWlpaWlpaWlpaWlpaWl
paWlpaWlpaWlpaWlpaWlpaWlpaWlpaWlpaWlpaWlpaWlpaWlpaWlpaWlpaWlpaWlpaWlpaWlpaWlpaWlpaWlpaWlpaWlpaWlpaWlpaWl
paWlpaWlpaWlpaWlpaWlpaWlpaWlpaWlpaWlpaWlpaWlpaWlpaWlpaWlpaWlpaWlpaWlpaWlpaWlpaWlpaWlpaWlpaWlpaWlpaWlpaWl
paWlpaWlpaWlpaWlpaWlpaWlpaWlpaWlpaWlpaWlpaWlpaWlpaWlpaWlpaWlpaWlpaWlpaWlpaWlpaWlpaWlpaWlpaWlpaWlpaWlpaWl
paWlpaWlpaWlpaWlpaWlpaWlpaWlpaWlpaWlpaWlpaWlpaWlpaWlpaWlpaWlpaWlpaWlpaWlpaWlpaWlpaWlpaWlpaWlpaWlpaWlpaWl
paWlpaWlpaWlpaWlpaWlpaWlpaWlpaWlpaWlpaWlpaWlpaWlpaWlpaWlpaWlpaWlpaWlpaWlpaWlpaWlpaWlpaWlpaWlpaWlpaWlpaWl
paWlpaWlpaWlpaWlpaWlpaWlpaWlpaWlpaWlpaWlpaWlpaWlpaWlpaWlpaWlpaWlpaWlpaWlpaWlpaWlpaWlpaWlpaWlpaWlpaWlpaWl
paWlpaWlpaWlpaWlpaWlpaWlpaWlpaWlpaWlpaWlpaWlpaWlpaWlpaWlpaWlpaWlpaWlpaWlpaWlpaWlpaWlpaWlpaWlpaWlpaWlpaWl
paWlpaWlpaWlpaWlpaWlpaWlpaWlpaWlpaWlpaWlpaWlpaWlpaWlpaWlpaWlpaWlpaWlpaWlpaWlpaWlpaWlpaWlpaWlpaWlpaWlpaWl
paWlpaWlpaWlpaWlpaWlpaWlpaWlpaWlpaWlpaWlpaWlpaWlpaWlpaWlpaWlpaWlpaWlpaWlpaWlpaWlpaWlpaWlpaWlpaWlpaWlpaWl
paWlpaWlpaWlpaWlpaWlpaWlpaWlpaWlpaWlpaWlpaWlpaWlpaWlpaWlpaWlpaWlpaWlpaWlpaWlpaWlpaWlpaWlpaWlpaWlpaWlpaWl
paWlpaWlpaWlpaWlpaWlpaWlpaWlpaWlpaWlpaWlpaWlpaWlpaWlpaWlpaWlpaWlpaWlpaWlpaWlpaWlpaWlpaWlpaWlpaWlpaWlpaWl
paWlpaWlpaWlpaWlpaWlpaWlpaWlpaWlpaWlpaWlpaWlpaWlpaWlpaWlpaWlpaWlpaWlpaWlpaWlpaWlpaWlpaWlpaWlpaWlpaWlpaWl
paWlpaWlpaWlpaWlpaWlpaWlpaWlpaWlpaWlpaWlpaWlpaWlpaWlpaWlpaWlpaWlpaWlpaWlpaWlpaWlpaWlpaWlpaWlpaWlpaWlpaWl
paWlpaWlpaWlpaWlpaWlpaWlpaWlpaWlpaWlpaWlpaWlpaWlpaWlpaWlpaWlpaWlpaWlpaWlpaWlpaWlpaWlpaWlpaWlpaWlpaWlpaWl
paWlpaWlpaWlpaWlpaWlpaWlpaWlpaWlpaWlpaWlpaWlpaWlpaWlpaWlpaWlpaWlpaWlpaWlpaWlpaWlpaWlpaWlpaWlpaWlpaWlpaWl
paWlpaWlpaWlpaWlpaWlpaWlpaWlpaWlpaWlpaWlpaWlpaWlpaWlpaWlpaWlpaWlpaWlpaWlpaWlpaWlpaWlpaWlpaWlpaWlpaWlpaWl
paWlpaWlpaWlpaWlpaWlpaWlpaWlpaWlpaWlpaWlpaWlpaWlpaWlpaWlpaWlpaWlpaWlpaWlpaWlpaWlpaWlpaWlpaWlpaWlpaWlpaWl
paWlpaWlpaWlpaWlpaWlpaWlpaWlpaWlpaWlpaWlpaWlpaWlpaWlpaWlpaWlpaWlpaWlpaWlpaWlpaWlpaWlpaWlpaWlpaWlpaWlpaWl
paWlpaWlpaWlpaWlpaWlpaWlpaWlpaWlpaWlpaWlpaWlpaWlpaWlpaWlpaWlpaWlpaWlpaWlpaWlpaWlpaWlpaWlpaWlpaWlpaWlpaWl
paWlpaWlpaWlpaWlpaWlpaWlpaWlpaWlpaWlpaWlpaWlpaWlpaWlpaWlpaWlpaWlpaWlpaWlpaWlpaWlpaWlpaWlpaWlpaWlpaWlpaWl
paWlpaWlpaWlpaWlpaWlpaWlpaWlpaWlpaWlpaWlpaWlpaWlpaWlpaWlpaWlpaWlpaWlpaWlpaWlpaWlpaWlpaWlpaWlpaWlpaWlpaWl
paWlpaWlpaWlpaWlpaWlpaWlpaWlpaWlpaWlpaWlpaWlpaWlpaWlpaWlpaWlpaWlpaWlpaWlpaWlpaWlpaWlpaWlpaWlpaWlpaWlpaWl
paWlpaWlpaWlpaWlpaWlpaWlpaWlpaWlpaWlpaWlpaWlpaWlpaWlpaWlpaWlpaWlpaWlpaWlpaWlpaWlpaWlpaWlpaWlpaWlpaWlpaWl
paWlpaWlpaWlpaWlpaWlpaWlpaWlpaWlpaWlpaWlpaWlpaWlpaWlpaWlpaWlpaWlpaWlpaWlpaWlpaWlpaWlpaWlpaWlpaWlpaWlpaWl
paWlpaWlpaWlpaWlpaWlpaWlpaWlpaWlpaWlpaWlpaWlpaWlpaWlpaWlpaWlpaWlpaWlpaWlpaWlpaWlpaWlpaWlpaWlpaWlpaWlpaWl
paWlpaWlpaWlpaWlpaWlpaWlpaWlpaWlpaWlpaWlpaWlpaWlpaWlpaWlpaWlpaWlpaWlpaWlpaWlpaWlpaWlpaWlpaWlpaWlpaWlpaWl
paWlpaWlpaWlpaWlpaWlpaWlpaWlpaWlpaWlpaWlpaWlpaWlpaWlpaWlpaWlpaWlpaWlpaWlpaWlpaWlpaWlpaWlpaWlpaWlpaWlpaWl
paWlpaWlpaWlpaWlpaWlpaWlpaWlpaWlpaWlpaWlpaWlpaWlpaWlpaWlpaWlpaWlpaWlpaWlpaWlpaWlpaWlpaWlpaWlpaWlpaWlpaWl
paWlpaWlpaWlpaWlpaWlpdZ0ACMAAAAAAAAAAAAAAACSbwAjAAAAAAAAAAAAAAAAAAAAAAAAAAAAAAAAAAAAAJJvACMAAAAAAAAAAAAA
AAAEiwAjAAAAAAAAAAAAAAAAAAAAAAAAAAAAAAAAAAAAAAAAAAAAAAAAAAAAAAAAAAAAAAAAAAAAAAAAAAAAAAAAAAAAAAAAAAAAAAAA
AAAAAAAAAAAAAAAAAAAAAAAAAAAAAAAAAAAAAAAAAAAAAAAAAAAAAAAAAAAAAAAAAAAAAAAAAAAAAAAAAAAAADZgACOlpaWlAEAAAKWl
paUIvQFC/////wEAAACEvgFC9YgCAIC+AUKAvgFCAAAAAAAAAAAoSQRCAAAAAHQCAkIsvQFCpaWlpaWlpaWlpaWlpaWlpaWlpaWlpaWl
paWlpfDuAEKlpaWlpaWlpaWlpaWAeACAAQAAAPTuAEKRiAIAZAAAAKWlpaWlpaWlAAAAAJGIAgBy0QQjAQAAAAEAAAABAAAAuO4AQnQC
AkKRiAIAgtwEI6WlpaWlpaWl9YgCAGQAAACkfwwjctEEI5GIAgDM0gQjpaWlpaWlpaUBAAAAAPAAQv//////////AHABQopHBCOlpaWl
paWlpaWlpaVkAAAApaWlpaWlpaWlpaWlAAAAAKWlpaWlpaWlpaWlpaWlpaWlpaWlpaWlpaWlpaUAAAAApaWlpaWlpaUAAAAA8AAAgJjn
AiMAAAAAEOoCIwAAAAAU6gIjKOoCIybqAiMs6gIjAAAEQgAAAAAAAAAAAAAAAAAAAAAAAgAAAgAAAAAIAAAAAAAAAAAAAAAAAAAAAAAA
AAAAAAAAAADwAgJCBAIEQgAAAAAAAAAAAAAAAAAAAAAAAAAAAAAAAAAAAAAAAAAAAAAAAAAAAAAAAAAAAAAAAAAAAAAAAAAAAAAAAAAA
AAAAAAAACAAAAOgDAAAJAAAAAAAAAAAAAAAAAAAAAAAAAAAAAAAAAAAAAAAAAAAAAAAAAAAAAAAAAAAAAAAAAAAAeGMBQpOHR/4AAAAA
WAAAgAAAAACYAwJCAAAAAAAAAAAAAAAAsAMCQv////+wAwJCsAMCQgAAAADEAwJC/////8QDAkLEAwJCAQAAAAEAAAAAAAAA//8AAJPl
9w8B0wFFAAAAAGgAAIBwDwJCAwAAAOwVA0KUmwFC8AMCQoQBAUIEAAAADAUCQgwFAkLwAwJCBAUCQhwAAAAYBgJCd2lmaV9tZ21yABQA
lAkAAAAAAAAHAAAAngkAABwAAAAAAAAAAAAAAAAAAAAAAAAAaAAAgAAAAABYBAJCAAAAAAAAAAAAAAAAcAQCQv////9wBAJCcAQCQgAA
AACEBAJC/////4QEAkKEBAJCAQAAAAEAAAAAAAAA//8AAAAAAAABAAAAAAAAAAAAAABkAAEAAAAAAAAAAAAgAACAAAAAAB8AAAAAAAAA
AwAAAAEAAAAARQHpAAAAADgBAIAwBQJCMAUCQhAGAkIwBQJCAAAAAPgEAkL/////+AQCQvgEAkIBAAAADAUCQv////8IBAJCCAQCQgAA
AAABAAAA4AAAAP//AAAUAJkJAAAUAA4AAAABAAAAAgAAABAAAABw7ABCdOwAQnZxAgD8gwAjAwAAAAAAAAB4LgNCAAAAAKWlpaWlpaWl
paWlpaWlpaWlpaWlpaWlpaWlpaWlpaWlpaWlpaWlpaWlpaWlEoIAI6WlpaUg8QBCAAAAALz+AEK8/gBClPgAQrT+AEIgAAAAAAAAAAAA
AACU+ABCAAAAAAAAAACM8ABCSURMRQAAAAAAAAAAAAAAAAAAAAACAAAAAAAAAAAAAAAAAAAAAAAAAAACAABQ9wBCdnECACgBAUIoAQFC
9PgAQiABAUIBAAAAAAAAAAgMAIClpaWlpaWlpaWlpaWlpaWlpaWlpaWlpaWlpaWlpaWlpaWlpaWlpaWlpaWlpaWlpaWlpaWlpaWlpaWl
paWlpaWlpaWlpaWlpaWlpaWlpaWlpaWlpaWlpaWlpaWlpaWlpaWlpaWlpaWlpaWlpaWlpaWlpaWlpaWlpaWlpaWlpaWlpaWlpaWlpaWl
paWlpaWlpaWlpaWlpaWlpaWlpaWlpaWlpaWlpaWlpaWlpaWlpaWlpaWlpaWlpaWlpaWlpaWlpaWlpaWlpaWlpaWlpaWlpaWlpaWlpaWl
paWlpaWlpaWlpaWlpaWlpaWlpaWlpaWlpaWlpaWlpaWlpaWlpaWlpaWlpaWlpaWlpaWlpaWlpaWlpaWlpaWlpaWlpaWlpaWlpaWlpaWl
paWlpaWlpaWlpaWlpaWlpaWlpaWlpaWlpaWlpaWlpaWlpaWlpaWlpaWlpaWlpaWlpaWlpaWlpaWlpaWlpaWlpaWlpaWlpaWlpaWlpaWl
paWlpaWlpaWlpaWlpaWlpaWlpaWlpaWlpaWlpaWlpaWlpaWlpaWlpaWlpaWlpaWlpaWlpaWlpaWlpaWlpaWlpaWlpaWlpaWlpaWlpaWl
paWlpaWlpaWlpaWlpaWlpaWlpaWlpaWlpaWlpaWlpaWlpaWlpaWlpaWlpaWlpaWlpaWlpaWlpaWlpaWlpaWlpaWlpaWlpaWlpaWlpaWl
paWlpaWlpaWlpaWlpaWlpaWlpaWlpaWlpaWlpaWlpaWlpaWlpaWlpaWlpaWlpaWlpaWlpaWlpaWlpaWlpaWlpaWlpaWlpaWlpaWlpaWl
paWlpaWlpaWlpaWlpaWlpaWlpaWlpaWlpaWlpaWlpaWlpaWlpaWlpaWlpaWlpaWlpaWlpaWlpaWlpaWlpaWlpaWlpaWlpaWlpaWlpaWl
paWlpaWlpaWlpaWlpaWlpaWlpaWlpaWlpaWlpaWlpaWlpaWlpaWlpaWlpaWlpaWlpaWlpaWlpaWlpaWlpaWlpaWlpaWlpaWlpaWlpaWl
paWlpaWlpaWlpaWlpaWlpaWlpaWlpaWlpaWlpaWlpaWlpaWlpaWlpaWlpaWlpaWlpaWlpaWlpaWlpaWlpaWlpaWlpaWlpaWlpaWlpaWl
paWlpaWlpaWlpaWlpaWlpaWlpaWlpaWlpaWlpaWlpaWlpaWlpaWlpaWlpaWlpaWlpaWlpaWlpaWlpaWlpaWlpaWlpaWlpaWlpaWlpaWl
paWlpaWlpaWlpaWlpaWlpaWlpaWlpaWlpaWlpaWlpaWlpaWlpaWlpaWlpaWlpaWlpaWlpaWlpaWlpaWlpaWlpaWlpaWlpaWlpaWlpaWl
paWlpaWlpaWlpaWlpaWlpaWlpaWlpaWlpaWlpaWlpaWlpaWlpaWlpaWlpaWlpaWlpaWlpaWlpaWlpaWlpaWlpaWlpaWlpaWlpaWlpaWl
paWlpaWlpaWlpaWlpaWlpaWlpaWlpaWlpaWlpaWlpaWlpaWlpaWlpaWlpaWlpaWlpaWlpaWlpaWlpaWlpaWlpaWlpaWlpaWlpaWlpaWl
paWlpaWlpaWlpaWlpaWlpaWlpaWlpaWlpaWlpaWlpaWlpaWlpaWlpaWlpaWlpaWlpaWlpaWlpaWlpaWlpaWlpaWlpaWlpaWlpaWlpaWl
paWlpaWlpaWlpaWlpaWlpaWlpaWlpaWlpaWlpaWlpaWlpaWlpaWlpaWlpaWlpaWlpaWlpaWlpaWlpaWlpaWlpaWlpaWlpaWlpaWlpaWl
paWlpaWlpaWlpaWlpaWlpaWlpaWlpaWlpaWlpaWlpaWlpaWlpaWlpaWlpaWlpaWlpaWlpaWlpaWlpaWlpaWlpaWlpaWlpaWlpaWlpaWl
paWlpaWlpaWlpaWlpaWlpaWlpaWlpaWlpaWlpaWlpaWlpaWlpaWlpaWlpaWlpaWlpaWlpaWlpaWlpaWlpaWlpaWlpaWlpaWlpaWlpaWl
paWlpaWlpaWlpaWlpaWlpaWlpaWlpaWlpaWlpaWlpaWlpaWlpaWlpaWlpaWlpaWlpaWlpaWlpaWlpaWlpaWlpaWlpaWlpaWlpaWlpaWl
paWlpaWlpaWlpaWlpaWlpaWlpaWlpaWlpaWlpaWlpaWlpaWlpaWlpaWlpaWlpaWlpaWlpaWlpaWlpaWlpaWlpaWlpaWlpaWlpaWlpaWl
paWlpaWlpaWlpaWlpaWlpaWlpaWlpaWlpaWlpaWlpaWlpaWlpaWlpaWlpaWlpaWlpaWlpaWlpaWlpaWlpaWlpaWlpaWlpaWlpaWlpaWl
paWlpaWlpaWlpaWlpaWlpaWlpaWlpaWlpaWlpaWlpaWlpaWlpaWlpaWlpaWlpaWlpaWlpaWlpaWlpaWlpaWlpaWlpaWlpaWlpaWlpaWl
paWlpaWlpaWlpaWlpaWlpaWlpaWlpaWlpaWlpaWlpaWlpaWlpaWlpaWlpaWlpaWlpaWlpaWlpaWlpaWlpaWlpaWlpaWlpaWlpaWlpaWl
paWlpaWlpaWlpaWlpaWlpaWlpaWlpaWlpaWlpaWlpaWlpaWlpaWlpaWlpaWlpaWlpaWlpaWlpaWlpaWlpaWlpaWlpaWlpaWlpaWlpaWl
paWlpaWlpaWlpaWlpaWlpaWlpaWlpaWlpaWlpaWlpaWlpaWlpaWlpaWlpaWlpaWlpaWlpaWlpaWlpaWlpaWlpaWlpaWlpaWlpaWlpaWl
paWlpaWlpaWlpaWlpaWlpaWlpaWlpaWlpaWlpaWlpaWlpaWlpaWlpaWlpaWlpaWlpaWlpaWlpaWlpaWlpaWlpaWlpaWlpaWlpaWlpaWl
paWlpaWlpaWlpaWlpaWlpaWlpaWlpaWlpaWlpaWlpaWlpaWlpaWlpaWlpaWlpaWlpaWlpaWlpaWlpaWlpaWlpaWlpaWlpaWlpaWlpaWl
paWlpaWlpaWlpaWlpaWlpaWlpaWlpaWlpaWlpaWlpaWlpaWlpaWlpaWlpaWlpaWlpaWlpaWlpaWlpaWlpaWlpaWlpaWlpaWlpaWlpaWl
paWlpaWlQsICIwAAAAAAAAAAAAAAAAAAAAAAAAAAAAAAAAAAAAAAAAAAAAAAAAAAAAAAAAAAAAAAAAAAAAAAAAAAAAAAAAAAAAAAAAAA
AAAAAAAAAAAAAAAAAAAAAAAAAAAAAAAAAAAAAAAAAAAAAAAAAAAAAAAAAAAAAAAAAAAAAAAAAAAAAAAAAAAAAOkQAkLGEAMjBIsAIwAA
AAAAAAAAAAAAAAAAAAAAAAAAAAAAAAAAAAAAAAAAAAAAAAAAAAAAAAAAAAAAAAAAAAAAAAAAAAAAAAAAAAAAAAAAAAAAAAAAAAAAAAAA
AAAAAAAAAAAAAAAAAAAAAAAAAAAAAAAAAAAAAAAAAAAAAAAAAAAAAAAAAAAAAAAAAAAAAAAAAAA2YAAjCuwKIw8AAAClpaWl4AQCQv//
//8BAAAA9AMCQhwAAADwAwJC8AMCQgAAAAAA8ABCyRECQgAAAADpEAJCBAUCQqBtDCNobQwjLG4MI6WlpaWlpaWlpaWlpaWlpaWlpaWl
paWlpaWlpaWlpaWlgHgAgGhtDCMdEQJCAQAAAP/////U1wBCEG4MIwAAAAB2cQIAqO4AQvxsDCPpEAJChG0MIwBwAUKAdQFC4AQCQrjQ
AyNobQwjAOAAQv/////pEAJCAHABQkzaAELpEAJCAAAAAABwAUKAdQFCzNkAQsAvAyMBAAAA6RACQqUOAAAAAQAAAAIAAAAQAAAAcOwA
QnTsAEJ2cQIA/IMAIwMAAAAAAAAAeC4DQgAAAAClpaWlpaWlpaWlpaWlpaWlpaWlpaWlpaWlpaWlpaWlpaWlpaWlpaWlpaWlpRKCACOl
paWlIPEAQgAAAAC8/gBCvP4AQpT4AEK0/gBCIAAAAAAAAAAAAAAAlPgAQgAAAAAAAAAAjPAAQklETEUAAAAAAAAAAAAAAAAAAAAAAgAA
AAAAAAAAAAAAAAAAAAAAAAAAAgAAUPcAQnZxAgAoAQFCKAEBQvT4AEIgAQFCAQAAAKWlpaWlpaWlpaWlpaWlpaWlpaWlpaWlpaWlpaWl
paWlpaWlpaWlpaWlpaWlpaWlpaWlpSYxAyOlpaWlpaWlpaWlpaUAAAAApaWlpaWlpaUAAAAAWAAAgAAAAAAgEgJCAAAAAAAAAAAAAAAA
OBICQv////84EgJCOBICQgAAAABMEgJC/////0wSAkJMEgJCAQAAAAEAAAAAAAAA//8AyAcAhggBCAAQAAAAAFgAAIAAAAAAeBICQgAA
AAAAAAAAAAAAAJASAkL/////kBICQpASAkIAAAAApBICQv////+kEgJCpBICQgEAAAABAAAAAAAAAP//AAAzBcUCAQdjcAAAAAAoAACA
uJ8BQrifAUIQAAAAAAAAAAIACQAAAAAAAAAAAK5ASMAAAAAAIAAAgBgTAkIQJwAAAQAAAEgkAyOo2QBCIwD0BgAAAAA4AACAAAAAAIaY
AgD0AQFC9AEBQhgTAkLsAQFCECcAAPgSAkIO0QMjogUThQUAtpcIyIPHAAAAADAAAICAEwJC0MIBQgAAAAAAAAAACAAAAAEAAAAmBQMj
AQAAAAIAAAAjmtceAAAAADAAAIAIvwFCUBMCQgAAAAABAAAABgAAAAEAAAAmBQMjAQAAAAAAAACVR54HAAAAAFgAAIAAAAAAsBMCQgAA
AAAAAAAAAAAAAMgTAkL/////yBMCQsgTAkIAAAAA3BMCQv/////cEwJC3BMCQgEAAAABAAAAAAAAAP//AABpb3RfAXNwXwAAAAAoAACA
AAAAAAAAAAAUFAJC/////xQUAkIUFAJCX3dpZgBfaW4AAAAAKAAAgBAAAAABAAAAPBQCQv////84qgFCOKoBQgAAAAAAAAAAAAAAACgA
AIAAAAAAAAAAAGQUAkL/////ZBQCQmQUAkIAAAAAAAAAAAAAAABYAACAAAAAAIAUAkIAAAAAAAAAAAAAAACYFAJC/////5gUAkKYFAJC
AAAAAKwUAkL/////rBQCQqwUAkIBAAAAAQAAAAAAAAD//wCGQIkEQgHrAQAAAAAACFAAgKWlpaWlpaWlpaWlpaWlpaWlpaWlpaWlpaWl
paWlpaWlpaWlpaWlpaWlpaWlpaWlpaWlpaWlpaWlpaWlpaWlpaWlpaWlpaWlpaWlpaWlpaWlpaWlpaWlpaWlpaWlpaWlpaWlpaWlpaWl
paWlpaWlpaWlpaWlpaWlpaWlpaWlpaWlpaWlpaWlpaWlpaWlpaWlpaWlpaWlpaWlpaWlpaWlpaWlpaWlpaWlpaWlpaWlpaWlpaWlpaWl
paWlpaWlpaWlpaWlpaWlpaWlpaWlpaWlpaWlpaWlpaWlpaWlpaWlpaWlpaWlpaWlpaWlpaWlpaWlpaWlpaWlpaWlpaWlpaWlpaWlpaWl
paWlpaWlpaWlpaWlpaWlpaWlpaWlpaWlpaWlpaWlpaWlpaWlpaWlpaWlpaWlpaWlpaWlpaWlpaWlpaWlpaWlpaWlpaWlpaWlpaWlpaWl
paWlpaWlpaWlpaWlpaWlpaWlpaWlpaWlpaWlpaWlpaWlpaWlpaWlpaWlpaWlpaWlpaWlpaWlpaWlpaWlpaWlpaWlpaWlpaWlpaWlpaWl
paWlpaWlpaWlpaWlpaWlpaWlpaWlpaWlpaWlpaWlpaWlpaWlpaWlpaWlpaWlpaWlpaWlpaWlpaWlpaWlpaWlpaWlpaWlpaWlpaWlpaWl
paWlpaWlpaWlpaWlpaWlpaWlpaWlpaWlpaWlpaWlpaWlpaWlpaWlpaWlpaWlpaWlpaWlpaWlpaWlpaWlpaWlpaWlpaWlpaWlpaWlpaWl
paWlpaWlpaWlpaWlpaWlpaWlpaWlpaWlpaWlpaWlpaWlpaWlpaWlpaWlpaWlpaWlpaWlpaWlpaWlpaWlpaWlpaWlpaWlpaWlpaWlpaWl
paWlpaWlpaWlpaWlpaWlpaWlpaWlpaWlpaWlpaWlpaWlpaWlpaWlpaWlpaWlpaWlpaWlpaWlpaWlpaWlpaWlpaWlpaWlpaWlpaWlpaWl
paWlpaWlpaWlpaWlpaWlpaWlpaWlpaWlpaWlpaWlpaWlpaWlpaWlpaWlpaWlpaWlpaWlpaWlpaWlpaWlpaWlpaWlpaWlpaWlpaWlpaWl
paWlpaWlpaWlpaWlpaWlpaWlpaWlpaWlpaWlpaWlpaWlpaWlpaWlpaWlpaWlpaWlpaWlpaWlpaWlpaWlpaWlpaWlpaWlpaWlpaWlpaWl
paWlpaWlpaWlpaWlpaWlpaWlpaWlpaWlpaWlpaWlpaWlpaWlpaWlpaWlpaWlpaWlpaWlpaWlpaWlpaWlpaWlpaWlpaWlpaWlpaWlpaWl
paWlpaWlpaWlpaWlpaWlpaWlpaWlpaWlpaWlpaWlpaWlpaWlpaWlpaWlpaWlpaWlpaWlpaWlpaWlpaWlpaWlpaWlpaWlpaWlpaWlpaWl
paWlpaWlpaWlpaWlpaWlpaWlpaWlpaWlpaWlpaWlpaWlpaWlpaWlpaWlpaWlpaWlpaWlpaWlpaWlpaWlpaWlpaWlpaWlpaWlpaWlpaWl
paWlpaWlpaWlpaWlpaWlpaWlpaWlpaWlpaWlpaWlpaWlpaWlpaWlpaWlpaWlpaWlpaWlpaWlpaWlpaWlpaWlpaWlpaWlpaWlpaWlpaWl
paWlpaWlpaWlpaWlpaWlpaWlpaWlpaWlpaWlpaWlpaWlpaWlpaWlpaWlpaWlpaWlpaWlpaWlpaWlpaWlpaWlpaWlpaWlpaWlpaWlpaWl
paWlpaWlpaWlpaWlpaWlpaWlpaWlpaWlpaWlpaWlpaWlpaWlpaWlpaWlpaWlpaWlpaWlpaWlpaWlpaWlpaWlpaWlpaWlpaWlpaWlpaWl
paWlpaWlpaWlpaWlpaWlpaWlpaWlpaWlpaWlpaWlpaWlpaWlpaWlpaWlpaWlpaWlpaWlpaWlpaWlpaWlpaWlpaWlpaWlpaWlpaWlpaWl
paWlpaWlpaWlpaWlpaWlpaWlpaWlpaWlpaWlpaWlpaWlpaWlpaWlpaWlpaWlpaWlpaWlpaWlpaWlpaWlpaWlpaWlpaWlpaWlpaWlpaWl
paWlpaWlpaWlpaWlpaWlpaWlpaWlpaWlpaWlpaWlpaWlpaWlpaWlpaWlpaWlpaWlpaWlpaWlpaWlpaWlpaWlpaWlpaWlpaWlpaWlpaWl
paWlpaWlpaWlpaWlpaWlpaWlpaWlpaWlpaWlpaWlpaWlpaWlpaWlpaWlpaWlpaWlpaWlpaWlpaWlpaWlpaWlpaWlpaWlpaWlpaWlpaWl
paWlpaWlpaWlpaWlpaWlpaWlpaWlpaWlpaWlpaWlpaWlpaWlpaWlpaWlpaWlpaWlpaWlpaWlpaWlpaWlpaWlpaWlpaWlpaWlpaWlpaWl
paWlpaWlpaWlpaWlpaWlpaWlpaWlpaWlpaWlpaWlpaWlpaWlpaWlpaWlpaWlpaWlpaWlpaWlpaWlpaWlpaWlpaWlpaWlpaWlpaWlpaWl
paWlpaWlpaWlpaWlpaWlpaWlpaWlpaWlpaWlpaWlpaWlpaWlpaWlpaWlpaWlpaWlpaWlpaWlpaWlpaWlpaWlpaWlpaWlpaWlpaWlpaWl
paWlpaWlpaWlpaWlpaWlpaWlpaWlpaWlpaWlpaWlpaWlpaWlpaWlpaWlpaWlpaWlpaWlpaWlpaWlpaWlpaWlpaWlpaWlpaWlpaWlpaWl
paWlpaWlpaWlpaWlpaWlpaWlpaWlpaWlpaWlpaWlpaWlpaWlpaWlpaWlpaWlpaWlpaWlpaWlpaWlpaWlpaWlpaWlpaWlpaWlpaWlpaWl
paWlpaWlpaWlpaWlpaWlpaWlpaWlpaWlpaWlpaWlpaWlpaWlpaWlpaWlpaWlpaWlpaWlpaWlpaWlpaWlpaWlpaWlpaWlpaWlpaWlpaWl
paWlpaWlpaWlpaWlpaWlpaWlpaWlpaWlpaWlpaWlpaWlpaWlpaWlpaWlpaWlpaWlpaWlpaWlpaWlpaWlpaWlpaWlpaWlpaWlpaWlpaWl
paWlpaWlpaWlpaWlpaWlpaWlpaWlpaWlpaWlpaWlpaWlpaWlpaWlpaWlpaWlpaWlpaWlpaWlpaWlpaWlpaWlpaWlpaWlpaWlpaWlpaWl
paWlpaWlpaWlpaWlpaWlpaWlpaWlpaWlpaWlpaWlpaWlpaWlpaWlpaWlpaWlpaWlpaWlpaWlpaWlpaWlpaWlpaWlpaWlpaWlpaWlpaWl
paWlpaWlpaWlpaWlpaWlpaWlpaWlpaWlpaWlpaWlpaWlpaWlpaWlpaWlpaWlpaWlpaWlpaWlpaWlpaWlpaWlpaWlpaWlpaWlpaWlpaWl
paWlpaWlpaWlpaWlpaWlpaWlpaWlpaWlpaWlpaWlpaWlpaWlpaWlpaWlpaWlpaWlpaWlpaWlpaWlpaWlpaWlpaWlpaWlpaWlpaWlpaWl
paWlpaWlpaWlpaWlpaWlpaWlpaWlpaWlpaWlpaWlpaWlpaWlpaWlpaWlpaWlpaWlpaWlpaWlpaWlpaWlpaWlpaWlpaWlpaWlpaWlpaWl
paWlpaWlpaWlpaWlpaWlpaWlpaWlpaWlpaWlpaWlpaWlpaWlpaWlpaWlpaWlpaWlpaWlpaWlpaWlpaWlpaWlpaWlpaWlpaWlpaWlpaWl
paWlpaWlpaWlpaWlpaWlpaWlpaWlpaWlpaWlpaWlpaWlpaWlpaWlpaWlpaWlpaWlpaWlpaWlpaWlpaWlpaWlpaWlpaWlpaWlpaWlpaWl
paWlpaWlpaWlpaWlpaWlpaWlpaWlpaWlpaWlpaWlpaWlpaWlpaWlpaWlpaWlpaWlpaWlpaWlpaWlpaWlpaWlpaWlpaWlpaWlpaWlpaWl
paWlpaWlpaWlpaWlpaWlpaWlpaWlpaWlpaWlpaWlpaWlpaWlpaWlpaWlpaWlpaWlpaWlpaWlpaWlpaWlpaWlpaWlpaWlpaWlpaWlpaWl
paWlpaWlpaWlpaWlpaWlpaWlpaWlpaWlpaWlpaWlpaWlpaWlpaWlpaWlpaWlpaWlpaWlpaWlpaWlpaWlpaWlpaWlpaWlpaWlpaWlpaWl
paWlpaWlpaWlpaWlpaWlpaWlpaWlpaWlpaWlpaWlpaWlpaWlpaWlpaWlpaWlpaWlpaWlpaWlpaWlpaWlpaWlpaWlpaWlpaWlpaWlpaWl
paWlpaWlpaWlpaWlpaWlpaWlpaWlpaWlpaWlpaWlpaWlpaWlpaWlpaWlpaWlpaWlpaWlpaWlpaWlpaWlpaWlpaWlpaWlpaWlpaWlpaWl
paWlpaWlpaWlpaWlpaWlpaWlpaWlpaWlpaWlpaWlpaWlpaWlpaWlpaWlpaWlpaWlpaWlpaWlpaWlpaWlpaWlpaWlpaWlpaWlpaWlpaWl
paWlpaWlpaWlpaWlpaWlpaWlpaWlpaWlpaWlpaWlpaWlpaWlpaWlpaWlpaWlpaWlpaWlpaWlpaWlpaWlpaWlpaWlpaWlpaWlpaWlpaWl
paWlpaWlpaWlpaWlpaWlpaWlpaWlpaWlpaWlpaWlpaWlpaWlpaWlpaWlpaWlpaWlpaWlpaWlpaWlpaWlpaWlpaWlpaWlpaWlpaWlpaWl
paWlpaWlpaWlpaWlpaWlpaWlpaWlpaWlpaWlpaWlpaWlpaWlpaWlpaWlpaWlpaWlpaWlpaWlpaWlpaWlpaWlpaWlpaWlpaWlpaWlpaWl
paWlpaWlpaWlpaWlpaWlpaWlpaWlpaWlpaWlpaWlpaWlpaWlpaWlpaWlpaWlpaWlpaWlpaWlpaWlpaWlpaWlpaWlpaWlpaWlpaWlpaWl
paWlpaWlpaWlpaWlpaWlpaWlpaWlpaWlpaWlpaWlpaWlpaWlpaWlpaWlpaWlpaWlpaWlpaWlpaWlpaWlpaWlpaWlpaWlpaWlpaWlpaWl
paWlpaWlpaWlpaWlpaWlpaWlpaWlpaWlpaWlpaWlpaWlpaWlpaWlpaWlpaWlpaWlpaWlpaWlpaWlpaWlpaWlpaWlpaWlpaWlpaWlpaWl
paWlpaWlpaWlpaWlpaWlpaWlpaWlpaWlpaWlpaWlpaWlpaWlpaWlpaWlpaWlpaWlpaWlpaWlpaWlpaWlpaWlpaWlpaWlpaWlpaWlpaWl
paWlpaWlpaWlpaWlpaWlpaWlpaWlpaWlpaWlpaWlpaWlpaWlpaWlpaWlpaWlpaWlpaWlpaWlpaWlpaWlpaWlpaWlpaWlpaWlpaWlpaWl
paWlpaWlpaWlpaWlpaWlpaWlpaWlpaWlpaWlpaWlpaWlpaWlpaWlpaWlpaWlpaWlpaWlpaWlpaWlpaWlpaWlpaWlpaWlpaWlpaWlpaWl
paWlpaWlpaWlpaWlpaWlpaWlpaWlpaWlpaWlpaWlpaWlpaWlpaWlpaWlpaWlpaWlpaWlpaWlpaWlpaWlpaWlpaWlpaWlpaWlpaWlpaWl
paWlpaWlpaWlpaWlpaWlpaWlpaWlpaWlpaWlpaWlpaWlpaWlpaWlpaWlpaWlpaWlpaWlpaWlpaWlpaWlpaWlpaWlpaWlpaWlpaWlpaWl
paWlpaWlpaWlpaWlpaWlpaWlpaWlpaWlpaWlpaWlpaWlpaWlpaWlpaWlpaWlpaWlpaWlpaWlpaWlpaWlpaWlpaWlpaWlpaWlpaWlpaWl
paWlpaWlpaWlpaWlpaWlpaWlpaWlpaWlpaWlpaWlpaWlpaWlpaWlpaWlpaWlpaWlpaWlpaWlpaWlpaWlpaWlpaWlpaWlpaWlpaWlpaWl
paWlpaWlpaWlpaWlpaWlpaWlpaWlpaWlpaWlpaWlpaWlpaWlpaWlpaWlpaWlpaWlpaWlpaWlpaWlpaWlpaWlpaWlpaWlpaWlpaWlpaWl
paWlpaWlpaWlpaWlpaWlpaWlpaWlpaWlpaWlpaWlpaWlpaWlpaWlpaWlpaWlpaWlpaWlpaWlpaWlpaWlpaWlpaWlpaWlpaWlpaWlpaWl
paWlpaWlpaWlpaWlpaWlpaWlpaWlpaWlpaWlpaWlpaWlpaWlpaWlpaWlpaWlpaWlpaWlpaWlpaWlpaWlpaWlpaWlpaWlpaWlpaWlpaWl
paWlpaWlpaWlpaWlpaWlpaWlpaWlpaWlpaWlpaWlpaWlpaWlpaWlpaWlpaWlpaWlpaWlpaWlpaWlpaWlpaWlpaWlpaWlpaWlpaWlpaWl
paWlpaWlpaWlpaWlpaWlpaWlpaWlpaWlpaWlpaWlpaWlpaWlpaWlpaWlpaWlpaWlpaWlpaWlpaWlpaWlpaWlpaWlpaWlpaWlpaWlpaWl
paWlpaWlpaWlpaWlpaWlpaWlpaWlpaWlpaWlpaWlpaWlpaWlpaWlpaWlpaWlpaWlpaWlpaWlpaWlpaWlpaWlpaWlpaWlpaWlpaWlpaWl
paWlpaWlpaWlpaWlpaWlpaWlpaWlpaWlpaWlpaWlpaWlpaWlpaWlpaWlpaWlpaWlpaWlpaWlpaWlpaWlpaWlpaWlpaWlpaWlpaWlpaWl
paWlpaWlpaWlpaWlpaWlpaWlpaWlpaWlpaWlpaWlpaWlpaWlpaWlpaWlpaWlpaWlpaWlpaWlpaWlpaWlpaWlpaWlpaWlpaWlpaWlpaWl
paWlpaWlpaWlpaWlpaWlpaWlpaWlpaWlpaWlpaWlpaWlpaWlpaWlpaWlpaWlpaWlpaWlpaWlpaWlpaWlpaWlpaWlpaWlpaWlpaWlpaWl
paWlpaWlpaWlpaWlpaWlpaWlpaWlpaWlpaWlpaWlpaWlpaWlpaWlpaWlpaWlpaWlpaWlpaWlpaWlpaWlpaWlpaWlpaWlpaWlpaWlpaWl
paWlpaWlpaWlpaWlpaWlpaWlpaWlpaWlpaWlpaWlpaWlpaWlpaWlpaWlpaWlpaWlpaWlpaWlpaWlpaWlpaWlpaWlpaWlpaWlpaWlpaWl
paWlpaWlpaWlpaWlpaWlpaWlpaWlpaWlpaWlpaWlpaWlpaWlpaWlpaWlpaWlpaWlpaWlpaWlpaWlpaWlpaWlpaWlpaWlpaWlpaWlpaWl
paWlpaWlpaWlpaWlpaWlpaWlpaWlpaWlpaWlpaWlpaWlpaWlpaWlpaWlpaWlpaWlpaWlpaWlpaWlpaWlpaWlpaWlpaWlpaWlpaWlpaWl
paWlpaWlpaWlpaWlpaWlpaWlpaWlpaWlpaWlpaWlpaWlpaWlpaWlpaWlpaWlpaWlpaWlpaWlpaWlpaWlpaWlpaWlpaWlpaWlpaWlpaWl
paWlpaWlpaWlpaWlpaWlpaWlpaWlpaWlpaWlpaWlpaWlpaWlpaWlpaWlpaWlpaWlpaWlpaWlpaWlpaWlpaWlpaWlpaWlpaWlpaWlpaWl
paWlpaWlpaWlpaWlpaWlpaWlpaWlpaWlpaWlpaWlpaWlpaWlpaWlpaWlpaWlpaWlpaWlpaWlpaWlpaWlpaWlpaWlpaWlpaWlpaWlpaWl
paWlpaWlpaWlpaWlpaWlpaWlpaWlpaWlpaWlpaWlpaWlpaWlpaWlpaWlpaWlpaWlpaWlpaWlpaWlpaWlpaWlpaWlpaWlpaWlpaWlpaWl
paWlpaWlpaWlpaWlpaWlpaWlpaWlpaWlpaWlpaWlpaWlpaWlpaWlpaWlpaWlpaWlpaWlpaWlpaWlpaWlpaWlpaWlpaWlpaWlpaWlpaWl
paWlpaWlpaWlpaWlpaWlpaWlpaWlpaWlpaWlpaWlpaWlpaWlpaWlpaWlpaWlpaWlpaWlpaWlpaWlpaWlpaWlpaWlpaWlpaWlpaWlpaWl
paWlpaWlpaWlpaWlpaWlpaWlpaWlpaWlpaWlpaWlpaWlpaWlpaWlpaWlpaWlpaWlpaWlpaWlpaWlpaWlpaWlpaWlpaWlpaWlpaWlpaWl
paWlpaWlpaWlpaWlpaWlpaWlpaWlpaWlpaWlpaWlpaWlpaWlpaWlpaWlpaWlpaWlpaWlpaWlpaWlpaWlpaWlpaWlpaWlpaWlpaWlpaWl
paWlpaWlpaWlpaWlpaWlpaWlpaWlpaWlpaWlpaWlpaWlpaWlpaWlpaWlpaWlpaWlpaWlpaWlpaWlpaWlpaWlpaWlpaWlpaWlpaWlpaWl
paWlpaWlpaWlpaWlpaWlpaWlpaWlpaWlpaWlpaWlpaWlpaWlpaWlpaWlpaWlpaWlpaWlpaWlpaWlpaWlpaWlpaWlpaWlpaWlpaWlpaWl
paWlpaWlpaWlpaWlpaWlpaWlpaWlpaWlpaWlpaWlpaWlpaWlpaWlpaWlpaWlpaWlpaWlpaWlpaWlpaWlpaWlpaWlpaWlpaWlpaWlpaWl
paWlpaWlpaWlpaWlpaWlpaWlpaWlpaWlpaWlpaWlpaWlpaWlpaWlpaWlpaWlpaWlpaWlpaWlpaWlpaWlpaWlpaWlpaWlpaWlpaWlpaWl
paWlpaWlpaWlpaWlpaWlpaWlpaWlpaWlpaWlpaWlpaWlpaWlpaWlpaWlpaWlpaWlpaWlpaWlpaWlpaWlpaWlpaWlpaWlpaWlpaWlpaWl
paWlpaWlpaWlpaWlpaWlpaWlpaWlpaWlpaWlpaWlpaWlpaWlpaWlpaWlpaWlpaWlpaWlpaWlpaWlpaWlpaWlpaWlpaWlpaWlpaWlpaWl
paWlpaWlpaWlpaWlpaWlpaWlpaWlpaWlpaWlpaWlpaWlpaWlpaWlpaWlpaWlpaWlpaWlpaWlpaWlpaWlpaWlpaWlpaWlpaWlpaWlpaWl
paWlpaWlpaWlpaWlpaWlpaWlpaWlpaWlpaWlpaWlpaWlpaWlpaWlpaWlpaWlpaWlpaWlpaWlpaWlpaWlpaWlpaWlpaWlpaWlpaWlpaWl
paWlpaWlpaWlpaWlpaWlpaWlpaWlpaWlpaWlpaWlpaWlpaWlpaWlpaWlpaWlpaWlpaWlpaWlpaWlpaWlpaWlpaWlpaWlpaWlpaWlpaWl
paWlpaWlpaWlpaWlpaWlpaWlpaWlpaWlpaWlpaWlpaWlpaWlpaWlpaWlpaWlpaWlpaWlpaWlpaWlpaWlpaWlpaWlpaWlpaWlpaWlpaWl
paWlpaWlpaWlpaWlpaWlpaWlpaWlpaWlpaWlpaWlpaWlpaWlpaWlpaWlpaWlpaWlpaWlpaWlpaWlpaWlpaWlpaWlpaWlpaWlpaWlpaWl
paWlpaWlpaWlpaWlpaWlpaWlpaWlpaWlpaWlpaWlpaWlpaWlpaWlpaWlpaWlpaWlpaWlpaWlpaWlpaWlpaWlpaWlpaWlpaWlpaWlpaWl
paWlpaWlpaWlpaWlpaWlpaWlpaWlpaWlpaWlpaWlpaWlpaWlpaWlpaWlpaWlpaWlpaWlpaWlpaWlpaWlpaWlpaWlpaWlpaWlpaWlpaWl
paWlpaWlpaWlpaWlpaWlpaWlpaWlpaWlpaWlpaWlpaWlpaWlpaWlpaWlpaWlpaWlpaWlpaWlpaWlpaWlpaWlpaWlpaWlpaWlpaWlpaWl
paWlpaWlpaWlpaWlpaWlpaWlpaWlpaWlpaWlpaWlpaWlpaWlpaWlpaWlpaWlpaWlpaWlpaWlpaWlpaWlpaWlpaWlpaWlpaWlpaWlpaWl
paWlpaWlpaWlpaWlpaWlpaWlpaWlpaWlpaWlpaWlpaWlpaWlpaWlpaWlpaWlpaWlpaWlpaWlpaWlpaWlpaWlpaWlpaWlpaWlpaWlpaWl
paWlpaWlpaWlpaWlpaWlpaWlpaWlpaWlpaWlpaWlpaWlpaWlpaWlpaWlpaWlpaWlpaWlpaWlpaWlpaWlpaWlpaWlpaWlpaWlpaWlpaWl
paWlpaWlpaWlpaWlpaWlpaWlpaWlpaWlpaWlpaWlpaWlpaWlpaWlpaWlpaWlpaWlpaWlpaWlpaWlpaWlpaWlpaWlpaWlpaWlpaWlpaWl
paWlpaWlpaWlpaWlpaWlpaWlpaWlpaWlpaWlpaWlpaWlpaWlpaWlpaWlpaWlpaWlpaWlpaWlpaWlpaWlpaWlpaWlpaWlpaWlpaWlpaWl
paWlpaWlpaWlpaWlpaWlpaWlpaWlpaWlpaWlpaWlpaWlpaWlpaWlpaWlpaWlpaWlpaWlpaWlpaWlpaWlpaWlpaWlpaWlpaWlpaWlpaWl
paWlpaWlpaWlpaWlpaWlpaWlpaWlpaWlpaWlpaWlpaWlpaWlpaWlpaWlpaWlpaWlpaWlpaWlpaWlpaWlpaWlpaWlpaWlpaWlpaWlpaWl
paWlpaWlpaWlpaWlpaWlpaWlpaWlpaWlpaWlpaWlpaWlpaWlpaWlpaWlpaWlpaWlpaWlpaWlpaWlpaWlpaWlpaWlpaWlpaWlpaWlpaWl
paWlpaWlpaWlpaWlpaWlpaWlpaWlpaWlpaWlpaWlpaWlpaWlpaWlpaWlpaWlpaWlpaWlpaWlpaWlpaWlpaWlpaWlpaWlpaWlpaWlpaWl
paWlpaWlpaWlpaWlpaWlpaWlpaWlpaWlpaWlpaWlpaWlpaWlpaWlpaWlpaWlpaWlpaWlpaWlpaWlpaWlpaWlpaWlpaWlpaWlpaWlpaWl
paWlpaWlpaWlpaWlpaWlpaWlpaWlpaWlpaWlpaWlpaWlpaWlpaWlpaWlpaWlpaWlpaWlpaWlpaWlpaWlpaWlpaWlpaWlpaWlpaWlpaWl
paWlpaWlpaWlpaWlpaWlpaWlpaWlpaWlpaWlpaWlpaWlpaWlpaWlpaWlpaWlpaWlpaWlpaWlpaWlpaWlpaWlpaWlpaWlpaWlpaWlpaWl
paWlpaWlpaWlpaWlpaWlpaWlpaWlpaWlpaWlpaWlpaWlpaWlpaWlpaWlpaWlpaWlpaWlpaWlpaWlpaWlpaWlpaWlpaWlpaWlpaWlpaWl
paWlpaWlpaWlpaWlpaWlpaWlpaWlpaWlpaWlpaWlpaWlpaWlpaWlpaWlpaWlpaWlpaWlpaWlpaWlpaWlpaWlpaWlpaWlpaWlpaWlpaWl
paWlpaWlpaWlpaWlpaWlpaWlpaWlpaWlpaWlpaWlpaWlpaWlpaWlpaWlpaWlpaWlpaWlpaWlpaWlpaWlpaWlpaWlpaWlpaWlpaWlpaWl
paWlpaWlpaWlpaWlpaWlpaWlpaWlpaWlpaWlpaWlpaWlpaWlpaWlpaWlpaWlpaWlpaWlpaWlpaWlpaWlpaWlpaWlpaWlpaWlpaWlpaWl
paWlpaWlpaWlpaWlpaWlpaWlpaWlpaWlpaWlpaWlpaWlpaWlpaWlpaWlpaWlpaWlpaWlpaWlpaWlpaWlpaWlpaWlpaWlpaWlpaWlpaWl
paWlpaWlpaWlpaWlpaWlpaWlpaWlpaWlpaWlpaWlpaWlpaWlpaWlpaWlpaWlpaWlpaWlpaWlpaWlpaWlpaWlpaWlpaWlpaWlpaWlpaWl
paWlpaWlpaWlpaWlpaWlpaWlpaWlpaWlpaWlpaWlpaWlpaWlpaWlpaWlpaWlpaWlpaWlpaWlpaWlpaWlpaWlpaWlpaWlpaWlpaWlpaWl
paWlpaWlpaWlpaWlpaWlpaWlpaWlpaWlpaWlpaWlpaWlpaWlpaWlpaWlpaWlpaWlpaWlpaWlpaWlpaWlpaWlpaWlpaWlpaWlpaWlpaWl
paWlpaWlpaWlpaWlpaWlpaWlpaWlpaWlpaWlpaWlpaWlpaWlpaWlpaWlpaWlpaWlpaWlpaWlpaWlpaWlpaWlpaWlpaWlpaWlpaWlpaWl
paWlpaWlpaWlpaWlpaWlpaWlpaWlpaWlpaWlpaWlpaWlpaWlpaWlpaWlpaWlpaWlpaWlpaWlpaWlpaWlpaWlpaWlpaWlpaWlpaWlpaWl
paWlpaWlpaWlpaWlpaWlpaWlpaWlpaWlpaWlpaWlpaWlpaWlpaWlpaWlpaWlpaWlpaWlpaWlpaWlpaWlpaWlpaWlpaWlpaWlpaWlpaWl
paWlpaWlpaWlpaWlpaWlpaWlpaWlpaWlpaWlpaWlpaWlpaWlpaWlpaWlpaWlpaWlpaWlpaWlpaWlpaWlpaWlpaWlpaWlpaWlpaWlpaWl
paWlpaWlpaWlpaWlpaWlpaWlpaWlpaWlpaWlpaWlpaWlpaWlpaWlpaWlpaWlpaWlpaWlpaWlpaWlpaWlpaWlpaWlpaWlpaWlpaWlpaWl
paWlpaWlpaWlpaWlpaWlpaWlpaWlpaWlpaWlpaWlpaWlpaWlpaWlpaWlpaWlpaWlpaWlpaWlpaWlpaWlpaWlpaWlpaWlpaWlpaWlpaWl
paWlpaWlpaWlpaWlpaWlpaWlpaWlpaWlpaWlpaWlpaWlpaWlpaWlpaWlpaWlpaWlpaWlpaWlpaWlpaWlpaWlpaWlpaWlpaWlpaWlpaWl
paWlpaWlpaWlpaWlpaWlpaWlpaWlpaWlpaWlpaWlpaWlpaWlpaWlpaWlpaWlpaWlpaWlpaWlpaWlpaWlpaWlpaWlpaWlpaWlpaWlpaWl
paWlpaWlpaWlpaWlpaWlpaWlpaWlpaWlpaWlpaWlpaWlpaWlpaWlpaWlpaWlpaWlpaWlpaWlpaWlpaWlpaWlpaWlpaWlpaWlpaWlpaWl
paWlpaWlpaWlpaWlpaWlpaWlpaWlpaWlpaWlpaWlpaWlpaWlpaWlpaWlpaWlpaWlpaWlpaWlpaWlpaWlpaWlpaWlpaWlpaWlpaWlpaWl
paWlpaWlpaWlpaWlpaWlpaWlpaWlpaWlpaWlpaWlpaWlpaWlpaWlpaWlpaWlpaWlpaWlpaWlpaWlpaWlpaWlpaWlpaWlpaWlpaWlpaWl
paWlpaWlpaWlpaWlpaWlpaWlpaWlpaWlpaWlpaWlpaWlpaWlpaWlpaWlpaWlpaWlpaWlpaWlpaWlpaWlpaWlpaWlpaWlpaWlpaWlpaWl
paWlpaWlpaWlpaWlpaWlpaWlpaWlpaWlpaWlpaWlpaWlpaWlpaWlpaWlpaWlpaWlpaWlpaWlpaWlpaWlpaWlpaWlpaWlpaWlpaWlpaWl
paWlpaWlpaWlpaWlpaWlpaWlpaWlpaWlpaWlpaWlpaWlpaWlpaWlpaWlpaWlpaWlpaWlpaWlpaWlpaWlpaWlpaWlpaWlpaWlpaWlpaWl
paWlpaWlpaWlpaWlpaWlpaWlpaWlpaWlpaWlpaWlpaWlpaWlpaWlpaWlpaWlpaWlpaWlpaWlpaWlpaWlpaWlpaWlpaWlpaWlpaWlpaWl
paWlpaWlpaWlpaWlpaWlpaWlpaWlpaWlpaWlpaWlpaWlpaWlpaWlpaWlpaWlpaWlpaWlpaWlpaWlpaWlpaWlpaWlpaWlpaWlpaWlpaWl
paWlpaWlpaWlpaWlpaWlpaWlpaWlpaWlpaWlpaWlpaWlpaWlpaWlpaWlpaWlpaWlpaWlpaWlpaWlpaWlpaWlpaWlpaWlpaWlpaWlpaWl
paWlpaWlpaWlpaWlpaWlpaWlpaWlpaWlpaWlpaWlpaWlpaWlpaWlpaWlpaWlpaWlpaWlpaWlpaWlpaWlpaWlpaWlpaWlpaWlpaWlpaWl
paWlpaWlpaWlpaWlpaWlpaWlpaWlpaWlpaWlpaWlpaWlpaWlpaWlpaWlpaWlpaWlpaWlpaWlpaWlpaWlpaWlpaWlpaWlpaWlpaWlpaWl
paWlpaWlpaWlpaWlpaWlpaWlpaWlpaWlpaWlpaWlpaWlpaWlpaWlpaWlpaWlpaWlpaWlpaWlpaWlpaWlpaWlpaWlpaWlpaWlpaWlpaWl
paWlpaWlpaWlpaWlpaWlpaWlpaWlpaWlpaWlpaWlpaWlpaWlpaWlpaWlpaWlpaWlpaWlpaWlpaWlpaWlpaWlpaWlpaWlpaWlpaWlpaWl
paWlpaWlpaWlpaWlpaWlpaWlpaWlpaWlpaWlpaWlpaWlpaWlpaWlpaWlpaWlpaWlpaWlpaWlpaWlpaWlpaWlpaWlpaWlpaWlpaWlpaWl
paWlpaWlpaWlpaWlpaWlpaWlpaWlpaWlpaWlpaWlpaWlpaWlpaWlpaWlpaWlpaWlpaWlpaWlpaWlpaWlpaWlpaWlpaWlpaWlpaWlpaWl
paWlpaWlpaWlpaWlpaWlpaWlpaWlpaWlpaWlpaWlpaWlpaWlpaWlpaWlpaWlpaWlpaWlpaWlpaWlpaWlpaWlpaWlpaWlpaWlpaWlpaWl
paWlpaWlpaWlpaWlpaWlpaWlpaWlpaWlpaWlpaWlpaWlpaWlpaWlpaWlpaWlpaWlpaWlpaWlpaWlpaWlpaWlpaWlpaWlpaWlpaWlpaWl
paWlpaWlpaWlpaWlpaWlpaWlpaWlpaWlpaWlpaWlpaWlpaWlpaWlpaWlpaWlpaWlpaWlpaWlpaWlpaWlpaWlpaWlpaWlpaWlpaWlpaWl
paWlpaWlpaWlpaWlpaWlpaWlpaWlpaWlpaWlpaWlpaWlpaWlpaWlpaWlpaWlpaWlpaWlpaWlpaWlpaWlpaWlpaWlpaWlpaWlpaWlpaWl
paWlpaWlpaWlpaWlpaWlpaWlpaWlpaWlpaWlpaWlpaWlpaWlpaWlpaWlpaWlpaWlpaWlpaWlpaWlpaWlpaWlpaWlpaWlpaWlpaWlpaWl
paWlpaWlpaWlpaWlpaWlpaWlpaWlpaWlpaWlpaWlpaWlpaWlpaWlpaWlpaWlpaWlpaWlpaWlpaWlpaWlpaWlpaWlpaWlpaWlpaWlpaWl
paWlpaWlpaWlpaWlpaWlpaWlpaWlpaWlpaWlpaWlpaWlpaWlpaWlpaWlpaWlpaWlpaWlpaWlpaWlpaWlpaWlpaWlpaWlpaWlpaWlpaWl
paWlpaWlpaWlpaWlpaWlpaWlpaWlpaWlpaWlpaWlpaWlpaWlpaWlpaWlpaWlpaWlpaWlpaWlpaWlpaWlpaWlpaWlpaWlpaWlpaWlpaWl
paWlpaWlpaWlpaWlpaWlpaWlpaWlpaWlpaWlpaWlpaWlpaWlpaWlpaWlpaWlpaWlpaWlpaWlpaWlpaWlpaWlpaWlpaWlpaWlpaWlpaWl
paWlpaWlpaWlpaWlpaWlpaWlpaWlpaWlpaWlpaWlpaWlpaWlpaWlpaWlpaWlpaWlpaWlpaWlpaWlpaWlpaWlpaWlpaWlpaWlpaWlpaWl
paWlpaWlpaWlpaWlpaWlpaWlpaWlpaWlpaWlpaWlpaWlpaWlpaWlpaWlpaWlpaWlpaWlpaWlpaWlpaWlpaWlpaWlpaWlpaWlpaWlpaWl
paWlpaWlpaWlpaWlpaWlpaWlpaWlpaWlpaWlpaWlpaWlpaWlpaWlpaWlpaWlpaWlpaWlpaWlpaWlpaWlpaWlpaWlpaWlpaWlpaWlpaWl
paWlpaWlpaWlpaWlpaWlpaWlpaWlpaWlpaWlpaWlpaWlpaWlpaWlpaWlpaWlpaWlpaWlpaWlpaWlpaWlpaWlpaWlpaWlpaWlpaWlpaWl
paWlpaWlpaWlpaWlpaWlpaWlpaWlpaWlpaWlpaWlpaWlpaWlpaWlpaWlpaWlpaWlpaWlpaWlpaWlpaWlpaWlpaWlpaWlpaWlpaWlpaWl
paWlpaWlpaWlpaWlpaWlpaWlpaWlpaWlpaWlpaWlpaWlpaWlpaWlpaWlpaWlpaWlpaWlpaWlpaWlpaWlpaWlpaWlpaWlpaWlpaWlpaWl
paWlpaWlpaWlpaWlpaWlpaWlpaWlpaWlpaWlpaWlpaWlpaWlpaWlpaWlpaWlpaWlpaWlpaWlpaWlpaWlpaWlpaWlpaWlpaWlpaWlpaWl
paWlpaWlpaWlpaWlpaWlpaWlpaWlpaWlpaWlpaWlpaWlpaWlpaWlpaWlpaWlpaWlpaWlpaWlpaWlpaWlpaWlpaWlpaWlpaWlpaWlpaWl
paWlpaWlpaWlpaWlpaWlpaWlpaWlpaWlpaWlpaWlpaWlpaWlpaWlpaWlpaWlpaWlpaWlpaWlpaWlpaWlpaWlpaWlpaWlpaWlpaWlpaWl
paWlpaWlpaWlpaWlpaWlpaWlpaWlpaWlpaWlpaWlpaWlpaWlpaWlpaWlpaWlpaWlpaWlpaWlpaWlpaWlpaWlpaWlpaWlpaWlpaWlpaWl
paWlpaWlpaWlpaWlpaWlpaWlpaWlpaWlpaWlpaWlpaWlpaWlpaWlpaWlpaWlpaWlpaWlpaWlpaWlpaWlpaWlpaWlpaWlpaWlpaWlpaWl
paWlpaWlpaWlpaWlpaWlpaWlpaWlpaWlpaWlpaWlpaWlpaWlpaWlpaWlpaWlpaWlpaWlpaWlpaWlpaWlpaWlpaWlpaWlpaWlpaWlpaWl
paWlpaWlpaWlpaWlpaWlpaWlpaWlpaWlpaWlpaWlpaWlpaWlpaWlpaWlpaWlpaWlpaWlpaWlpaWlpaWlpaWlpaWlpaWlpaWlpaWlpaWl
paWlpaWlpaWlpaWlpaWlpaWlpaWlpaWlpaWlpaWlpaWlpaWlpaWlpaWlpaWlpaWlpaWlpaWlpaWlpaWlpaWlpaWlpaWlpaWlpaWlpaWl
paWlpaWlpaWlpaWlpaWlpaWlpaWlpaWlpaWlpaWlpaWlpaWlpaWlpaWlpaWlpaWlpaWlpaWlpaWlpaWlpaWlpaWlpaWlpaWlpaWlpaWl
paWlpaWlpaWlpaWlpaWlpaWlpaWlpaWlpaWlpaWlpaWlpaWlpaWlpaWlpaWlpaWlpaWlpaWlpaWlpaWlpaWlpaWlpaWlpaWlpaWlpaWl
paWlpaWlpaWlpaWlpaWlpaWlpaWlpaWlpaWlpaWlpaWlpaWlpaWlpaWlpaWlpaWlpaWlpaWlpaWlpaWlpaWlpaWlpaWlpaWlpaWlpaWl
paWlpaWlpaWlpaWlpaWlpaWlpaWlpaWlpaWlpaWlpaWlpaWlpaWlpaWlpaWlpaWlpaWlpaWlpaWlpaWlpaWlpaWlpaWlpaWlpaWlpaWl
paWlpaWlpaWlpaWlpaWlpaWlpaWlpaWlpaWlpaWlpaWlpaWlpaWlpaWlpaWlpaWlpaWlpaWlpaWlpaWlpaWlpaWlpaWlpaWlpaWlpaWl
paWlpaWlpaWlpaWlpaWlpaWlpaWlpaWlpaWlpaWlpaWlpaWlpaWlpaWlpaWlpaWlpaWlpaWlpaWlpaWlpaWlpaWlpaWlpaWlpaWlpaWl
paWlpaWlpaWlpaWlpaWlpaWlpaWlpaWlpaWlpaWlpaWlpaWlpaWlpaWlpaWlpaWlpaWlpaWlpaWlpaWlpaWlpaWlpaWlpaWlpaWlpaWl
paWlpaWlpaWlpaWlpaWlpaWlpaWlpaWlpaWlpaWlpaWlpaWlpaWlpaWlpaWlpaWlpaWlpaWlpaWlpaWlpaWlpaWlpaWlpaWlpaWlpaWl
paWlpaWlpaWlpaWlpaWlpaWlpaWlpaWlpaWlpaWlpaWlpaWlpaWlpaWlpaWlpaWlpaWlpaWlpaWlpaWlpaWlpaWlpaWlpaWlpaWlpaWl
paWlpaWlpaWlpaWlpaWlpaWlpaWlpaWlpaWlpaWlpaWlpaWlpaWlpaWlpaWlpaWlpaWlpaWlpaWlpaWlpaWlpaWlpaWlpaWlpaWlpaWl
paWlpaWlpaWlpaWlpaWlpaWlpaWlpaWlpaWlpaWlpaWlpaWlpaWlpaWlpaWlpaWlpaWlpaWlpaWlpaWlpaWlpaWlpaWlpaWlpaWlpaWl
paWlpaWlpaWlpaWlpaWlpaWlpaWlpaWlpaWlpaWlpaWlpaWlpaWlpaWlpaWlpaWlpaWlpaWlpaWlpaWlpaWlpaWlpaWlpaWlpaWlpaWl
paWlpaWlpaWlpaWlpaWlpaWlpaWlpaWlpaWlpaWlpaWlpaWlpaWlpaWlpaWlpaWlpaWlpaWlpaWlpaWlpaWlpaWlpaWlpaWlpaWlpaWl
paWlpaWlpaWlpaWlpaWlpaWlpaWlpaWlpaWlpaWlpaWlpaWlpaWlpaWlpaWlpaWlpaWlpaWlpaWlpaWlpaWlpaWlpaWlpaWlpaWlpaWl
paWlpaWlpaWlpaWlpaWlpaWlpaWlpaWlpaWlpaWlpaWlpaWlpaWlpaWlpaWlpaWlpaWlpaWlpaWlpaWlpaWlpaWlpaWlpaWlpaWlpaWl
paWlpaWlpaWlpaWlpaWlpaWlpaWlpaWlpaWlpaWlpaWlpaWlpaWlpaWlpaWlpaWlpaWlpaWlpaWlpaWlpaWlpaWlpaWlpaWlpaWlpaWl
paWlpaWlpaWlpaWlpaWlpaWlpaWlpaWlpaWlpaWlpaWlpaWlptwKIwAAAAAAAAAAAAAAAMgCCyMAAAAAAAAAAAAAAAAAAAAAAAAAAAAA
AAAAAAAAAAAAAAAAAAAAAAAAAAAAAAAAAAAAAAAAAAAAAAAAAAAAAAAAAAAAAAAAAAAAAAAAAAAAAAAAAAAAAAAAAAAAAAAAAAAAAAAA
AAAAAAAAAAAAAAAAAAAAAAAAAAAAAAAAAAAAAAEAAAD//wAAqAALIwDw//9sAAAA//8AAPDdAELOHgsjAAAAAAAAAAAAAAAAAAAAAAAA
AAAAAAAAAAAAAAAAAAAAAAAAAAAAAAAAAAAAAAAAAAAAAAAAAAAAAAAAAAAAAAAAAAAAAAAAAAAAAAAAAAAAAAAA8N0AQuYCCyMAAAAA
AAAAAAAAAAAAAAAAAAAAAAEAAAAAAAAAAAAAAAAAAAABAAAA//8AAJgoCyMA8P//bAAAAP//AAAAYAJCjGACQgAAAAAAAAhAUUwCQgAA
AAAAAAAAAAAAAAEAAAAIAAAAAQAAAAAACEAbrQwj8N0AQgEAAADw3QBCCGACQlFMAkKdUA4jAAAAAAEGAAABAAAAjGACQgBgAkKYKAsj
AAAAAAAAAAAAAAAAAAAAAAAAAACT7P//bB8MIwAAAABASwJCAAAAAAAAAAAAAAAAjGACQgEAAAAAAAAASEsCQrFMAkKdUA4jAAAAAAEG
AAABAAAA7GACQmBgAkIAAAAAAQAAAPDdAEL/3///AAAAAAAAAACT7P//bB8MIwAAAACgSwJCAAAAAAAAAAAAAAAA7GACQgEAAAAAAAAA
qEsCQhJNAkKdUA4jAAAAAAEGAAABAAAATGECQsBgAkIAAAAApaWlpaWlpaWlpaWlcE0CQgAAAAAAAAAAAAAAAAAAAAAAAAAAAAAAAAAA
AAAbrQwj8N0AQgEAAADw3QBCKGECQnBNAkKdUA4jAAAAAAEGAAABAAAArGECQiBhAkKYKAsjAAAAAAAAAAAAAAAAAAAAAAAAAACS7P//
bB8MIwAAAABgTAJCAAAAAAAAAAAAAAAArGECQgEAAAAAAAAAaEwCQgcAAAAAAADw8N0AQmFOAkIzADEyAAwAAMwMAAAAAAAAAAAAAP//
/38AAAAAAAAAoACgAADw3QBCAAAAAAoAAABgTgJCAAAAAAoAAAD///9/BwAAAP////8AAAAAzMzMDBkAAAAKAAAA////f4B4AIAyAKWl
paWlpaWlpaVkvAwjCgAAAAAAAADw3QBCGGICQgIAAACdUA4jAAAAAJxiAkJgTgJCak4CQhBiAkJQMAsjpaWlpaWlpaWlpaWlpaWlpaWl
paWlpaWlpaWlpZPs//9QTQJCAAAAAAoSCyMKAAAAnGICQgEAAAAAAAAAWE0CQnBNAkIAAAAAChILIwoAAADQYgJCBgAAAAAAAAAAAAAA
paWlpaWlpaWlpaWlpaWlpaWlpaWlpaWlpaWlpQAAAAAApaWlpaWlpaWlpaWlpaWlpaWlpaWlpaWlpaWlpaWlpaWlpaWlpaWlpaWlpaWl
paWlpaWlpaWlpaWlpaWlpaWlpaWlpaWlpaWlpaWlpaWlpaWlpaWlpaWlpaWlpaWlpaWlpaWlpaWlpaWlpaWlpaWlpaWlpaWlpaWlpaWl
paWlpaWlpaWlpaWlpaWlpaWlpaWlpaWlpaWlpaWlpaWlpaWlpaWlpaWlpaWlpaWlpaWlpaWlpaWlpaWlpaWlpaWlpaWlpaWlpaWlpaWl
paWlpaWlpaWlpaWlpaWlpaWlpaWlpaWlpaWlpaWlpaWlpaWlpaUxNzQyMjAzOTM5AKWlpaWlpaWlpaWlpaWlpaWlpaWlpTE5ADUApaWl
paWlpaWlpaWlpaWlpaWlpaWlpaWlpaWlpaWlpaWlpaWlpaWlpaWlpaWlpaWlpaWlpaWlpaWlpaWlpaWlpaWlpaWlpaWlpaWlpaWlpaWl
paWlpaWlpaWlpaWlpaWlpaWlpaWlpaWlpaWlpaWlpaWlpaWlpaWlpaWlpaWlpaWlpaWlpaWlpaWlpaWlpaWlpaWlpaWlpaWlpaWlpaWl
paWlpaWlpaWlpaWlpaWlpaWlpaWlpaWlpaWlpaWlpaWlpaWlpaWlpaWlpaWlpaWlpaWlpaWlpaWlpaWlpaWlpaWlpaWlpaWlpaWlpaWl
paWlpaWlpaWlpaWlpaWlpaWlpaWlpaWlpaWlpaWlpaWlpaWlpaWlpaWlpaWlpaWlpaWlpaWlpaWlpaWlpaWlpaWlpaWlpaWlpaWlpaWl
paWlpaWlpaWlpaWlpaWlpaWlpaWlpaWlpaWlpaWlpaWlpaWlpaWlpaWlpaWlpaWlpaWlpaWlpaWlpaWlpaWlpaWlpaWlpaWlpaWlpaWl
paWlpaWlpaWlpaWlpaWlpaWlpaWlpaWlpaWlpaWlpaWlpaWlpaWlpaWlpaWlpaWlpaWlpaWlpaWlpaWlpaWlpaWlpaWlpaWlpaWlpaWl
paWlpaWlpaWlpaWlpaWlpaWlpaWlpaWlpaWlpaWlpaWlpaWlpaWlpaWlpaWlpaWlpaWlpaWlpaWlpaWlpaWlpaWlpaWlpaWlpaWlpaWl
paWlpaWlpaWlpaWlpaWlpaWlpaWlpaWlpaWlpaWlpaWlpaWlpaWlpaWlpaWlpaWlpaWlpaWlpaWlpaWlpaWlpaWlpaWlpaWlpaWlpaWl
paWlpaWlpaWlpaWlpaWlpaWlpaWlpaWlpaWlpaWlpaWlpaWlpaWlpaWlpaWlpaWlpaWlpaWlpaWlpaWlpaWlpaWlpaWlpaWlpaWlpaWl
paWlpaWlpaWlpaWlpaWlpaWlpaWlpaWlpaWlpaWlpaWlpaWlpaWlpaWlpaWlpaWlpaWlpaWlpaWlpaWlpaWlpaWlpaWlpaWlpaWlpaWl
paWlpaWlpaWlpaWlpaWlpaWlpaWlpaWlpaWlpaWlpaWlpaWlpaWlpaWlpaWlpaWlpaWlpaWlpaWlpaWlpaWlpaWlpaWlpaWlpaWlpaWl
paWlpaWlpaWlpaWlpaWlpaWlpaWlpaWlpaWlpaWlpaWlpaWlpaWlpaWlpaWlpaWlpaWlpaWlpaWlpaWlpaWlpaWlpaWlpaWlpaWlpaWl
paWlpaWlpaWlpaWlpaWlpaWlpaWlpaWlpaWlpaWlpaWlpaWlpaWlpaWlpaWlpaWlpaWlpaWlpaWlpaWlpaWlpaWlpaWlpaWlpaWlpaWl
paWlpaWlpaWlpaWlpaWlpaWlpaWlpaWlpaWlpaWlpaWlpaWlpaWlpaWlpaWlpaWlpaWlpaWlpaWlpaWlpaWlpaWlpaWlpaWlpaWlpaWl
paWlpaWlpaWlpaWlpaWlpaWlpaWlpaWlpaWlpaWlpaWlpaWlpaWlpaWlpaWlpaWlpaWlpaWlpaWlpaWlpaWlpaWlpaWlpaWlpaWlpaWl
paWlpaWlpaWlpaWlpaWlpaWlpaWlpaWlpaWlpaWlpaWlpaWlpaWlpaWlpaWlpaWlpaWlpaWlpaWlpaWlpaWlpaWlpaWlpaWlpaWlpaWl
paWlpaWlpaWlpaWlpaWlpaWlpaWlpaWlpaWlpaWlpaWlpaWlpaWlpaWlpaWlpaWlpaWlpaWlpaWlpaWlpaWlpaWlpaWlpaWlpaWlpaWl
paWlpaWlpaWlpaWlpaWlpaWlpaWlpaWlpaWlpaWlpaWlpaWlpaWlpaWlpaWlpaWlpaWlpaWlpaWlpaWlpaWlpaWlpaWlpaWlpaWlpaWl
paWlpaWlpaWlpaWlpaWlpaWlpaWlpaWlpaWlpaWlpaWlpaWlpaWlpaWlpaWlpaWlpaWlpaWlpaWlpaWlpaWlpaWlpaWlpaWlpaWlpaWl
paWlpaWlpaWlpaWlpaWlpaWlpaWlpaWlpaWlpaWlpaWlpaWlpaWlpaWlpaWlpaWlpaWlpaWlpaWlpaWlpaWlpaWlpaWlpaWlpaWlpaWl
paWlpaWlpaWlpaWlpaWlpaWlpaWlpaWlpaWlpaWlpaWlpaWlpaWlpaWlpaWlpaWlpaWlpaWlpaWlpaWlpaWlpaWlpaWlpaWlpaWlpaWl
paWlpaWlpaWlpaWlpaWlpaWlpaWlpaWlpaWlpaWlpaWlpaWlpaWlpaWlpaWlpaWlpaWlpaWlpaWlpaWlpaWlpaWlpaWlpaWlpaWlpaWl
paWlpaWlpaWlpaWlpaWlpaWlpaWlpaWlpaWlpaWlpaWlpaWlpaWlpaWlpaWlpaWlpaWlpaWlpaWlpaWlpaWlpaWlpaWlpaWlpaWlpaWl
paWlpaWlSIAJIwAAAAAAAAAAAAAAAAAAAAAAAAAAAAAAAAAAAAAAAAAAAAAAAAAAAAAAAAAAAAAAAAAAAAAAAAAAAAAAAAAAAAAAAAAA
AAAAAAAAAAAAAAAAAAAAAAAAAAAAAAAAAAAAAAAAAAAAAAAAAAAAAAAAAAAAAAAAAAAAAAAAAAAAAAAAAQAAAKWlpaVUjQkjCuwKI5BY
AkJyd/ZfyFkCQtBaAkIAAAAAgBAJA7ZLGZUgTEAAv1yljCBIQAAIVwJCONfN6RhaAkKAAAAAAAAAAJBWAkI/AAAAAQAAANhZAkIYWgJC
TGMCQqWlpaUAAAAAAAAAgLhTJEuwccUigHgAgAAAAAAAAAAAAAAAAAAAAAAAAAAAAAAAAAAAAAAAAAAAAAAAAAAAAAAAAAAAAAAAAAAA
AAAAAAAAAAAAAAAAAAAAAAAAAAAAAAAAAAAAAAAAAAAAAAAAAAAAAAAAAAAAAAAAAAAAAAAAAAAAAAAAAAAAAAAAAAAAAAAAAAAAAAAA
AAAAAAAAAAAAAAAAAAAAAAAAAAAAAAAAAAAAAAAAAAAAAAAAAAAAAAAAAAAAAAAAAAAAAAAAAAAAAAAAAAAAAAAAAAAAAAAAAAAAAAAA
AAAAAAAAAAAAAAAAAAAAAAAAAAAAAAAAAAAAAAAAAAAAAAAAAAAAAAAAAAAAAAAAAAAAAAAAAAAAAAAAAAAAAAAAAAAAAAAAAAAAAAAA
AAAAAAAAAAAAAAAAAAAAAAAAAAAAAAAAAAAAAAAAAAAAAAAAAAAAAAAAAAAAAAAAAAAAAAAAAAAAAAAAAAAAAAAAAAAAAAAAAAAAAAAA
AAAAAAAAAAAAAAAAAAAAAAAAAAAAAAAAAAAAAAAAAAAAAAAAAAAAAAAAAAAAAAAAAAAAAAAAAAAAAAAAAAAAAAAAAAAAAAAAAAAAAAAA
AAAAAAAAAAAAAAAAAAAAAAAAAAAAAAAAAAAAAAAAAAAAAAAAAAAAAAAAAAAAAAAAAAAAAAAAAAAAAAAAAAAAAAAAAAAAAAAAAAAAAAAA
AAAAAAAAAAAAAAAAAAAAAAAAAAAAAAAAAAAAAAAAAAAAAAAAAAAAAAAAAAAAAAAAAAAAAAAAAAAAAAAAAAAAAAAAAAAAAAAAAAAAAAAA
AAAAAAAAAAAAAAAAAAAAAAAAAAAAAAAAAAAAAAAAAAAAAAAAAAAAAAAAAAAAAAAAAAAAAAAAAAAAAAAAAAAAAAAAAAAAAAAAAAAAAAAA
AAAAAAAAAAAAAAAAAAAAAAAAAAAAAAAAAAAAAAAAAAAAAAAAAAAAAAAAAAAAAAAAAAAAAAAAAAAAAAAAAAAAAAAAAAAAAAAAAAAAAAAA
AAAAAAAAAAAAAAAAAAAAAAAAAAAAAAAAAAAAAAAAAAAAAAAAAAAAADRaAkI0WgJCAAAAAAAAAABEWgJC7BsKIwAAAAAAAAAAAAAAADRa
AkIAAAAAcFwCQgAAAABEGQkjphILIwAAAAAAAAAAAAAAAAAAAAAAAAAAAAAAAAAAAAAAAAAAAAAAAAAAAAAAAAAAAAAAAAAAAAAAAAAA
AAAAAAAAAAAAAAAAAAAAAAAAAAAAAAAAAAAAAAAAAAAAAAAAAAAAAAAAAAAAAAAAAAAAAAAAAAAAAAAAAAAAAAAAAAAAAAAAAQAAAAAA
AADm9AojAAAAAAAAAAD//wAAGK0MIwEAAADw3QBCCGACQhitDCOIYAJCBAAAAP////8AAAAAIF8CQgAAAAAAAAhAOgAAACwAAAAKAAAA
BAAAAAAAAAApAAAApaWlpQDADCMAAAAAAAAAAABpAAAAAACWgHgAgAAAAAAAAAAAAAAAAAAAAAAAAAAAAAAAAAAAAAAAAAAAAAAAAAAA
AAAAAAAAAAAAAAAAAAAAAAAAAAAAAAAAAAAAAAAAAAAAAAAAAAAAAAAAAAAAAAAAAACQWwJCUF4CQgAAAAAAAAAAcF4CQuwbCiMAAAAA
AAAAAAAAAAC2GwojAAAAAFBeAkIAAAAAUBoJIwAAAAAAAAAAAAAAAAAAAAAAAAAAAAAAAAAAAAAAAAAAtrMDIwAAAAAAAAAAAAAAAAAA
AAAAAAAAAAAAAAAAAAAAAAAAAAAAAAAAAAAAAAAAAAAAAAAAAAAAAAAAAAAAAAAAAAAAAAAAAAAAAAAAAAAAAAAAAAAAAAAAAAAAAAAA
AAAAAAAAAAAAAAAABgAAAAMAAAD8XQJCkOwAQigAAICA4AAA+DUDQvA1A0IGAAAAAwAAAPxdAkKQ7ABCGAAAgGjgAAAYNQNCEDUDQuiM
ACMAQABAAAAAAFBfAkIgAAAAAQAAAAEAAAAUXgJCMvMJI3ZsACMAAAAAAAAAAAAAAAAAAAAAAAAAAAAAAAAAAAAAAAAAAAAAAAAAAAAA
AAAAAAAAAAAAAAAAAAAAAAAAAAAAAAAAAAAAAAAAAAAAAAAAAAAAAAAAAAAAAAAAAAAAAAAAAAAAAAAAAAAAAAAAAAAAAAAAAAAAAAAA
AAAAAAAAAAAAAAEAAAAAAAAApFsAIwrsCiMPAAAAC+VLdSQFAUJ0XwJCAAAAAAAAAAAAAAAAAAAAAOBkAkIA8ABCadn5+hg2A0IAAAAA
UF8CQgAAAABYLwNCiC8DQgEAAAAAEA4jbGMCQgEAAAAkBQFCAQAAAIgvA0JYLwNCkOwAQigAAIDCxQojAAAAAAAAAAAAAAAAAAAAAAAA
AAAAAAAAAAAAAAAAAAAAAAAAAAAAAAAAAAAAAAAAAAAAAAAAAAAAAAAAAAAAAAAAAAAAAAAAAAAAAAAAAAAAAAAAAAAAAAAAAAAAAAAA
AAAAAAAAAAAAAAAAAAAAAAAAAAAAAAAAAAAAAAAAAAABAAAAAAAAAFoSACMAAAAAAAAAAP//AAAAAKAAAAAAAACgAAAEAAAAAAAAAAAA
AAAAAAAAAAAAAAAAAKAGBAAAAAAAAAAAAAAAAAAAAAAAAAcAAAAAgHgAAAAAAAAAAAAAAAAAACBuQAAAAAAAAAAA4JIAAAAAADOAeACA
AAAAAK9fAkIBAAAAAAAkQG9fAkIIXwJCsF8CQgAAAAAAAAAAYF8CQm9fAkJKEwAjuB6F61G4nj8AAAAAAQAAAAAAAAAAAAAAAAAAAAAA
AAAAAAgAAAAAACAAAAAAAAAAAAAIQA8AAAAPAAAAxGACQmcAAAACAAAAAAAAACAAAAAAAAAADgAAAAEAAACIFQAjrBwAIwAAAAAAAAAA
AAAAAAAAAAAAAAAAAQAAAAAAAAAzAAAAAAAAAAAAAAAAAAAAAAAAAAAAAAAAAAAAAAAAAAAAAAAAAAAAAAAAAAAAAAAAAAAAAAAAAAAA
AAAAAAAAVPkKIwAAAAAAAAAAAAAAAAAAAAAAAAAAAAAAAAAAAAAAAAAAAAAAAAAAAAAAAAAAAAAAAAAAAAAAAAAACKELIwIAAACG+QBC
AAAAAAAAAAAAAAAAAAAAAAAAAAAooAsjAAAAAP////+G+QBCAQAAAAAAAABU+QBCmGACQuABAAAyAAAAFJ8LI7K+CyMIGgAjqKoBQmAA
AAALAAAAAAAAAPSgCyMMnwsjbLsLI5BgAkIbAAAAYAAAAPDdAEIC7AQjcWICQohhAkKIYQJCpaWlpaWlpaUUAAAAAAAAAIyaCyMAYQJC
APAAQgBAAUIAwAsjAMALIwsAAACK+QBCIh0AIwAAAAAIAAAAiGECQvr7ACNIYgJC9FsOIwAAAACEYAJCAAAAADB4AACIYQJCwJkAIwDA
CyMkwAsjEQ4CAAEBACPKAAAA+MALIzCLAULImwAjpaWlpYioAULMYwJCbGMCQgEAAADAewNCAAAAAAAACEAsAAAAMwAxMgAAAAARAAAA
paWlpSkAAAAAgAwjAQAAAGxjAkLMYwJCiKgBQhi5AUIAEA0jWEABQjBiAkJ0hwAjkJoLIwAAAAAAAAAAAAAAAAAAAAAAAAAAAAAAAAAA
AAAAAAAAAAAAAAAAAAAAAAAAAAAAAAAAAAAAAAAAAAAAAAAAAAAAAAAAAAAAAAAAAAAAAAAAAAAAAAAAAAAAAAAAAAAAAAAAAAAAAAAA
AAAAAAAAAAAAAAAAAAAAAAAAAAAAAAAAAQAAAACADCOAmgsjCuwKIw8AAAD//wAAMGICQlhAAUJYQAFCAAAAAAQAAAA27AojAAAAAAAA
AAAGAAAAqQAAAAAQDSMYuQFCiKgBQsxjAkJsYwJCAQAAAACADCMUAAAApaWlpaWlpaUDAAAAAAAAAAAAAAAJwdFXgHgAgGxjAkLMYwJC
MGICQoCaCyOo4AAAoKwBQpisAULojAAjABANI/EAAACgrAFCiuEKIwAQDSPxAAAA8N0AQuDrBCMpAAAAAAAAAIipAUJsAgYjAAAAAAEA
AAABAAAAFAAAAKWlpaWlpaWlkOwAQjAAAIAAAAAAAAAAAAAAAAAAAAAAAAAAAAAAAAAAAAAAAAAAAAAAAAAAAAAAAAAAAAAAAAClpaWl
paWlpaWlpaUJAAAApaWlpaWlpaWlpaWlWKgBQgAAAAAYuQFCEKgBQkx7BSM+AAAAAAAAAAAAAAAAAAAAAAAAAAAAAAAAAAAAAAAAAAAA
AAAAAAAAAAAAAAAAAAAAAAAAAAAAAAAAAAAAAAAAAAAAAAAAAAAAAAAAAAAAAAkAAAAAAAAAAAAAAAAAAAAAAAAAAAAAAAAAAAAAAAAA
AAAAAAEAAAAIZAJCUJEAIyAAAAAAAABQ//8AAAAAAABbAAAAFOgAQlsAAAAAAAAAuo8AIwAAAAAAAAAAAAAAAASLACMAAAAAAAAAAAAA
AAAAAAAAAAAAAAAAAAAAAAAAAAAAAAAAAAAAAAAAAAAAAAAAAAAAAAAAAAAAAAAAAAAAAAAAAAAAAAAAAAAAAAAAAAAAAAAAAAAAAAAA
AAAAAAAAAAAAAAAAAAAAAAAAAAAAAAAAAAAAAAAAAAAAAAAAAAAAAAEAAAD//wAAlisEIyAAAAAPAAAA//8AAAMAAAAAAAAAAQAAALAT
AkKuWAAjAAAAAP////+wEwJCPFwAI3ioAUJYFAJC/////wAAAAABAAAApaWlpaWlpaWlpaWlpaWlpaWlpaWlpaWlpaWlpaWlpaWlpaWl
paWlpaWlpaUAgAwjGLkBQhCoAULu5AUjCQAAAAAAAAAAAAAAAAAAAACADCMAoAwjGLkBQnwGBSOlpaWlEKgBQq7kBSMAAAAApaWlpaWl
paWlpaWlAAAAAKWlpaWlpaWlAAAAAGgAAIAAYQJC8hoCAAz/AEIM/wBC4GQCQgT/AEIcAAAAZBQCQmQUAkLgZAJCAAAAAAQAAADYFAJC
aW90LXRhc2sAwY1ZUKlkAAAAAAAIAAAAyabfowQAAAAAAAAAAAAAAAAAv90AAAAAOAAAgIBlAkIAAAAAAAAAAEBmAkKa9gAjhPcAI1D3
ACO+9gAjAAAAAFzzACNc8wAjfjbn/QAAAAAgAACAsGUCQqBlAkIwZgJCNvcAI0hlAkIYuQFCAAAAABAAAIBtYWluAHN0ZAAAAAAQAACA
c3dpdGNoAC4AAAAAEAAAgIBlAkIAAAAAAAAAABgAAIDoZQJC/PcAI0hlAkIAAAAAAAAAABAAAIBvbgAAAAAAAAAAAAAQAACA0GUCQgAA
AAAAAAAAGAAAgCBmAkK49wAjSGUCQoL535QAAAAAEAAAgG9mZgB3uzP5AAAAABAAAIAIZgJC+GUCQgAAAAAQAACAb24Ajzk0Q5QAAAAA
CEAAgKWlpaWlpaWlpaWlpaWlpaWlpaWlpaWlpaWlpaWlpaWlpaWlpaWlpaWlpaWlpaWlpaWlpaWlpaWlpaWlpaWlpaWlpaWlpaWlpaWl
paWlpaWlpaWlpaWlpaWlpaWlpaWlpaWlpaWlpaWlpaWlpaWlpaWlpaWlpaWlpaWlpaWlpaWlpaWlpaWlpaWlpaWlpaWlpaWlpaWlpaWl
paWlpaWlpaWlpaWlpaWlpaWlpaWlpaWlpaWlpaWlpaWlpaWlpaWlpaWlpaWlpaWlpaWlpaWlpaWlpaWlpaWlpaWlpaWlpaWlpaWlpaWl
paWlpaWlpaWlpaWlpaWlpaWlpaWlpaWlpaWlpaWlpaWlpaWlpaWlpaWlpaWlpaWlpaWlpaWlpaWlpaWlpaWlpaWlpaWlpaWlpaWlpaWl
paWlpaWlpaWlpaWlpaWlpaWlpaWlpaWlpaWlpaWlpaWlpaWlpaWlpaWlpaWlpaWlpaWlpaWlpaWlpaWlpaWlpaWlpaWlpaWlpaWlpaWl
paWlpaWlpaWlpaWlpaWlpaWlpaWlpaWlpaWlpaWlpaWlpaWlpaWlpaWlpaWlpaWlpaWlpaWlpaWlpaWlpaWlpaWlpaWlpaWlpaWlpaWl
paWlpaWlpaWlpaWlpaWlpaWlpaWlpaWlpaWlpaWlpaWlpaWlpaWlpaWlpaWlpaWlpaWlpaWlpaWlpaWlpaWlpaWlpaWlpaWlpaWlpaWl
paWlpaWlpaWlpaWlpaWlpaWlpaWlpaWlpaWlpaWlpaWlpaWlpaWlpaWlpaWlpaWlpaWlpaWlpaWlpaWlpaWlpaWlpaWlpaWlpaWlpaWl
paWlpaWlpaWlpaWlpaWlpaWlpaWlpaWlpaWlpaWlpaWlpaWlpaWlpaWlpaWlpaWlpaWlpaWlpaWlpaWlpaWlpaWlpaWlpaWlpaWlpaWl
paWlpaWlpaWlpaWlpaWlpaWlpaWlpaWlpaWlpaWlpaWlpaWlpaWlpaWlpaWlpaWlpaWlpaWlpaWlpaWlpaWlpaWlpaWlpaWlpaWlpaWl
paWlpaWlpaWlpaWlpaWlpaWlpaWlpaWlpaWlpaWlpaWlpaWlpaWlpaWlpaWlpaWlpaWlpaWlpaWlpaWlpaWlpaWlpaWlpaWlpaWlpaWl
paWlpaWlpaWlpaWlpaWlpaWlpaWlpaWlpaWlpaWlpaWlpaWlpaWlpaWlpaWlpaWlpaWlpaWlpaWlpaWlpaWlpaWlpaWlpaWlpaWlpaWl
paWlpaWlpaWlpaWlpaWlpaWlpaWlpaWlpaWlpaWlpaWlpaWlpaWlpaWlpaWlpaWlpaWlpaWlpaWlpaWlpaWlpaWlpaWlpaWlpaWlpaWl
paWlpaWlpaWlpaWlpaWlpaWlpaWlpaWlpaWlpaWlpaWlpaWlpaWlpaWlpaWlpaWlpaWlpaWlpaWlpaWlpaWlpaWlpaWlpaWlpaWlpaWl
paWlpaWlpaWlpaWlpaWlpaWlpaWlpaWlpaWlpaWlpaWlpaWlpaWlpaWlpaWlpaWlpaWlpaWlpaWlpaWlpaWlpaWlpaWlpaWlpaWlpaWl
paWlpaWlpaWlpaWlpaWlpaWlpaWlpaWlpaWlpaWlpaWlpaWlpaWlpaWlpaWlpaWlpaWlpaWlpaWlpaWlpaWlpaWlpaWlpaWlpaWlpaWl
paWlpaWlpaWlpaWlpaWlpaWlpaWlpaWlpaWlpaWlpaWlpaWlpaWlpaWlpaWlpaWlpaWlpaWlpaWlpaWlpaWlpaWlpaWlpaWlpaWlpaWl
paWlpaWlpaWlpaWlpaWlpaWlpaWlpaWlpaWlpaWlpaWlpaWlpaWlpaWlpaWlpaWlpaWlpaWlpaWlpaWlpaWlpaWlpaWlpaWlpaWlpaWl
paWlpaWlpaWlpaWlpaWlpaWlpaWlpaWlpaWlpaWlpaWlpaWlpaWlpaWlpaWlpaWlpaWlpaWlpaWlpaWlpaWlpaWlpaWlpaWlpaWlpaWl
paWlpaWlpaWlpaWlpaWlpaWlpaWlpaWlpaWlpaWlpaWlpaWlpaWlpaWlpaWlpaWlpaWlpaWlpaWlpaWlpaWlpaWlpaWlpaWlpaWlpaWl
paWlpaWlpaWlpaWlpaWlpaWlpaWlpaWlpaWlpaWlpaWlpaWlpaWlpaWlpaWlpaWlpaWlpaWlpaWlpaWlpaWlpaWlpaWlpaWlpaWlpaWl
paWlpaWlpaWlpaWlpaWlpaWlpaWlpaWlpaWlpaWlpaWlpaWlpaWlpaWlpaWlpaWlpaWlpaWlpaWlpaWlpaWlpaWlpaWlpaWlpaWlpaWl
paWlpaWlpaWlpaWlpaWlpaWlpaWlpaWlpaWlpaWlpaWlpaWlpaWlpaWlpaWlpaWlpaWlpaWlpaWlpaWlpaWlpaWlpaWlpaWlpaWlpaWl
paWlpaWlpaWlpaWlpaWlpaWlpaWlpaWlpaWlpaWlpaWlpaWlpaWlpaWlpaWlpaWlpaWlpaWlpaWlpaWlpaWlpaWlpaWlpaWlpaWlpaWl
paWlpaWlpaWlpaWlpaWlpaWlpaWlpaWlpaWlpaWlpaWlpaWlpaWlpaWlpaWlpaWlpaWlpaWlpaWlpaWlpaWlpaWlpaWlpaWlpaWlpaWl
paWlpaWlpaWlpaWlpaWlpaWlpaWlpaWlpaWlpaWlpaWlpaWlpaWlpaWlpaWlpaWlpaWlpaWlpaWlpaWlpaWlpaWlpaWlpaWlpaWlpaWl
paWlpaWlpaWlpaWlpaWlpaWlpaWlpaWlpaWlpaWlpaWlpaWlpaWlpaWlpaWlpaWlpaWlpaWlpaWlpaWlpaWlpaWlpaWlpaWlpaWlpaWl
paWlpaWlpaWlpaWlpaWlpaWlpaWlpaWlpaWlpaWlpaWlpaWlpaWlpaWlpaWlpaWlpaWlpaWlpaWlpaWlpaWlpaWlpaWlpaWlpaWlpaWl
paWlpaWlpaWlpaWlpaWlpaWlpaWlpaWlpaWlpaWlpaWlpaWlpaWlpaWlpaWlpaWlpaWlpaWlpaWlpaWlpaWlpaWlpaWlpaWlpaWlpaWl
paWlpaWlpaWlpaWlpaWlpaWlpaWlpaWlpaWlpaWlpaWlpaWlpaWlpaWlpaWlpaWlpaWlpaWlpaWlpaWlpaWlpaWlpaWlpaWlpaWlpaWl
paWlpaWlpaWlpaWlpaWlpaWlpaWlpaWlpaWlpaWlpaWlpaWlpaWlpaWlpaWlpaWlpaWlpaWlpaWlpaWlpaWlpaWlpaWlpaWlpaWlpaWl
paWlpaWlpaWlpaWlpaWlpaWlpaWlpaWlpaWlpaWlpaWlpaWlpaWlpaWlpaWlpaWlpaWlpaWlpaWlpaWlpaWlpaWlpaWlpaWlpaWlpaWl
paWlpaWlpaWlpaWlpaWlpaWlpaWlpaWlpaWlpaWlpaWlpaWlpaWlpaWlpaWlpaWlpaWlpaWlpaWlpaWlpaWlpaWlpaWlpaWlpaWlpaWl
paWlpaWlpaWlpaWlpaWlpaWlpaWlpaWlpaWlpaWlpaWlpaWlpaWlpaWlpaWlpaWlpaWlpaWlpaWlpaWlpaWlpaWlpaWlpaWlpaWlpaWl
paWlpaWlpaWlpaWlpaWlpaWlpaWlpaWlpaWlpaWlpaWlpaWlpaWlpaWlpaWlpaWlpaWlpaWlpaWlpaWlpaWlpaWlpaWlpaWlpaWlpaWl
paWlpaWlpaWlpaWlpaWlpaWlpaWlpaWlpaWlpaWlpaWlpaWlpaWlpaWlpaWlpaWlpaWlpaWlpaWlpaWlpaWlpaWlpaWlpaWlpaWlpaWl
paWlpaWlpaWlpaWlpaWlpaWlpaWlpaWlpaWlpaWlpaWlpaWlpaWlpaWlpaWlpaWlpaWlpaWlpaWlpaWlpaWlpaWlpaWlpaWlpaWlpaWl
paWlpaWlpaWlpaWlpaWlpaWlpaWlpaWlpaWlpaWlpaWlpaWlpaWlpaWlpaWlpaWlpaWlpaWlpaWlpaWlpaWlpaWlpaWlpaWlpaWlpaWl
paWlpaWlpaWlpaWlpaWlpaWlpaWlpaWlpaWlpaWlpaWlpaWlpaWlpaWlpaWlpaWlpaWlpaWlpaWlpaWlpaWlpaWlpaWlpaWlpaWlpaWl
paWlpaWlpaWlpaWlpaWlpaWlpaWlpaWlpaWlpaWlpaWlpaWlpaWlpaWlpaWlpaWlpaWlpaWlpaWlpaWlpaWlpaWlpaWlpaWlpaWlpaWl
paWlpaWlpaWlpaWlpaWlpaWlpaWlpaWlpaWlpaWlpaWlpaWlpaWlpaWlpaWlpaWlpaWlpaWlpaWlpaWlpaWlpaWlpaWlpaWlpaWlpaWl
paWlpaWlpaWlpaWlpaWlpaWlpaWlpaWlpaWlpaWlpaWlpaWlpaWlpaWlpaWlpaWlpaWlpaWlpaWlpaWlpaWlpaWlpaWlpaWlpaWlpaWl
paWlpaWlpaWlpaWlpaWlpaWlpaWlpaWlpaWlpaWlpaWlpaWlpaWlpaWlpaWlpaWlpaWlpaWlpaWlpaWlpaWlpaWlpaWlpaWlpaWlpaWl
paWlpaWlpaWlpaWlpaWlpaWlpaWlpaWlpaWlpaWlpaWlpaWlpaWlpaWlpaWlpaWlpaWlpaWlpaWlpaWlpaWlpaWlpaWlpaWlpaWlpaWl
paWlpaWlpaWlpaWlpaWlpaWlpaWlpaWlpaWlpaWlpaWlpaWlpaWlpaWlpaWlpaWlpaWlpaWlpaWlpaWlpaWlpaWlpaWlpaWlpaWlpaWl
paWlpaWlpaWlpaWlpaWlpaWlpaWlpaWlpaWlpaWlpaWlpaWlpaWlpaWlpaWlpaWlpaWlpaWlpaWlpaWlpaWlpaWlpaWlpaWlpaWlpaWl
paWlpaWlpaWlpaWlpaWlpaWlpaWlpaWlpaWlpaWlpaWlpaWlpaWlpaWlpaWlpaWlpaWlpaWlpaWlpaWlpaWlpaWlpaWlpaWlpaWlpaWl
paWlpaWlpaWlpaWlpaWlpaWlpaWlpaWlpaWlpaWlpaWlpaWlpaWlpaWlpaWlpaWlpaWlpaWlpaWlpaWlpaWlpaWlpaWlpaWlpaWlpaWl
paWlpaWlpaWlpaWlpaWlpaWlpaWlpaWlpaWlpaWlpaWlpaWlpaWlpaWlpaWlpaWlpaWlpaWlpaWlpaWlpaWlpaWlpaWlpaWlpaWlpaWl
paWlpaWlpaWlpaWlpaWlpaWlpaWlpaWlpaWlpaWlpaWlpaWlpaWlpaWlpaWlpaWlpaWlpaWlpaWlpaWlpaWlpaWlpaWlpaWlpaWlpaWl
paWlpaWlpaWlpaWlpaWlpaWlpaWlpaWlpaWlpaWlpaWlpaWlpaWlpaWlpaWlpaWlpaWlpaWlpaWlpaWlpaWlpaWlpaWlpaWlpaWlpaWl
paWlpaWlpaWlpaWlpaWlpaWlpaWlpaWlpaWlpaWlpaWlpaWlpaWlpaWlpaWlpaWlpaWlpaWlpaWlpaWlpaWlpaWlpaWlpaWlpaWlpaWl
paWlpaWlpaWlpaWlpaWlpaWlpaWlpaWlpaWlpaWlpaWlpaWlpaWlpaWlpaWlpaWlpaWlpaWlpaWlpaWlpaWlpaWlpaWlpaWlpaWlpaWl
paWlpaWlpaWlpaWlpaWlpaWlpaWlpaWlpaWlpaWlpaWlpaWlpaWlpaWlpaWlpaWlpaWlpaWlpaWlpaWlpaWlpaWlpaWlpaWlpaWlpaWl
paWlpaWlpaWlpaWlpaWlpaWlpaWlpaWlpaWlpaWlpaWlpaWlpaWlpaWlpaWlpaWlpaWlpaWlpaWlpaWlpaWlpaWlpaWlpaWlpaWlpaWl
paWlpaWlpaWlpaWlpaWlpaWlpaWlpaWlpaWlpaWlpaWlpaWlpaWlpaWlpaWlpaWlpaWlpaWlpaWlpaWlpaWlpaWlpaWlpaWlpaWlpaWl
paWlpaWlpaWlpaWlpaWlpaWlpaWlpaWlpaWlpaWlpaWlpaWlpaWlpaWlpaWlpaWlpaWlpaWlpaWlpaWlpaWlpaWlpaWlpaWlpaWlpaWl
paWlpaWlpaWlpaWlpaWlpaWlpaWlpaWlpaWlpaWlpaWlpaWlpaWlpaWlpaWlpaWlpaWlpaWlpaWlpaWlpaWlpaWlpaWlpaWlpaWlpaWl
paWlpaWlpaWlpaWlpaWlpaWlpaWlpaWlpaWlpaWlpaWlpaWlpaWlpaWlpaWlpaWlpaWlpaWlpaWlpaWlpaWlpaWlpaWlpaWlpaWlpaWl
paWlpaWlpaWlpaWlpaWlpaWlpaWlpaWlpaWlpaWlpaWlpaWlpaWlpaWlpaWlpaWlpaWlpaWlpaWlpaWlpaWlpaWlpaWlpaWlpaWlpaWl
paWlpaWlpaWlpaWlpaWlpaWlpaWlpaWlpaWlpaWlpaWlpaWlpaWlpaWlpaWlpaWlpaWlpaWlpaWlpaWlpaWlpaWlpaWlpaWlpaWlpaWl
paWlpaWlpaWlpaWlpaWlpaWlpaWlpaWlpaWlpaWlpaWlpaWlpaWlpaWlpaWlpaWlpaWlpaWlpaWlpaWlpaWlpaWlpaWlpaWlpaWlpaWl
paWlpaWlpaWlpaWlpaWlpaWlpaWlpaWlpaWlpaWlpaWlpaWlpaWlpaWlpaWlpaWlpaWlpaWlpaWlpaWlpaWlpaWlpaWlpaWlpaWlpaWl
paWlpaWlpaWlpaWlpaWlpaWlpaWlpaWlpaWlpaWlpaWlpaWlpaWlpaWlpaWlpaWlpaWlpaWlpaWlpaWlpaWlpaWlpaWlpaWlpaWlpaWl
paWlpaWlpaWlpaWlpaWlpaWlpaWlpaWlpaWlpaWlpaWlpaWlpaWlpaWlpaWlpaWlpaWlpaWlpaWlpaWlpaWlpaWlpaWlpaWlpaWlpaWl
paWlpaWlpaWlpaWlpaWlpaWlpaWlpaWlpaWlpaWlpaWlpaWlpaWlpaWlpaWlpaWlpaWlpaWlpaWlpaWlpaWlpaWlpaWlpaWlpaWlpaWl
paWlpaWlpaWlpaWlpaWlpaWlpaWlpaWlpaWlpaWlpaWlpaWlpaWlpaWlpaWlpaWlpaWlpaWlpaWlpaWlpaWlpaWlpaWlpaWlpaWlpaWl
paWlpaWlpaWlpaWlpaWlpaWlpaWlpaWlpaWlpaWlpaWlpaWlpaWlpaWlpaWlpaWlpaWlpaWlpaWlpaWlpaWlpaWlpaWlpaWlpaWlpaWl
paWlpaWlpaWlpaWlpaWlpaWlpaWlpaWlpaWlpaWlpaWlpaWlpaWlpaWlpaWlpaWlpaWlpaWlpaWlpaWlpaWlpaWlpaWlpaWlpaWlpaWl
paWlpaWlpaWlpaWlpaWlpaWlpaWlpaWlpaWlpaWlpaWlpaWlpaWlpaWlpaWlpaWlpaWlpaWlpaWlpaWlpaWlpaWlpaWlpaWlpaWlpaWl
paWlpaWlpaWlpaWlpaWlpaWlpaWlpaWlpaWlpaWlpaWlpaWlpaWlpaWlpaWlpaWlpaWlpaWlpaWlpaWlpaWlpaWlpaWlpaWlpaWlpaWl
paWlpaWlpaWlpaWlpaWlpaWlpaWlpaWlpaWlpaWlpaWlpaWlpaWlpaWlpaWlpaWlpaWlpaWlpaWlpaWlpaWlpaWlpaWlpaWlpaWlpaWl
paWlpaWlpaWlpaWlpaWlpaWlpaWlpaWlpaWlpaWlpaWlpaWlpaWlpaWlpaWlpaWlpaWlpaWlpaWlpaWlpaWlpaWlpaWlpaWlpaWlpaWl
paWlpaWlpaWlpaWlpaWlpaWlpaWlpaWlpaWlpaWlpaWlpaWlpaWlpaWlpaWlpaWlpaWlpaWlpaWlpaWlpaWlpaWlpaWlpaWlpaWlpaWl
paWlpaWlpaWlpaWlpaWlpaWlpaWlpaWlpaWlpaWlpaWlpaWlpaWlpaWlpaWlpaWlpaWlpaWlpaWlpaWlpaWlpaWlpaWlpaWlpaWlpaWl
paWlpaWlpaWlpaWlpaWlpaWlpaWlpaWlpaWlpaWlpaWlpaWlpaWlpaWlpaWlpaWlpaWlpaWlpaWlpaWlpaWlpaWlpaWlpaWlpaWlpaWl
paWlpaWlpaWlpaWlpaWlpaWlpaWlpaWlpaWlpaWlpaWlpaWlpaWlpaWlpaWlpaWlpaWlpaWlpaWlpaWlpaWlpaWlpaWlpaWlpaWlpaWl
paWlpaWlpaWlpaWlpaWlpaWlpaWlpaWlpaWlpaWlpaWlpaWlpaWlpaWlpaWlpaWlpaWlpaWlpaWlpaWlpaWlpaWlpaWlpaWlpaWlpaWl
paWlpaWlpaWlpaWlpaWlpaWlpaWlpaWlpaWlpaWlpaWlpaWlpaWlpaWlpaWlpaWlpaWlpaWlpaWlpaWlpaWlpaWlpaWlpaWlpaWlpaWl
paWlpaWlpaWlpaWlpaWlpaWlpaWlpaWlpaWlpaWlpaWlpaWlpaWlpaWlpaWlpaWlpaWlpaWlpaWlpaWlpaWlpaWlpaWlpaWlpaWlpaWl
paWlpaWlpaWlpaWlpaWlpaWlpaWlpaWlpaWlpaWlpaWlpaWlpaWlpaWlpaWlpaWlpaWlpaWlpaWlpaWlpaWlpaWlpaWlpaWlpaWlpaWl
paWlpaWlpaWlpaWlpaWlpaWlpaWlpaWlpaWlpaWlpaWlpaWlpaWlpaWlpaWlpaWlpaWlpaWlpaWlpaWlpaWlpaWlpaWlpaWlpaWlpaWl
paWlpaWlpaWlpaWlpaWlpaWlpaWlpaWlpaWlpaWlpaWlpaWlpaWlpaWlpaWlpaWlpaWlpaWlpaWlpaWlpaWlpaWlpaWlpaWlpaWlpaWl
paWlpaWlpaWlpaWlpaWlpaWlpaWlpaWlpaWlpaWlpaWlpaWlpaWlpaWlpaWlpaWlpaWlpaWlpaWlpaWlpaWlpaWlpaWlpaWlpaWlpaWl
paWlpaWlpaWlpaWlpaWlpaWlpaWlpaWlpaWlpaWlpaWlpaWlpaWlpaWlpaWlpaWlpaWlpaWlpaWlpaWlpaWlpaWlpaWlpaWlpaWlpaWl
paWlpaWlpaWlpaWlpaWlpaWlpaWlpaWlpaWlpaWlpaWlpaWlpaWlpaWlpaWlpaWlpaWlpaWlpaWlpaWlpaWlpaWlpaWlpaWlpaWlpaWl
paWlpaWlpaWlpaWlpaWlpaWlpaWlpaWlpaWlpaWlpaWlpaWlpaWlpaWlpaWlpaWlpaWlpaWlpaWlpaWlpaWlpaWlpaWlpaWlpaWlpaWl
paWlpaWlpaWlpaWlpaWlpaWlpaWlpaWlpaWlpaWlpaWlpaWlpaWlpaWlpaWlpaWlpaWlpaWlpaWlpaWlpaWlpaWlpaWlpaWlpaWlpaWl
paWlpaWlpaWlpaWlpaWlpaWlpaWlpaWlpaWlpaWlpaWlpaWlpaWlpaWlpaWlpaWlpaWlpaWlpaWlpaWlpaWlpaWlpaWlpaWlpaWlpaWl
paWlpaWlpaWlpaWlpaWlpaWlpaWlpaWlpaWlpaWlpaWlpaWlpaWlpaWlpaWlpaWlpaWlpaWlpaWlpaWlpaWlpaWlpaWlpaWlpaWlpaWl
paWlpaWlpaWlpaWlpaWlpaWlpaWlpaWlpaWlpaWlpaWlpaWlpaWlpaWlpaWlpaWlpaWlpaWlpaWlpaWlpaWlpaWlpaWlpaWlpaWlpaWl
paWlpaWlpaWlpaWlpaWlpaWlpaWlpaWlpaWlpaWlpaWlpaWlpaWlpaWlpaWlpaWlpaWlpaWlpaWlpaWlpaWlpaWlpaWlpaWlpaWlpaWl
paWlpaWlpaWlpaWlpaWlpaWlpaWlpaWlpaWlpaWlpaWlpaWlpaWlpaWlpaWlpaWlpaWlpaWlpaWlpaWlpaWlpaWlpaWlpaWlpaWlpaWl
paWlpaWlpaWlpaWlpaWlpaWlpaWlpaWlpaWlpaWlpaWlpaWlpaWlpaWlpaWlpaWlpaWlpaWlpaWlpaWlpaWlpaWlpaWlpaWlpaWlpaWl
paWlpaWlpaWlpaWlpaWlpaWlpaWlpaWlpaWlpaWlpaWlpaWlpaWlpaWlpaWlpaWlpaWlpaWlpaWlpaWlpaWlpaWlpaWlpaWlpaWlpaWl
paWlpaWlpaWlpaWlpaWlpaWlpaWlpaWlpaWlpaWlpaWlpaWlpaWlpaWlpaWlpaWlpaWlpaWlpaWlpaWlpaWlpaWlpaWlpaWlpaWlpaWl
paWlpaWlpaWlpaWlpaWlpaWlpaWlpaWlpaWlpaWlpaWlpaWlpaWlpaWlpaWlpaWlpaWlpaWlpaWlpaWlpaWlpaWlpaWlpaWlpaWlpaWl
paWlpaWlpaWlpaWlpaWlpaWlpaWlpaWlpaWlpaWlpaWlpaWlpaWlpaWlpaWlpaWlpaWlpaWlpaWlpaWlpaWlpaWlpaWlpaWlpaWlpaWl
paWlpaWlpaWlpaWlpaWlpaWlpaWlpaWlpaWlpaWlpaWlpaWlpaWlpaWlpaWlpaWlpaWlpaWlpaWlpaWlpaWlpaWlpaWlpaWlpaWlpaWl
paWlpaWlpaWlpaWlpaWlpaWlpaWlpaWlpaWlpaWlpaWlpaWlpaWlpaWlpaWlpaWlpaWlpaWlpaWlpaWlpaWlpaWlpaWlpaWlpaWlpaWl
paWlpaWlpaWlpaWlpaWlpaWlpaWlpaWlpaWlpaWlpaWlpaWlpaWlpaWlpaWlpaWlpaWlpaWlpaWlpaWlpaWlpaWlpaWlpaWlpaWlpaWl
paWlpaWlpaWlpaWlpaWlpaWlpaWlpaWlpaWlpaWlpaWlpaWlpaWlpaWlpaWlpaWlpaWlpaWlpaWlpaWlpaWlpaWlpaWlpaWlpaWlpaWl
paWlpaWlpaWlpaWlpaWlpaWlpaWlpaWlpaWlpaWlpaWlpaWlpaWlpaWlpaWlpaWlpaWlpaWlpaWlpaWlpaWlpaWlpaWlpaWlpaWlpaWl
paWlpaWlpaWlpaWlpaWlpaWlpaWlpaWlpaWlpaWlpaWlpaWlpaWlpaWlpaWlpaWlpaWlpaWlpaWlpaWlpaWlpaWlpaWlpaWlpaWlpaWl
paWlpaWlpaWlpaWlpaWlpaWlpaWlpaWlpaWlpaWlpaWlpaWlpaWlpaWlpaWlpaWlpaWlpaWlpaWlpaWlpaWlpaWlpaWlpaWlpaWlpaWl
paWlpaWlpaWlpaWlpaWlpaWlpaWlpaWlpaWlpaWlpaWlpaWlpaWlpaWlpaWlpaWlpaWlpaWlpaWlpaWlpaWlpaWlpaWlpaWlpaWlpaWl
paWlpaWlpaWlpaWlpaWlpaWlpaWlpaWlpaWlpaWlpaWlpaWlpaWlpaWlpaWlpaWlpaWlpaWlpaWlpaWlpaWlpaWlpaWlpaWlpaWlpaWl
paWlpaWlpaWlpaWlpaWlpaWlpaWlpaWlpaWlpaWlpaWlpaWlpaWlpaWlpaWlpaWlpaWlpaWlpaWlpaWlpaWlpaWlpaWlpaWlpaWlpaWl
paWlpaWlpaWlpaWlpaWlpaWlpaWlpaWlpaWlpaWlpaWlpaWlpaWlpaWlpaWlpaWlpaWlpaWlpaWlpaWlpaWlpaWlpaWlpaWlpaWlpaWl
paWlpaWlpaWlpaWlpaWlpaWlpaWlpaWlpaWlpaWlpaWlpaWlpaWlpaWlpaWlpaWlpaWlpaWlpaWlpaWlpaWlpaWlpaWlpaWlpaWlpaWl
paWlpaWlpaWlpaWlpaWlpaWlpaWlpaWlpaWlpaWlpaWlpaWlpaWlpaWlpaWlpaWlpaWlpaWlpaWlpaWlpaWlpaWlpaWlpaWlpaWlpaWl
paWlpaWlpaWlpaWlpaWlpaWlpaWlpaWlpaWlpaWlpaWlpaWlpaWlpaWlpaWlpaWlpaWlpaWlpaWlpaWlpaWlpaWlpaWlpaWlpaWlpaWl
paWlpaWlpaWlpaWlpaWlpaWlpaWlpaWlpaWlpaWlpaWlpaWlpaWlpaWlpaWlpaWlpaWlpaWlpaWlpaWlpaWlpaWlpaWlpaWlpaWlpaWl
paWlpaWlpaWlpaWlpaWlpaWlpaWlpaWlpaWlpaWlpaWlpaWlpaWlpaWlpaWlpaWlpaWlpaWlpaWlpaWlpaWlpaWlpaWlpaWlpaWlpaWl
paWlpaWlpaWlpaWlpaWlpaWlpaWlpaWlpaWlpaWlpaWlpaWlpaWlpaWlpaWlpaWlpaWlpaWlpaWlpaWlpaWlpaWlpaWlpaWlpaWlpaWl
paWlpaWlpaWlpaWlpaWlpaWlpaWlpaWlpaWlpaWlpaWlpaWlpaWlpaWlpaWlpaWlpaWlpaWlpaWlpaWlpaWlpaWlpaWlpaWlpaWlpaWl
paWlpaWlpaWlpaWlpaWlpaWlpaWlpaWlpaWlpaWlpaWlpaWlpaWlpaWlpaWlpaWlpaWlpaWlpaWlpaWlpaWlpaWlpaWlpaWlpaWlpaWl
paWlpaWlpaWlpaWlpaWlpaWlpaWlpaWlpaWlpaWlpaWlpaWlpaWlpaWlpaWlpaWlpaWlpaWlpaWlpaWlpaWlpaWlpaWlpaWlpaWlpaWl
paWlpaWlpaWlpaWlpaWlpaWlpaWlpaWlpaWlpaWlpaWlpaWlpaWlpaWlpaWlpaWlpaWlpaWlpaWlpaWlpaWlpaWlpaWlpaWlpaWlpaWl
paWlpaWlpaWlpaWlpaWlpaWlpaWlpaWlpaWlpaWlpaWlpaWlpaWlpaWlpaWlpaWlpaWlpaWlpaWlpaWlpaWlpaWlpaWlpaWlpaWlpaWl
paWlpaWlpaWlpaWlpaWlpaWlpaWlpaWlpaWlpaWlpaWlpaWlpaWlpaWlpaWlpaWlpaWlpaWlpaWlpaWlpaWlpaWlpaWlpaWlpaWlpaWl
paWlpaWlpaWlpaWlpaWlpaWlpaWlpaWlpaWlpaWlpaWlpaWlpaWlpaWlpaWlpaWlpaWlpaWlpaWlpaWlpaWlpaWlpaWlpaWlpaWlpaWl
paWlpaWlpaWlpaWlpaWlpaWlpaWlpaWlpaWlpaWlpaWlpaWlpaWlpaWlpaWlpaWlpaWlpaWlpaWlpaWlpaWlpaWlpaWlpaWlpaWlpaWl
paWlpaWlpaWlpaWlpaWlpaWlpaWlpaWlpaWlpaWlpaWlpaWlpaWlpaWlpaWlpaWlpaWlpaWlpaWlpaWlpaWlpaWlpaWlpaWlpaWlpaWl
paWlpaWlpaWlpaWlpaWlpaWlpaWlpaWlpaWlpaWlpaWlpaWlpaWlpaWlpaWlpaWlpaWlpaWlpaWlpaWlpaWlpaWlpaWlpaWlpaWlpaWl
paWlpaWlpaWlpaWlpaWlpaWlpaWlpaWlpaWlpaWlpaWlpaWlpaWlpaWlpaWlpaWlpaWlpaWlpaWlpaWlpaWlpaWlpaWlpaWlpaWlpaWl
paWlpaWlpaWlpaWlpaWlpaWlpaWlpaWlpaWlpaWlpaWlpaWlpaWlpaWlpaWlpaWlpaWlpaWlpaWlpaWlpaWlpaWlpaWlpaWlpaWlpaWl
paWlpaWlpaWlpaWlpaWlpaWlpaWlpaWlpaWlpaWlpaWlpaWlpaWlpaWlpaWlpaWlpaWlpaWlpaWlpaWlpaWlpaWlpaWlpaWlpaWlpaWl
paWlpaWlpaWlpaWlpaWlpaWlpaWlpaWlpaWlpaWlpaWlpaWlpaWlpaWlpaWlpaWlpaWlpaWlpaWlpaWlpaWlpaWlpaWlpaWlpaWlpaWl
paWlpaWlpaWlpaWlpaWlpaWlpaWlpaWlpaWlpaWlpaWlpaWlpaWlpaWlpaWlpaWlpaWlpaWlpaWlpaWlpaWlpaWlpaWlpaWlpaWlpaWl
paWlpaWlpaWlpaWlpaWlpaWlpaWlpaWlpaWlpaWlpaWlpaWlpaWlpaWlpaWlpaWlpaWlpaWlpaWlpaWlpaWlpaWlpaWlpaWlpaWlpaWl
paWlpaWlpaWlpaWlpaWlpaWlpaWlpaWlpaWlpaWlpaWlpaWlpaWlpaWlpaWlpaWlpaWlpaWlpaWlpaWlpaWlpaWlpaWlpaWlpaWlpaWl
paWlpaWlpaWlpaWlpaWlpaWlpaWlpaWlpaWlpaWlpaWlpaWlpaWlpaWlpaWlpaWlpaWlpaWlpaWlpaWlpaWlpaWlpaWlpaWlpaWlpaWl
paWlpaWlpaWlpaWlpaWlpaWlpaWlpaWlpaWlpaWlpaWlpaWlpaWlpaWlpaWlpaWlpaWlpaWlpaWlpaWlpaWlpaWlpaWlpaWlpaWlpaWl
paWlpaWlpaWlpaWlpaWlpaWlpaWlpaWlpaWlpaWlpaWlpaWlpaWlpaWlpaWlpaWlpaWlpaWlpaWlpaWlpaWlpaWlpaWlpaWlpaWlpaWl
paWlpaWlpaWlpaWlpaWlpaWlpaWlpaWlpaWlpaWlpaWlpaWlpaWlpaWlpaWlpaWlpaWlpaWlpaWlpaWlpaWlpaWlpaWlpaWlpaWlpaWl
paWlpaWlpaWlpaWlpaWlpaWlpaWlpaWlpaWlpaWlpaWlpaWlpaWlpaWlpaWlpaWlpaWlpaWlpaWlpaWlpaWlpaWlpaWlpaWlpaWlpaWl
paWlpaWlpaWlpaWlpaWlpaWlpaWlpaWlpaWlpaWlpaWlpaWlpaWlpaWlpaWlpaWlpaWlpaWlpaWlpaWlpaWlpaWlpaWlpaWlpaWlpaWl
paWlpaWlpaWlpaWlpaWlpaWlpaWlpaWlpaWlpaWlpaWlpaWlpaWlpaWlpaWlpaWlpaWlpaWlpaWlpaWlpaWlpaWlpaWlpaWlpaWlpaWl
paWlpaWlpaWlpaWlpaWlpaWlpaWlpaWlpaWlpaWlpaWlpaWlpaWlpaWlpaWlpaWlpaWlpaWlpaWlpaWlpaWlpaWlpaWlpaWlpaWlpaWl
paWlpaWlpaWlpaWlpaWlpaWlpaWlpaWlpaWlpaWlpaWlpaWlpaWlpaWlpaWlpaWlpaWlpaWlpaWlpaWlpaWlpaWlpaWlpaWlpaWlpaWl
paWlpaWlpaWlpaWlpaWlpaWlpaWlpaWlpaWlpaWlpaWlpaWlpaWlpaWlpaWlpaWlpaWlpaWlpaWlpaWlpaWlpaWlpaWlpaWlpaWlpaWl
paWlpaWlpaWlpaWlpaWlpaWlpaWlpaWlpaWlpaWlpaWlpaWlpaWlpaWlpaWlpaWlpaWlpaWlpaWlpaWlpaWlpaWlpaWlpaWlpaWlpaWl
paWlpaWlpaWlpaWlpaWlpaWlpaWlpaWlpaWlpaWlpaWlpaWlpaWlpaWlpaWlpaWlpaWlpaWlpaWlpaWlpaWlpaWlpaWlpaWlpaWlpaWl
paWlpaWlpaWlpaWlpaWlpaWlpaWlpaWlpaWlpaWlpaWlpaWlpaWlpaWlpaWlpaWlpaWlpaWlpaWlpaWlpaWlpaWlpaWlpaWlpaWlpaWl
paWlpaWlpaWlpaWlpaWlpaWlpaWlpaWlpaWlpaWlpaWlpaWlpaWlpaWlpaWlpaWlpaWlpaWlpaWlpaWlpaWlpaWlpaWlpaWlpaWlpaWl
paWlpaWlpaWlpaWlpaWlpaWlpaWlpaWlpaWlpaWlpaWlpaWlpaWlpaWlpaWlpaWlpaWlpaWlpaWlpaWlpaWlpaWlpaWlpaWlpaWlpaWl
paWlpaWlpaWlpaWlpaWlpaWlpaWlpaWlpaWlpaWlpaWlpaWlpaWlpaWlpaWlpaWlpaWlpaWlpaWlpaWlpaWlpaWlpaWlpaWlpaWlpaWl
paWlpaWlpaWlpaWlpaWlpaWlpaWlpaWlpaWlpaWlpaWlpaWlpaWlpaWlpaWlpaWlpaWlpaWlpaWlpaWlpaWlpaWlpaWlpaWlpaWlpaWl
paWlpaWlpaWlpaWlpaWlpaWlpaWlpaWlpaWlpaWlpaWlpaWlpaWlpaWlpaWlpaWlpaWlpaWlpaWlpaWlpaWlpaWlpaWlpaWlpaWlpaWl
paWlpaWlpaWlpaWlpaWlpaWlpaWlpaWlpaWlpaWlpaWlpaWlpaWlpaWlpaWlpaWlpaWlpaWlpaWlpaWlpaWlpaWlpaWlpaWlpaWlpaWl
paWlpaWlpaWlpaWlpaWlpaWlpaWlpaWlpaWlpaWlpaWlpaWlpaWlpaWlpaWlpaWlpaWlpaWlpaWlpaWlpaWlpaWlpaWlpaWlpaWlpaWl
paWlpaWlpaWlpaWlpaWlpaWlpaWlpaWlpaWlpaWlpaWlpaWlpaWlpaWlpaWlpaWlpaWlpaWlpaWlpaWlpaWlpaWlpaWlpaWlpaWlpaWl
paWlpaWlpaWlpaWlpaWlpaWlpaWlpaWlpaWlpaWlpaWlpaWlpaWlpaWlpaWlpaWlpaWlpaWlpaWlpaWlpaWlpaWlpaWlpaWlpaWlpaWl
paWlpaWlpaWlpaWlpaWlpaWlpaWlpaWlpaWlpaWlpaWlpaWlpaWlpaWlpaWlpaWlpaWlpaWlpaWlpaWlpaWlpaWlpaWlpaWlpaWlpaWl
paWlpaWlpaWlpaWlpaWlpaWlpaWlpaWlpaWlpaWlpaWlpaWlpaWlpaWlpaWlpaWlpaWlpaWlpaWlpaWlpaWlpaWlpaWlpaWlpaWlpaWl
paWlpaWlpaWlpaWlpaWlpaWlpaWlpaWlpaWlpaWlpaWlpaWlpaWlpaWlpaWlpaWlpaWlpaWlpaWlpaWlpaWlpaWlpaWlpaWlpaWlpaWl
paWlpaWlpaWlpaWlpaWlpaWlpaWlpaWlpaWlpaWlpaWlpaWlpaWlpaWlpaWlpaWlpaWlpaWlpaWlpaWlpaWlpaWlpaWlpaWlpaWlpaWl
paWlpaWlpaWlpaWlpaWlpaWlpaWlpaWlpaWlpaWlpaWlpaWlpaWlpaWlpaWlpaWlpaWlpaWlpaWlpaWlpaWlpaWlpaWlpaWlpaWlpaWl
paWlpaWlpaWlpaWlpaWlpaWlpaWlpaWlpaWlpaWlpaWlpaWlpaWlpaWlpaWlpaWlpaWlpaWlpaWlpaWlpaWlpaWlpaWlpaWlpaWlpaWl
paWlpaWlpaWlpaWlpaWlpaWlpaWlpaWlpaWlpaWlpaWlpaWlpaWlpaWlpaWlpaWlpaWlpaWlpaWlpaWlpaWlpaWlpaWlpaWlpaWlpaWl
paWlpaWlpaWlpaWlpaWlpaWlpaWlpaWlpaWlpaWlpaWlpaWlpaWlpaWlpaWlpaWlpaWlpaWlpaWlpaWlpaWlpaWlpaWlpaWlpaWlpaWl
paWlpaWlpaWlpaWlpaWlpaWlpaWlpaWlpaWlpaWlpaWlpaWlpaWlpaWlpaWlpaWlpaWlpaWlpaWlpaWlpaWlpaWlpaWlpaWlpaWlpaWl
paWlpaWlpaWlpaWlpaWlpaWlpaWlpaWlpaWlpaWlpaWlpaWlpaWlpaWlpaWlpaWlpaWlpaWlpaWlpaWlpaWlpaWlpaWlpaWlpaWlpaWl
paWlpaWlpaWlpaWlpaWlpaWlpaWlpaWlpaWlpaWlpaWlpaWlpaWlpaWlpaWlpaWlpaWlpaWlpaWlpaWlpaWlpaWlpaWlpaWlpaWlpaWl
paWlpaWlpaWlpaWlpaWlpaWlpaWlpaWlpaWlpaWlpaWlpaWlpaWlpaWlpaWlpaWlpaWlpaWlpaWlpaWlpaWlpaWlpaWlpaWlpaWlpaWl
paWlpaWlpaWlpaWlpaWlpaWlpaWlpaWlpaWlpaWlpaWlpaWlpaWlpaWlpaWlpaWlpaWlpaWlpaWlpaWlpaWlpaWlpaWlpaWlpaWlpaWl
paWlpaWlpaWlpaWlpaWlpaWlpaWlpaWlpaWlpaWlpaWlpaWlpaWlpaWlpaWlpaWlpaWlpaWlpaWlpaWlpaWlpaWlpaWlpaWlpaWlpaWl
paWlpaWlpaWlpaWlpaWlpaWlpaWlpaWlpaWlpaWlpaWlpaWlpaWlpaWlpaWlpaWlpaWlpaWlpaWlpaWlpaWlpaWlpaWlpaWlpaWlpaWl
paWlpaWlpaWlpaWlpaWlpaWlpaWlpaWlpaWlpaWlpaWlpaWlpaWlpaWlpaWlpaWlpaWlpaWlpaWlpaWlpaWlpaWlpaWlpaWlpaWlpaWl
paWlpaWlpaWlpaWlpaWlpaWlpaWlpaWlpaWlpaWlpaWlpaWlpaWlpaWlpaWlpaWlpaWlpaWlpaWlpaWlpaWlpaWlpaWlpaWlpaWlpaWl
paWlpaWlpaWlpaWlpaWlpaWlpaWlpaWlpaWlpaWlpaWlpaWlpaWlpaWlpaWlpaWlpaWlpaWlpaWlpaWlpaWlpaWlpaWlpaWlpaWlpaWl
paWlpaWlpaWlpaWlpaWlpaWlpaWlpaWlpaWlpaWlpaWlpaWlpaWlpaWlpaWlpaWlpaWlpaWlpaWlpaWlpaWlpaWlpaWlpaWlpaWlpaWl
paWlpaWlpaWlpaWlpaWlpaWlpaWlpaWlpaWlpaWlpaWlpaWlpaWlpaWlpaWlpaWlpaWlpaWlpaWlpaWlpaWlpaWlpaWlpaWlpaWlpaWl
paWlpaWlpaWlpaWlpaWlpaWlpaWlpaWlpaWlpaWlpaWlpaWlpaWlpaWlpaWlpaWlpaWlpaWlpaWlpaWlpaWlpaWlpaWlpaWlpaWlpaWl
paWlpaWlpaWlpaWlpaWlpaWlpaWlpaWlpaWlpaWlpaWlpaWlpaWlpaWlpaWlpaWlpaWlpaWlpaWlpaWlpaWlpaWlpaWlpaWlpaWlpaWl
paWlpaWlpaWlpaWlpaWlpaWlpaWlpaWlpaWlpaWlpaWlpaWlpaWlpaWlpaWlpaWlpaWlpaWlpaWlpaWlpaWlpaWlpaWlpaWlpaWlpaWl
paWlpaWlpaWlpaWlpaWlpaWlpaWlpaWlpaWlpaWlpaWlpaWlpaWlpaWlpaWlpaWlpaWlpaWlpaWlpaWlpaWlpaWlpaWlpaWlpaWlpaWl
paWlpaWlpaWlpaWlpaWlpaWlpaWlpaWlpaWlpaWlpaWlpaWlpaWlpaWlpaWlpaWlpaWlpaWlpaWlpaWlpaWlpaWlpaWlpaWlpaWlpaWl
paWlpaWlpaWlpaWlpaWlpaWlpaWlpaWlpaWlpaWlpaWlpaWlpaWlpaWlpaWlpaWlpaWlpaWlpaWlpaWlpaWlpaWlpaWlpaWlpaWlpaWl
paWlpaWlpaWlpaWlpaWlpaWlpaWlpaWlpaWlpaWlpaWlpaWlpaWlpaWlpaWlpaWlpaWlpaWlpaWlpaWlpaWlpaWlpaWlpaWlpaWlpaWl
paWlpaWlpaWlpaWlpaWlpaWlpaWlpaWlpaWlpaWlpaWlpaWlpaWlpaWlpaWlpaWlpaWlpaWlpaWlpaWlpaWlpaWlpaWlpaWlpaWlpaWl
paWlpaWlpaWlpaWlpaWlpaWlpaWlpaWlpaWlpaWlpaWlpaWlpaWlpaWlpaWlpaWlpaWlpaWlpaWlpaWlpaWlpaWlpaWlpaWlpaWlpaWl
paWlpaWlpaWlpaWlpaWlpaWlpaWlpaWlpaWlpaWlpaWlpaWlpaWlpaWlpaWlpaWlpaWlpaWlpaWlpaWlpaWlpaWlpaWlpaWlpaWlpaWl
paWlpaWlpaWlpaWlpaWlpaWlpaWlpaWlpaWlpaWlpaWlpaWlpaWlpaWlpaWlpaWlpaWlpaWlpaWlpaWlpaWlpaWlpaWlpaWlpaWlpaWl
paWlpaWlpaWlpaWlpaWlpaWlpaWlpaWlpaWlpaWlpaWlpaWlpaWlpaWlpaWlpaWlpaWlpaWlpaWlpaWlpaWlpaWlpaWlpaWlpaWlpaWl
paWlpaWlpaWlpaWlpaWlpaWlpaWlpaWlpaWlpaWlpaWlpaWlpaWlpaWlpaWlpaWlpaWlpaWlpaWlpaWlpaWlpaWlpaWlpaWlpaWlpaWl
paWlpaWlpaWlpaWlpaWlpaWlpaWlpaWlpaWlpaWlpaWlpaWlpaWlpaWlpaWlpaWlpaWlpaWlpaWlpaWlpaWlpaWlpaWlpaWlpaWlpaWl
paWlpaWlpaWlpaWlpaWlpaWlpaWlpaWlpaWlpaWlpaWlpaWlpaWlpaWlpaWlpaWlpaWlpaWlpaWlpaWlpaWlpaWlpaWlpaWlpaWlpaWl
paWlpaWlpaWlpaWlpaWlpaWlpaWlpaWlpaWlpaWlpaWlpaWlpaWlpaWlpaWlpaWlpaWlpaWlpaWlpaWlpaWlpaWlpaWlpaWlpaWlpaWl
paWlpaWlpaWlpaWlpaWlpaWlpaWlpaWlpaWlpaWlpaWlpaWlpaWlpaWlpaWlpaWlpaWlpaWlpaWlpaWlpaWlpaWlpaWlpaWlpaWlpaWl
paWlpaWlpaWlpaWlpaWlpaWlpaWlpaWlpaWlpaWlpaWlpaWlpaWlpaWlpaWlpaWlpaWlpaWlpaWlpaWlpaWlpaWlpaWlpaWlpaWlpaWl
paWlpaWlpaWlpaWlpaWlpaWlpaWlpaWlpaWlpaWlpaWlpaWlpaWlpaWlpaWlpaWlpaWlpaWlpaWlpaWlpaWlpaWlpaWlpaWlpaWlpaWl
paWlpaWlpaWlpaWlpaWlpaWlpaWlpaWlpaWlpaWlpaWlpaWlpaWlpaWlpaWlpaWlpaWlpaWlpaWlpaWlpaWlpaWlpaWlpaWlpaWlpaWl
paWlpaWlpaWlpaWlpaWlpaWlpaWlpaWlpaWlpaWlpaWlpaWlpaWlpaWlpaWlpaWlpaWlpaWlpaWlpaWlpaWlpaWlpaWlpaWlpaWlpaWl
paWlpaWlpaWlpaWlpaWlpaWlpaWlpaWlpaWlpaWlpaWlpaWlpaWlpaWlpaWlpaWlpaWlpaWlpaWlpaWlpaWlpaWlpaWlpaWlpaWlpaWl
paWlpaWlpaWlpaWlpaWlpaWlpaWlpaWlpaWlpaWlpaWlpaWlpaWlpaWlpaWlpaWlpaWlpaWlpaWlpaWlpaWlpaWlpaWlpaWlpaWlpaWl
paWlpaWlpaWlpaWlpaWlpaWlpaWlpaWlpaWlpaWlpaWlpaWlpaWlpaWlpaWlpaWlpaWlpaWlpaWlpaWlpaWlpaWlpaWlpaWlpaWlpaWl
paWlpaWlpaWlpaWlpaWlpaWlpaWlpaWlpaWlpaWlpaWlpaWlpaWlpaWlpaWlpaWlpaWlpaWlpaWlpaWlpaWlpaWlpaWlpaWlpaWlpaWl
paWlpaWlpaWlpaWlpaWlpaWlpaWlpaWlpaWlpaWlpaWlpaWlpaWlpaWlpaWlpaWlpaWlpaWlpaWlpaWlpaWlpaWlpaWlpaWlpaWlpaWl
paWlpaWlpaWlpaWlpaWlpaWlpaWlpaWlpaWlpaWlpaWlpaWlpaWlpZTIDCPw3QBCSAAAgJDsAEJoAACAyOIAADgxA0IwMQNClMgMI/Dd
AEJIAACAQAAAAIzsAEI4MQNCYAAAAPAwA0IijgAjpaWlpUikAkIAAAAAXKQCQhkAAABgAAAA8N0AQgLsBCMw4wAA8DADQkClAkJ0Wgsj
paWlpaWlpaVcpAJC/v////3////2pAJC8N0AQlSkAkJApQJCGwAAAPC3DCMMZgsjpaWlpaWlpaUCAAAANwAAAPylAkIAAAAAAAAAAAAA
AAAAAAAAMHgAAEClAkKlpaWlpaWlpaWlpaWlpaUApaWlpVSkAkIAAAAAAAAAANW3DCMbAAAA9qQCQgIAAAClpaWlpaWlpaWlpaWlpaWl
paWlpaWlpaWlpaWlpaWlpaWlpaWlpaWlpaWlpaWlpaWlpaWlpaWlpaWlpaWlpaWlCKELIwUAAABc+QBCAAAAAAAAAAClpaWlpaWlpaWl
paUooAsjAAAAAP////9c+QBCAAAAAKDCAyMAAAAAAAAAAAAAAAAAAAAAAAAAAAAAAAAAAAAAAAAAAAAAAAAAAAAAAAAAAAAAAAAAAAAA
AAAAAAAAAAAAAAAAAAAAAAAAAAAAAAAABIsAIwAAAAAAAAAAAAAAAAAAAAAAAAAAAAAAAAAAAAAAAAAAAAAAAAAAAAAAAAAAAAAAAAAA
AAAAAAAAAAAAAAAAAAAAAAAAAAAAAAAAAAAAAAAAAAAAAAAAAAAAAAAAAAAAAAAAAAAAAAAAAAAAAAAAAAAAAAAAAAAAAAAAAAAAAAAA
AAAAAKWlpaVq9QAj//9//39/f///////AAAAAADwAEIBAAAAXKYCQs+IAgBYpgJCWKYCQgAAAAAAAAAAAAAAAKWlpaWlpaWlpaWlpaWl
paWlpaWlpaWlpaWlpaWlpaWlpaWlpaWlpaUDAAAAAAAAAAAAAABpb3RfgHgAgKWlpaWlpaWlAQAAAAEAAAClpaWlpaWlpaWlpaUAAAAA
paWlpaWlpaUAAAAAaAAAgCilAkLPiAIAhL4BQlABAUJYpgJCSAEBQhYAAACgWXlwXDb8+FimAkIAAAAACgAAAFBmAkJhcHBfbWFpbl90
YXNrAK8AAAAAAAkAAACgICvICgAAAAAAAAAAAAAAAABg8gAAAAAoAACAAAAAAAAAAAAAAAAAAAAAAAAAAAAAAAAA6KYCQj3eqgMAAAAA
GAAAgBgWDSP8GQ0jNCYNI7QsBSMAAAAAGAAAgBinAkIQAAAAAAAAAAAAAAAAAAAAWAAAgAAAAAAYpwJCAAAAAAAAAAAAAAAAMKcCQv//
//8wpwJCMKcCQgAAAABEpwJC/////0SnAkJEpwJCAQAAAAEAAAAAAAAA//8AAAAAAAABAAAAICwDQiAAAAByc3NpAGVzdAAsA0IAAAAA
+6EAAAAAAAAAAAAAyBIAgPw0lwQYcGRjb25fY3g2OQAAAAAAAAAAAAAAAAAAAAAAAAAAAAAAAMuFCQAABAAAAHiyE+IMUltDYW1dIFNU
LTMgMTkwM0NVMTAwNDY5MgAAAAAAAAAAAMRsCQAAAwAAAL5FW2dWJkRJUkVDVC0AAAAAAAAAAAAAAAAAAAAAAAAAAAAAAAAAANNsCQAA
AQAAABQuXg00FFtDYW1dIFNULTMgMTkxMENVMTAwNTQzNwAAAAAAAAAAAMdsCQAAAwAAAFiGlEYiinN0YXB0ZXN0AAAAAAAAAAAAAAAA
AAAAAAAAAAAAAAAAAMh2CQAAAwAAAMxA0EmXp1NUQVJDSAAAAAAAAAAAAAAAAAAAAAAAAAAAAAAAAAAAANSoCQAAAwAAADA0IgfcplNU
IE1hdHRlciBFRVJPAAAAAAAAAAAAAAAAAAAAAAAAAOCeCQAAAwAAAHjSlKg121NUTWVkaWFfRVgAAAAAAAAAAAAAAAAAAAAAAAAAAAAA
ANSoCQAAAwAAADKrap6W33N0LWh1YnYzLTUxMQAAAAAAAAAAAAAAAAAAAAAAAAAAAMueCQAAAwAAAAT5+CgigW1hdHRlci1jb3JlMmcA
AAAAAAAAAAAAAAAAAAAAAAAAAOGeCQAABAAAAAg2yYuaxG1hdHRlcmh1YgAAAAAAAAAAAAAAAAAAAAAAAAAAAAAAAM+ZCQAAAwAAAIg2
bMHm/uuUlOy9mOyXkOy9lAAAAAAAAAAAAAAAAAAAAAAAAAAAANSeCQAAAwAAANIcHPmBkWRlbW9BUAAAAAAAAAAAAAAAAAAAAAAAAAAA
AAAAAAAAANWeCQAAAwAAAPgaKxNlMnNldHVwMEM3Ni55YmQAAAAAAAAAAAAAAAAAAAAAAAAAANeeCQAAAwAAAFiGlMEgu2Rjb25pb3My
AAAAAAAAAAAAAAAAAAAAAAAAAAAAAAAAANOZCQAAAwAAACRL/iT2EFNUX2lPU18yRwAAAAAAAAAAAAAAAAAAAAAAAAAAAAAAANSUCQAA
AwAAAHBdzNRlDFNZMzlKVQAAAAAAAAAAAAAAAAAAAAAAAAAAAAAAAAAAANuUCQAAAwAAAIJ3Foduk1tDYW1dIFNULTQgY1V6ODNtUXkA
AAAAAAAAAAAAAAAAAMmFCQAABAAAAMieQ2J+RmhvbWVzZGstMmcAAAAAAAAAAAAAAAAAAAAAAAAAAAAAANiKCQAAAwAAADw3hsWMi0Ns
aWVudFBsYXRmb3JtAAAAAAAAAAAAAAAAAAAAAAAAANmKCQAAAwAAAGB+pIANbFtDYW1dIFNULTQgTlFlT2txNU4AAAAAAAAAAAAAAAAA
AMmFCQAABAAAAJDK+px28HNldHVwNzZGMC55bmsAAAAAAAAAAAAAAAAAAAAAAAAAANWFCQAAAwAAAILtAC7+yGh1Yl93YXNoXzJnAAAA
AAAAAAAAAAAAAAAAAAAAAAAAAOOFCQAAAwAAAORY50yf9HNjaCBjZHJhZ29uAAAAAAAAAAAAAAAAAAAAAAAAAAAAANWACQAAAwAAAFiG
lMIGwFNUTWVkaWEAAAAAAAAAAAAAAAAAAAAAAAAAAAAAAAAAANiACQAAAwAAAEpVGcurm0RXRC1TMjIwX2NiYWI5YgAAAAAAAAAAAAAA
AAAAAAAAAM9sCQAAAAAAACRL/iTy8FdBU0hfRERPXzJHAAAAAAAAAAAAAAAAAAAAAAAAAAAAAN52CQAAAwAAAKBAoKeb+EFSTE9fVk1C
XzE3MjI5MjUyNTYAAAAAAAAAAAAAAAAAANB2CQAAAwAAAAAADwVXNFtDYW1dIFNULTIgU0pCMDZLMDAzNAAAAAAAAAAAAAAAAMxsCQAA
AwAAAIhXHe9dkVdpbmRvd0ZpdF9FNDBBRWowMDI2azNhdDAxMlkAAAAAANFsCQAAAwAAAMieQ0pDQ25ldGJyb2tlcjJHAAAAAAAAAAAA
AAAAAAAAAAAAAAAAAN9xCQAAAwAAABQuXg00RFtDYW1dIFNULTMgMTkxMENVMTAwNTQ4NQAAAAAAAAAAAMZsCQAAAwAAAJw9z+q/eGFw
cDMAAAAAAAAAAAAAAAAAAAAAAAAAAAAAAAAAAAAAANd2CQAAAwAAAAg2yYubJG1hdHRlci1qdW5nMmcAAAAAAAAAAAAAAAAAAAAAAAAA
ANVxCQAABAAAAFiGlCnWGEFYODAwNE1XMkcAAAAAAAAAAAAAAAAAAAAAAAAAAAAAAOVxCQAAAwAAADSYteJGpm1hdHRlci1zdmUyZwAA
AAAAAAAAAAAAAAAAAAAAAAAAAN9xCQAAAwAAAMieQ2KOpW1hdHRlci1jb250cm9sMmcAAAAAAAAAAAAAAAAAAAAAANtsCQAAAwAAAFiG
lEpJyDJkY29uX2N4MTgAAAAAAAAAAAAAAAAAAAAAAAAAAAAAAMtsCQAAAwAAADSYteHZAm1hdHRlcmthdGUAAAAAAAAAAAAAAAAAAAAA
AAAAAAAAAONxCQAAAwAAAO5kyc9WBUdJRlRWAAAAAAAAAAAAAAAAAAAAAAAAAAAAAAAAAAAAAM9sCQAAAAAAANadwKQEPlNhbXN1bmcg
VFYgMTg2NQAAAAAAAAAAAAAAAAAAAAAAAMpsCQAAAwAAAAAAAAAAAAAAAAAAAAAAAAAAAAAAAAAAAAAAAAAAAAAAAAAAAAAAAAAAAAAA
AAAAAAAAAAAAAAAAAAAAAAAAAAAAAAAAAAAAAAAAAAAAAAAAAAAAAAAAAAAAAAAAAAAAAAAAAAAAAAAAAAAAAAAAAAAAAAAAAAAAAAAA
AAAAAAAAAAAAAAAAAAAAAAAAAAAAAAAAAAAAAAAAAAAAAAAAAAAAAAAAAAAAAAAAAAAAAAAAAAAAAAAAAAAAAAAAAAAAAAAAAAAAAAAA
AAAAAAAAAAAAAAAAAAAAAAAAAAAAAAAAAAAAAAAAAAAAAAAAAAAAAAAAAAAAAAAAAAAAAAAAAAAAAAAAAAAAAAAAAAAAAAAAAAAAAAAA
AAAAAAAAAAAAAAAAAAAAAAAAAAAAAAAAAAAAAAAAAAAAAAAAAAAAAAAAAAAAAAAAAAAAAAAAAAAAAAAAAAAAAAAAAAAAAAAAAAAAAAAA
AAAAAAAAAAAAAAAAAAAAAAAAAAAAAAAAAAAAAAAAAAAAAAAAAAAAAAAAAAAAAAAAAAAAAAAAAAAAAAAAAAAAAAAAAAAAAAAAAAAAAAAA
AAAAAAAAAAAAAAAAAAAAAAAAAAAAAAAAAAAAAAAAAAAAAAAAAAAAAAAAAAAAAAAAAAAAAAAAAAAAAAAAAAAAAAAAAAAAAAAAAAAAAAAA
AAAAAAAAAAAAAAAAAAAAAAAAAAAAAAAAAAAAAAAAAAAAAAAAAAAAAAAAAAAAAAAAAAAAAAAAAAAAAAAAAAAAAAAAAAAAAAAAAAAAAAAA
AAAAAAAAAAAAAAAAAAAAAAAAAAAAAAAAAAAAAAAAAAAAAAAAAAAAAAAAAAAAAAAAAAAAAAAAAAAAAAAAAAAAAAAAAAAAAAAAAAAAAAAA
AAAAAAAAAAAAAAAAAAAAAAAAAAAAAAAAAAAAAAAAAAAAAAAAAAAAAAAAAAAAAAAAAAAAAAAAAAAAAAAAAAAAAAAAAAAAAAAAAAAAAAAA
AAAAAAAAAAAAAAAAAAAAAAAAAAAAAAAAAAAAAAAAAAAAAAAAAAAAAAAAAAAAAAAAAAAAAAAAAAAAAAAAAAAAAAAAAAAAAAAAAAAAAAAA
AAAAAAAAAAAAAAAAAAAAAAAAAAAAAAAAAAAAAAAAAAAAAAAAAAAAAAAAAAAAAAAAAAAAAAAAAAAAAAAAAAAAAAAAAAAAAAAAAAAAAAAA
AAAAAAAAAAAAAAAAAAAAAAAAAAAAAAAAAAAAAAAAAAAAAAAAAAAAAAAAAAAAAAAAAAAAAAAAAAAAAAAAAAAAAAAAAAAAAAAAAAAAAAAA
AAAAAAAAAAAAAAAAAAAAAAAAAAAAAAAAAAAAAAAAAAAAAAAAAAAAAAAAAAAAAAAAAAAAAAAAAAAAAAAAAAAAAAAAAAAAAAAAAAAAAAAA
AAAAAAAAAAAAAAAAAAAAAAAAAAAAAAAAAAAAAAAAAAAAAAAAAAAAAAAAAAAAAAAAAAAAAAAAAAAAAAAAAAAAAAAAAAAAAAAAAAAAAAAA
AAAAAAAAAAAAAAAAAAAAAAAAAAAAAAAAAAAAAAAAAAAAAAAAAAAAAAAAAAAAAAAAAAAAAAAAAAAAAAAAAAAAAAAAAAAAAAAAAAAAAAAA
AAAAAAAAAAAAAAAAAAAAAAAAAAAAAAAAAAAAAAAAAAAAAAAAAAAAAAAAAAAAAAAAAAAAAAAAAAAAAAAAAAAAAAAAAAAAAAAAAAAAAAAA
AAAAAAAAAAAAAAAAAAAAAAAAAAAAAAAAAAAAAAAAAAAAAAAAAAAAAAAAAAAAAAAAAAAAAAAAAAAAAAAAAAAAAAAAAAAAAAAAAAAAAAAA
AAAAAAAAAAAAAAAAAAAAAAAAAAAAAAAAAAAAAAAAAAAAAAAAAAAAAAAAAAAAAAAAAAAAAAAAAAAAAAAAAAAAAAAAAAAAAAAAAAAAAAAA
AAAAAAAAAAAAAAAAAAAAAAAAAAAAAAAAAAAAAAAAAAAAAAAAAAAAAAAAAAAAAAAAAAAAAAAAAAAAAAAAAAAAAAAAAAAAAAAAAAAAAAAA
AAAAAAAAAAAAAAAAAAAAAAAAAAAAAAAAAAAAAAAAAAAAAAAAAAAAAAAAAAAAAAAAAAAAAAAAAAAAAAAAAAAAAAAAAAAAAAAAAAAAAAAA
AAAAAAAAAAAAAAAAAAAAAAAAAAAAAAAAAAAAAAAAAAAAAAAAAAAAAAAAAAAAAAAAAAAAAAAAAAAAAAAAAAAAAAAAAAAAAAAAAAAAAAAA
AAAAAAAAAAAAAAAAAAAAAAAAAAAAAAAAAAAAAAAAAAAAAAAAAAAAAAAAAAAAAAAAAAAAAAAAAAAAAAAAAAAAAAAAAAAAAAAAAAAAAAAA
AAAAAAAAAAAAAAAAAAAAAAAAAAAAAAAAAAAAAAAAAAAAAAAAAAAAAAAAAAAAAAAAAAAAAAAAAAAAAAAAAAAAAAAAAAAAAAAAAAAAAAAA
AAAAAAAAAAAAAAAAAAAAAAAAAAAAAAAAAAAAAAAAAAAAAAAAAAAAAAAAAAAAAAAAAAAAAAAAAAAAAAAAAAAAAAAAAAAAAAAAAAAAAAAA
AAAAAAAAAAAAAAAAAAAAAAAAAAAAAAAAAAAAAAAAAAAAAAAAAAAAAAAAAAAAAAAAAAAAAAAAAAAAAAAAAAAAAAAAAAAAAAAAAAAAAAAA
AAAAAAAAAAAAAAAAAAAAAAAAAAAAAAAAAAAAAAAAAAAAAAAAAAAAAAAAAAAAAAAAAAAAAAAAAAAAAAAAAAAAAAAAAAAAAAAAAAAAAAAA
AAAAAAAAAAAAAAAAAAAAAAAAAAAAAAAAAAAAAAAAAAAAAAAAAAAAAAAAAAAAAAAAAAAAAAAAAAAAAAAAAAAAAAAAAAAAAAAAAAAAAAAA
AAAAAAAAAAAAAAAAAAAAAAAAAAAAAAAAAAAAAAAAAAAAAAAAAAAAAAAAAAAAAAAAAAAAAAAAAAAAAAAAAAAAAAAAAAAAAAAAAAAAAAAA
AAAAAAAAAAAAAAAAAAAAAAAAAAAAAAAAAAAAAAAAAAAAAAAAAAAAAAAAAAAAAAAAAAAAAAAAAAAAAAAAAAAAAAAAAAAAAAAAAAAAAAAA
AAAAAAAAAAAAAAAAAAAAAAAAAAAAAAAAAAAAAAAAAAAAAAAAAAAAAAAAAAAAAAAAAAAAAAAAAAAAAAAAAAAAAAAAAAAAAAAAAAAAAAAA
AAAAAAAAAAAAAAAAAAAAAAAAAAAAAAAAAAAAAAAAAAAAAAAAAAAAAAAAAAAAAAAAAAAAAAAAAAAAAAAAAAAAAAAAAAAAAAAAAAAAAAAA
AAAAAAAAAAAAAAAAAAAAAAAAAAAAAAAAAAAAAAAAAAAAAAAAAAAAAAAAAAAAAAAAAAAAAAAAAAAAAAAAAAAAAAAAAAAAAAAAAAAAAAAA
AAAAAAAAAAAAAAAAAAAAAAAAAAAAAAAAAAAAAAAAAAAAAAAAAAAAAAAAAAAAAAAAAAAAAAAAAAAAAAAAAAAAAAAAAAAAAAAAAAAAAAAA
AAAAAAAAAAAAAAAAAAAAAAAAAAAAAAAAAAAAAAAAAAAAAAAAAAAAAAAAAAAAAAAAAAAAAAAAAAAAAAAAAAAAAAAAAAAAAAAAAAAAAAAA
AAAAAAAAAAAAAAAAAAAAAAAAAAAAAAAAAAAAAAAAAAAAAAAAAAAAAAAAAAAAAAAAAAAAAAAAAAAAAAAAAAAAAAAAAAAAAAAAAAAAAAAA
AAAAAAAAAAAAAAAAAAAAAAAAAAAAAAAAAAAAAAAAAAAAAAAAAAAAAAAAAAAAAAAAAAAAAAAAAAAAAAAAAAAIQACApaWlpaWlpaWlpaWl
paWlpaWlpaWlpaWlpaWlpaWlpaWlpaWlpaWlpaWlpaWlpaWlpaWlpaWlpaWlpaWlpaWlpaWlpaWlpaWlpaWlpaWlpaWlpaWlpaWlpaWl
paWlpaWlpaWlpaWlpaWlpaWlpaWlpaWlpaWlpaWlpaWlpaWlpaWlpaWlpaWlpaWlpaWlpaWlpaWlpaWlpaWlpaWlpaWlpaWlpaWlpaWl
paWlpaWlpaWlpaWlpaWlpaWlpaWlpaWlpaWlpaWlpaWlpaWlpaWlpaWlpaWlpaWlpaWlpaWlpaWlpaWlpaWlpaWlpaWlpaWlpaWlpaWl
paWlpaWlpaWlpaWlpaWlpaWlpaWlpaWlpaWlpaWlpaWlpaWlpaWlpaWlpaWlpaWlpaWlpaWlpaWlpaWlpaWlpaWlpaWlpaWlpaWlpaWl
paWlpaWlpaWlpaWlpaWlpaWlpaWlpaWlpaWlpaWlpaWlpaWlpaWlpaWlpaWlpaWlpaWlpaWlpaWlpaWlpaWlpaWlpaWlpaWlpaWlpaWl
paWlpaWlpaWlpaWlpaWlpaWlpaWlpaWlpaWlpaWlpaWlpaWlpaWlpaWlpaWlpaWlpaWlpaWlpaWlpaWlpaWlpaWlpaWlpaWlpaWlpaWl
paWlpaWlpaWlpaWlpaWlpaWlpaWlpaWlpaWlpaWlpaWlpaWlpaWlpaWlpaWlpaWlpaWlpaWlpaWlpaWlpaWlpaWlpaWlpaWlpaWlpaWl
paWlpaWlpaWlpaWlpaWlpaWlpaWlpaWlpaWlpaWlpaWlpaWlpaWlpaWlpaWlpaWlpaWlpaWlpaWlpaWlpaWlpaWlpaWlpaWlpaWlpaWl
paWlpaWlpaWlpaWlpaWlpaWlpaWlpaWlpaWlpaWlpaWlpaWlpaWlpaWlpaWlpaWlpaWlpaWlpaWlpaWlpaWlpaWlpaWlpaWlpaWlpaWl
paWlpaWlpaWlpaWlpaWlpaWlpaWlpaWlpaWlpaWlpaWlpaWlpaWlpaWlpaWlpaWlpaWlpaWlpaWlpaWlpaWlpaWlpaWlpaWlpaWlpaWl
paWlpaWlpaWlpaWlpaWlpaWlpaWlpaWlpaWlpaWlpaWlpaWlpaWlpaWlpaWlpaWlpaWlpaWlpaWlpaWlpaWlpaWlpaWlpaWlpaWlpaWl
paWlpaWlpaWlpaWlpaWlpaWlpaWlpaWlpaWlpaWlpaWlpaWlpaWlpaWlpaWlpaWlpaWlpaWlpaWlpaWlpaWlpaWlpaWlpaWlpaWlpaWl
paWlpaWlpaWlpaWlpaWlpaWlpaWlpaWlpaWlpaWlpaWlpaWlpaWlpaWlpaWlpaWlpaWlpaWlpaWlpaWlpaWlpaWlpaWlpaWlpaWlpaWl
paWlpaWlpaWlpaWlpaWlpaWlpaWlpaWlpaWlpaWlpaWlpaWlpaWlpaWlpaWlpaWlpaWlpaWlpaWlpaWlpaWlpaWlpaWlpaWlpaWlpaWl
paWlpaWlpaWlpaWlpaWlpaWlpaWlpaWlpaWlpaWlpaWlpaWlpaWlpaWlpaWlpaWlpaWlpaWlpaWlpaWlpaWlpaWlpaWlpaWlpaWlpaWl
paWlpaWlpaWlpaWlpaWlpaWlpaWlpaWlpaWlpaWlpaWlpaWlpaWlpaWlpaWlpaWlpaWlpaWlpaWlpaWlpaWlpaWlpaWlpaWlpaWlpaWl
paWlpaWlpaWlpaWlpaWlpaWlpaWlpaWlpaWlpaWlpaWlpaWlpaWlpaWlpaWlpaWlpaWlpaWlpaWlpaWlpaWlpaWlpaWlpaWlpaWlpaWl
paWlpaWlpaWlpaWlpaWlpaWlpaWlpaWlpaWlpaWlpaWlpaWlpaWlpaWlpaWlpaWlpaWlpaWlpaWlpaWlpaWlpaWlpaWlpaWlpaWlpaWl
paWlpaWlpaWlpaWlpaWlpaWlpaWlpaWlpaWlpaWlpaWlpaWlpaWlpaWlpaWlpaWlpaWlpaWlpaWlpaWlpaWlpaWlpaWlpaWlpaWlpaWl
paWlpaWlpaWlpaWlpaWlpaWlpaWlpaWlpaWlpaWlpaWlpaWlpaWlpaWlpaWlpaWlpaWlpaWlpaWlpaWlpaWlpaWlpaWlpaWlpaWlpaWl
paWlpaWlpaWlpaWlpaWlpaWlpaWlpaWlpaWlpaWlpaWlpaWlpaWlpaWlpaWlpaWlpaWlpaWlpaWlpaWlpaWlpaWlpaWlpaWlpaWlpaWl
paWlpaWlpaWlpaWlpaWlpaWlpaWlpaWlpaWlpaWlpaWlpaWlpaWlpaWlpaWlpaWlpaWlpaWlpaWlpaWlpaWlpaWlpaWlpaWlpaWlpaWl
paWlpaWlpaWlpaWlpaWlpaWlpaWlpaWlpaWlpaWlpaWlpaWlpaWlpaWlpaWlpaWlpaWlpaWlpaWlpaWlpaWlpaWlpaWlpaWlpaWlpaWl
paWlpaWlpaWlpaWlpaWlpaWlpaWlpaWlpaWlpaWlpaWlpaWlpaWlpaWlpaWlpaWlpaWlpaWlpaWlpaWlpaWlpaWlpaWlpaWlpaWlpaWl
paWlpaWlpaWlpaWlpaWlpaWlpaWlpaWlpaWlpaWlpaWlpaWlpaWlpaWlpaWlpaWlpaWlpaWlpaWlpaWlpaWlpaWlpaWlpaWlpaWlpaWl
paWlpaWlpaWlpaWlpaWlpaWlpaWlpaWlpaWlpaWlpaWlpaWlpaWlpaWlpaWlpaWlpaWlpaWlpaWlpaWlpaWlpaWlpaWlpaWlpaWlpaWl
paWlpaWlpaWlpaWlpaWlpaWlpaWlpaWlpaWlpaWlpaWlpaWlpaWlpaWlpaWlpaWlpaWlpaWlpaWlpaWlpaWlpaWlpaWlpaWlpaWlpaWl
paWlpaWlpaWlpaWlpaWlpaWlpaWlpaWlpaWlpaWlpaWlpaWlpaWlpaWlpaWlpaWlpaWlpaWlpaWlpaWlpaWlpaWlpaWlpaWlpaWlpaWl
paWlpaWlpaWlpaWlpaWlpaWlpaWlpaWlpaWlpaWlpaWlpaWlpaWlpaWlpaWlpaWlpaWlpaWlpaWlpaWlpaWlpaWlpaWlpaWlpaWlpaWl
paWlpaWlpaWlpaWlpaWlpaWlpaWlpaWlpaWlpaWlpaWlpaWlpaWlpaWlpaWlpaWlpaWlpaWlpaWlpaWlpaWlpaWlpaWlpaWlpaWlpaWl
paWlpaWlpaWlpaWlpaWlpaWlpaWlpaWlpaWlpaWlpaWlpaWlpaWlpaWlpaWlpaWlpaWlpaWlpaWlpaWlpaWlpaWlpaWlpaWlpaWlpaWl
paWlpaWlpaWlpaWlpaWlpaWlpaWlpaWlpaWlpaWlpaWlpaWlpaWlpaWlpaWlpaWlpaWlpaWlpaWlpaWlpaWlpaWlpaWlpaWlpaWlpaWl
paWlpaWlpaWlpaWlpaWlpaWlpaWlpaWlpaWlpaWlpaWlpaWlpaWlpaWlpaWlpaWlpaWlpaWlpaWlpaWlpaWlpaWlpaWlpaWlpaWlpaWl
paWlpaWlpaWlpaWlpaWlpaWlpaWlpaWlpaWlpaWlpaWlpaWlpaWlpaWlpaWlpaWlpaWlpaWlpaWlpaWlpaWlpaWlpaWlpaWlpaWlpaWl
paWlpaWlpaWlpaWlpaWlpaWlpaWlpaWlpaWlpaWlpaWlpaWlpaWlpaWlpaWlpaWlpaWlpaWlpaWlpaWlpaWlpaWlpaWlpaWlpaWlpaWl
paWlpaWlpaWlpaWlpaWlpaWlpaWlpaWlpaWlpaWlpaWlpaWlpaWlpaWlpaWlpaWlpaWlpaWlpaWlpaWlpaWlpaWlpaWlpaWlpaWlpaWl
paWlpaWlpaWlpaWlpaWlpaWlpaWlpaWlpaWlpaWlpaWlpaWlpaWlpaWlpaWlpaWlpaWlpaWlpaWlpaWlpaWlpaWlpaWlpaWlpaWlpaWl
paWlpaWlpaWlpaWlpaWlpaWlpaWlpaWlpaWlpaWlpaWlpaWlpaWlpaWlpaWlpaWlpaWlpaWlpaWlpaWlpaWlpaWlpaWlpaWlpaWlpaWl
paWlpaWlpaWlpaWlpaWlpaWlpaWlpaWlpaWlpaWlpaWlpaWlpaWlpaWlpaWlpaWlpaWlpaWlpaWlpaWlpaWlpaWlpaWlpaWlpaWlpaWl
paWlpaWlpaWlpaWlpaWlpaWlpaWlpaWlpaWlpaWlpaWlpaWlpaWlpaWlpaWlpaWlpaWlpaWlpaWlpaWlpaWlpaWlpaWlpaWlpaWlpaWl
paWlpaWlpaWlpaWlpaWlpaWlpaWlpaWlpaWlpaWlpaWlpaWlpaWlpaWlpaWlpaWlpaWlpaWlpaWlpaWlpaWlpaWlpaWlpaWlpaWlpaWl
paWlpaWlpaWlpaWlpaWlpaWlpaWlpaWlpaWlpaWlpaWlpaWlpaWlpaWlpaWlpaWlpaWlpaWlpaWlpaWlpaWlpaWlpaWlpaWlpaWlpaWl
paWlpaWlpaWlpaWlpaWlpaWlpaWlpaWlpaWlpaWlpaWlpaWlpaWlpaWlpaWlpaWlpaWlpaWlpaWlpaWlpaWlpaWlpaWlpaWlpaWlpaWl
paWlpaWlpaWlpaWlpaWlpaWlpaWlpaWlpaWlpaWlpaWlpaWlpaWlpaWlpaWlpaWlpaWlpaWlpaWlpaWlpaWlpaWlpaWlpaWlpaWlpaWl
paWlpaWlpaWlpaWlpaWlpaWlpaWlpaWlpaWlpaWlpaWlpaWlpaWlpaWlpaWlpaWlpaWlpaWlpaWlpaWlpaWlpaWlpaWlpaWlpaWlpaWl
paWlpaWlpaWlpaWlpaWlpaWlpaWlpaWlpaWlpaWlpaWlpaWlpaWlpaWlpaWlpaWlpaWlpaWlpaWlpaWlpaWlpaWlpaWlpaWlpaWlpaWl
paWlpaWlpaWlpaWlpaWlpaWlpaWlpaWlpaWlpaWlpaWlpaWlpaWlpaWlpaWlpaWlpaWlpaWlpaWlpaWlpaWlpaWlpaWlpaWlpaWlpaWl
paWlpaWlpaWlpaWlpaWlpaWlpaWlpaWlpaWlpaWlpaWlpaWlpaWlpaWlpaWlpaWlpaWlpaWlpaWlpaWlpaWlpaWlpaWlpaWlpaWlpaWl
paWlpaWlpaWlpaWlpaWlpaWlpaWlpaWlpaWlpaWlpaWlpaWlpaWlpaWlpaWlpaWlpaWlpaWlpaWlpaWlpaWlpaWlpaWlpaWlpaWlpaWl
paWlpaWlpaWlpaWlpaWlpaWlpaWlpaWlpaWlpaWlpaWlpaWlpaWlpaWlpaWlpaWlpaWlpaWlpaWlpaWlpaWlpaWlpaWlpaWlpaWlpaWl
paWlpaWlpaWlpaWlpaWlpaWlpaWlpaWlpaWlpaWlpaWlpaWlpaWlpaWlpaWlpaWlpaWlpaWlpaWlpaWlpaWlpaWlpaWlpaWlpaWlpaWl
paWlpaWlpaWlpaWlpaWlpaWlpaWlpaWlpaWlpaWlpaWlpaWlpaWlpaWlpaWlpaWlpaWlpaWlpaWlpaWlpaWlpaWlpaWlpaWlpaWlpaWl
paWlpaWlpaWlpaWlpaWlpaWlpaWlpaWlpaWlpaWlpaWlpaWlpaWlpaWlpaWlpaWlpaWlpaWlpaWlpaWlpaWlpaWlpaWlpaWlpaWlpaWl
paWlpaWlpaWlpaWlpaWlpaWlpaWlpaWlpaWlpaWlpaWlpaWlpaWlpaWlpaWlpaWlpaWlpaWlpaWlpaWlpaWlpaWlpaWlpaWlpaWlpaWl
paWlpaWlpaWlpaWlpaWlpaWlpaWlpaWlpaWlpaWlpaWlpaWlpaWlpaWlpaWlpaWlpaWlpaWlpaWlpaWlpaWlpaWlpaWlpaWlpaWlpaWl
paWlpaWlpaWlpaWlpaWlpaWlpaWlpaWlpaWlpaWlpaWlpaWlpaWlpaWlpaWlpaWlpaWlpaWlpaWlpaWlpaWlpaWlpaWlpaWlpaWlpaWl
paWlpaWlpaWlpaWlpaWlpaWlpaWlpaWlpaWlpaWlpaWlpaWlpaWlpaWlpaWlpaWlpaWlpaWlpaWlpaWlpaWlpaWlpaWlpaWlpaWlpaWl
paWlpaWlpaWlpaWlpaWlpaWlpaWlpaWlpaWlpaWlpaWlpaWlpaWlpaWlpaWlpaWlpaWlpaWlpaWlpaWlpaWlpaWlpaWlpaWlpaWlpaWl
paWlpaWlpaWlpaWlpaWlpaWlpaWlpaWlpaWlpaWlpaWlpaWlpaWlpaWlpaWlpaWlpaWlpaWlpaWlpaWlpaWlpaWlpaWlpaWlpaWlpaWl
paWlpaWlpaWlpaWlpaWlpaWlpaWlpaWlpaWlpaWlpaWlpaWlpaWlpaWlpaWlpaWlpaWlpaWlpaWlpaWlpaWlpaWlpaWlpaWlpaWlpaWl
paWlpaWlpaWlpaWlpaWlpaWlpaWlpaWlpaWlpaWlpaWlpaWlpaWlpaWlpaWlpaWlpaWlpaWlpaWlpaWlpaWlpaWlpaWlpaWlpaWlpaWl
paWlpaWlpaWlpaWlpaWlpaWlpaWlpaWlpaWlpaWlpaWlpaWlpaWlpaWlpaWlpaWlpaWlpaWlpaWlpaWlpaWlpaWlpaWlpaWlpaWlpaWl
paWlpaWlpaWlpaWlpaWlpaWlpaWlpaWlpaWlpaWlpaWlpaWlpaWlpaWlpaWlpaWlpaWlpaWlpaWlpaWlpaWlpaWlpaWlpaWlpaWlpaWl
paWlpaWlpaWlpaWlpaWlpaWlpaWlpaWlpaWlpaWlpaWlpaWlpaWlpaWlpaWlpaWlpaWlpaWlpaWlpaWlpaWlpaWlpaWlpaWlpaWlpaWl
paWlpaWlpaWlpaWlpaWlpaWlpaWlpaWlpaWlpaWlpaWlpaWlpaWlpaWlpaWlpaWlpaWlpaWlpaWlpaWlpaWlpaWlpaWlpaWlpaWlpaWl
paWlpaWlpaWlpaWlpaWlpaWlpaWlpaWlpaWlpaWlpaWlpaWlpaWlpaWlpaWlpaWlpaWlpaWlpaWlpaWlpaWlpaWlpaWlpaWlpaWlpaWl
paWlpaWlpaWlpaWlpaWlpaWlpaWlpaWlpaWlpaWlpaWlpaWlpaWlpaWlpaWlpaWlpaWlpaWlpaWlpaWlpaWlpaWlpaWlpaWlpaWlpaWl
paWlpaWlpaWlpaWlpaWlpaWlpaWlpaWlpaWlpaWlpaWlpaWlpaWlpaWlpaWlpaWlpaWlpaWlpaWlpaWlpaWlpaWlpaWlpaWlpaWlpaWl
paWlpaWlpaWlpaWlpaWlpaWlpaWlpaWlpaWlpaWlpaWlpaWlpaWlpaWlpaWlpaWlpaWlpaWlpaWlpaWlpaWlpaWlpaWlpaWlpaWlpaWl
paWlpaWlpaWlpaWlpaWlpaWlpaWlpaWlpaWlpaWlpaWlpaWlpaWlpaWlpaWlpaWlpaWlpaWlpaWlpaWlpaWlpaWlpaWlpaWlpaWlpaWl
paWlpaWlpaWlpaWlpaWlpaWlpaWlpaWlpaWlpaWlpaWlpaWlpaWlpaWlpaWlpaWlpaWlpaWlpaWlpaWlpaWlpaWlpaWlpaWlpaWlpaWl
paWlpaWlpaWlpaWlpaWlpaWlpaWlpaWlpaWlpaWlpaWlpaWlpaWlpaWlpaWlpaWlpaWlpaWlpaWlpaWlpaWlpaWlpaWlpaWlpaWlpaWl
paWlpaWlpaWlpaWlpaWlpaWlpaWlpaWlpaWlpaWlpaWlpaWlpaWlpaWlpaWlpaWlpaWlpaWlpaWlpaWlpaWlpaWlpaWlpaWlpaWlpaWl
paWlpaWlpaWlpaWlpaWlpaWlpaWlpaWlpaWlpaWlpaWlpaWlpaWlpaWlpaWlpaWlpaWlpaWlpaWlpaWlpaWlpaWlpaWlpaWlpaWlpaWl
paWlpaWlpaWlpaWlpaWlpaWlpaWlpaWlpaWlpaWlpaWlpaWlpaWlpaWlpaWlpaWlpaWlpaWlpaWlpaWlpaWlpaWlpaWlpaWlpaWlpaWl
paWlpaWlpaWlpaWlpaWlpaWlpaWlpaWlpaWlpaWlpaWlpaWlpaWlpaWlpaWlpaWlpaWlpaWlpaWlpaWlpaWlpaWlpaWlpaWlpaWlpaWl
paWlpaWlpaWlpaWlpaWlpaWlpaWlpaWlpaWlpaWlpaWlpaWlpaWlpaWlpaWlpaWlpaWlpaWlpaWlpaWlpaWlpaWlpaWlpaWlpaWlpaWl
paWlpaWlpaWlpaWlpaWlpaWlpaWlpaWlpaWlpaWlpaWlpaWlpaWlpaWlpaWlpaWlpaWlpaWlpaWlpaWlpaWlpaWlpaWlpaWlpaWlpaWl
paWlpaWlpaWlpaWlpaWlpaWlpaWlpaWlpaWlpaWlpaWlpaWlpaWlpaWlpaWlpaWlpaWlpaWlpaWlpaWlpaWlpaWlpaWlpaWlpaWlpaWl
paWlpaWlpaWlpaWlpaWlpaWlpaWlpaWlpaWlpaWlpaWlpaWlpaWlpaWlpaWlpaWlpaWlpaWlpaWlpaWlpaWlpaWlpaWlpaWlpaWlpaWl
paWlpaWlpaWlpaWlpaWlpaWlpaWlpaWlpaWlpaWlpaWlpaWlpaWlpaWlpaWlpaWlpaWlpaWlpaWlpaWlpaWlpaWlpaWlpaWlpaWlpaWl
paWlpaWlpaWlpaWlpaWlpaWlpaWlpaWlpaWlpaWlpaWlpaWlpaWlpaWlpaWlpaWlpaWlpaWlpaWlpaWlpaWlpaWlpaWlpaWlpaWlpaWl
paWlpaWlpaWlpaWlpaWlpaWlpaWlpaWlpaWlpaWlpaWlpaWlpaWlpaWlpaWlpaWlpaWlpaWlpaWlpaWlpaWlpaWlpaWlpaWlpaWlpaWl
paWlpaWlpaWlpaWlpaWlpaWlpaWlpaWlpaWlpaWlpaWlpaWlpaWlpaWlpaWlpaWlpaWlpaWlpaWlpaWlpaWlpaWlpaWlpaWlpaWlpaWl
paWlpaWlpaWlpaWlpaWlpaWlpaWlpaWlpaWlpaWlpaWlpaWlpaWlpaWlpaWlpaWlpaWlpaWlpaWlpaWlpaWlpaWlpaWlpaWlpaWlpaWl
paWlpaWlpaWlpaWlpaWlpaWlpaWlpaWlpaWlpaWlpaWlpaWlpaWlpaWlpaWlpaWlpaWlpaWlpaWlpaWlpaWlpaWlpaWlpaWlpaWlpaWl
paWlpaWlpaWlpaWlpaWlpaWlpaWlpaWlpaWlpaWlpaWlpaWlpaWlpaWlpaWlpaWlpaWlpaWlpaWlpaWlpaWlpaWlpaWlpaWlpaWlpaWl
paWlpaWlpaWlpaWlpaWlpaWlpaWlpaWlpaWlpaWlpaWlpaWlpaWlpaWlpaWlpaWlpaWlpaWlpaWlpaWlpaWlpaWlpaWlpaWlpaWlpaWl
paWlpaWlpaWlpaWlpaWlpaWlpaWlpaWlpaWlpaWlpaWlpaWlpaWlpaWlpaWlpaWlpaWlpaWlpaWlpaWlpaWlpaWlpaWlpaWlpaWlpaWl
paWlpaWlpaWlpaWlpaWlpaWlpaWlpaWlpaWlpaWlpaWlpaWlpaWlpaWlpaWlpaWlpaWlpaWlpaWlpaWlpaWlpaWlpaWlpaWlpaWlpaWl
paWlpaWlpaWlpaWlpaWlpaWlpaWlpaWlpaWlpaWlpaWlpaWlpaWlpaWlpaWlpaWlpaWlpaWlpaWlpaWlpaWlpaWlpaWlpaWlpaWlpaWl
paWlpaWlpaWlpaWlpaWlpaWlpaWlpaWlpaWlpaWlpaWlpaWlpaWlpaWlpaWlpaWlpaWlpaWlpaWlpaWlpaWlpaWlpaWlpaWlpaWlpaWl
paWlpaWlpaWlpaWlpaWlpaWlpaWlpaWlpaWlpaWlpaWlpaWlpaWlpaWlpaWlpaWlpaWlpaWlpaWlpaWlpaWlpaWlpaWlpaWlpaWlpaWl
paWlpaWlpaWlpaWlpaWlpaWlpaWlpaWlpaWlpaWlpaWlpaWlpaWlpaWlpaWlpaWlpaWlpaWlpaWlpaWlpaWlpaWlpaWlpaWlpaWlpaWl
paWlpaWlpaWlpaWlpaWlpaWlpaWlpaWlpaWlpaWlpaWlpaWlpaWlpaWlpaWlpaWlpaWlpaWlpaWlpaWlpaWlpaWlpaWlpaWlpaWlpaWl
paWlpaWlpaWlpaWlpaWlpaWlpaWlpaWlpaWlpaWlpaWlpaWlpaWlpaWlpaWlpaWlpaWlpaWlpaWlpaWlpaWlpaWlpaWlpaWlpaWlpaWl
paWlpaWlpaWlpaWlpaWlpaWlpaWlpaWlpaWlpaWlpaWlpaWlpaWlpaWlpaWlpaWlpaWlpaWlpaWlpaWlpaWlpaWlpaWlpaWlpaWlpaWl
paWlpaWlpaWlpaWlpaWlpaWlpaWlpaWlpaWlpaWlpaWlpaWlpaWlpaWlpaWlpaWlpaWlpaWlpaWlpaWlpaWlpaWlpaWlpaWlpaWlpaWl
paWlpaWlpaWlpaWlpaWlpaWlpaWlpaWlpaWlpaWlpaWlpaWlpaWlpaWlpaWlpaWlpaWlpaWlpaWlpaWlpaWlpaWlpaWlpaWlpaWlpaWl
paWlpaWlpaWlpaWlpaWlpaWlpaWlpaWlpaWlpaWlpaWlpaWlpaWlpaWlpaWlpaWlpaWlpaWlpaWlpaWlpaWlpaWlpaWlpaWlpaWlpaWl
paWlpaWlpaWlpaWlpaWlpaWlpaWlpaWlpaWlpaWlpaWlpaWlpaWlpaWlpaWlpaWlpaWlpaWlpaWlpaWlpaWlpaWlpaWlpaWlpaWlpaWl
paWlpaWlpaWlpaWlpaWlpaWlpaWlpaWlpaWlpaWlpaWlpaWlpaWlpaWlpaWlpaWlpaWlpaWlpaWlpaWlpaWlpaWlpaWlpaWlpaWlpaWl
paWlpaWlpaWlpaWlpaWlpaWlpaWlpaWlpaWlpaWlpaWlpaWlpaWlpaWlpaWlpaWlpaWlpaWlpaWlpaWlpaWlpaWlpaWlpaWlpaWlpaWl
paWlpaWlpaWlpaWlpaWlpaWlpaWlpaWlpaWlpaWlpaWlpaWlpaWlpaWlpaWlpaWlpaWlpaWlpaWlpaWlpaWlpaWlpaWlpaWlpaWlpaWl
paWlpaWlpaWlpaWlpaWlpaWlpaWlpaWlpaWlpaWlpaWlpaWlpaWlpaWlpaWlpaWlpaWlpaWlpaWlpaWlpaWlpaWlpaWlpaWlpaWlpaWl
paWlpaWlpaWlpaWlpaWlpaWlpaWlpaWlpaWlpaWlpaWlpaWlpaWlpaWlpaWlpaWlpaWlpaWlpaWlpaWlpaWlpaWlpaWlpaWlpaWlpaWl
paWlpaWlpaWlpaWlpaWlpaWlpaWlpaWlpaWlpaWlpaWlpaWlpaWlpaWlpaWlpaWlpaWlpaWlpaWlpaWlpaWlpaWlpaWlpaWlpaWlpaWl
paWlpaWlpaWlpaWlpaWlpaWlpaWlpaWlpaWlpaWlpaWlpaWlpaWlpaWlpaWlpaWlpaWlpaWlpaWlpaWlpaWlpaWlpaWlpaWlpaWlpaWl
paWlpaWlpaWlpaWlpaWlpaWlpaWlpaWlpaWlpaWlpaWlpaWlpaWlpaWlpaWlpaWlpaWlpaWlpaWlpaWlpaWlpaWlpaWlpaWlpaWlpaWl
paWlpaWlpaWlpaWlpaWlpaWlpaWlpaWlpaWlpaWlpaWlpaWlpaWlpaWlpaWlpaWlpaWlpaWlpaWlpaWlpaWlpaWlpaWlpaWlpaWlpaWl
paWlpaWlpaWlpaWlpaWlpaWlpaWlpaWlpaWlpaWlpaWlpaWlpaWlpaWlpaWlpaWlpaWlpaWlpaWlpaWlpaWlpaWlpaWlpaWlpaWlpaWl
paWlpaWlpaWlpaWlpaWlpaWlpaWlpaWlpaWlpaWlpaWlpaWlpaWlpaWlpaWlpaWlpaWlpaWlpaWlpaWlpaWlpaWlpaWlpaWlpaWlpaWl
paWlpaWlpaWlpaWlpaWlpaWlpaWlpaWlpaWlpaWlpaWlpaWlpaWlpaWlpaWlpaWlpaWlpaWlpaWlpaWlpaWlpaWlpaWlpaWlpaWlpaWl
paWlpaWlpaWlpaWlpaWlpaWlpaWlpaWlpaWlpaWlpaWlpaWlpaWlpaWlpaWlpaWlpaWlpaWlpaWlpaWlpaWlpaWlpaWlpaWlpaWlpaWl
paWlpaWlpaWlpaWlpaWlpaWlpaWlpaWlpaWlpaWlpaWlpaWlpaWlpaWlpaWlpaWlpaWlpaWlpaWlpaWlpaWlpaWlpaWlpaWlpaWlpaWl
paWlpaWlpaWlpaWlpaWlpaWlpaWlpaWlpaWlpaWlpaWlpaWlpaWlpaWlpaWlpaWlpaWlpaWlpaWlpaWlpaWlpaWlpaWlpaWlpaWlpaWl
paWlpaWlpaWlpaWlpaWlpaWlpaWlpaWlpaWlpaWlpaWlpaWlpaWlpaWlpaWlpaWlpaWlpaWlpaWlpaWlpaWlpaWlpaWlpaWlpaWlpaWl
paWlpaWlpaWlpaWlpaWlpaWlpaWlpaWlpaWlpaWlpaWlpaWlpaWlpaWlpaWlpaWlpaWlpaWlpaWlpaWlpaWlpaWlpaWlpaWlpaWlpaWl
paWlpaWlpaWlpaWlpaWlpaWlpaWlpaWlpaWlpaWlpaWlpaWlpaWlpaWlpaWlpaWlpaWlpaWlpaWlpaWlpaWlpaWlpaWlpaWlpaWlpaWl
paWlpaWlpaWlpaWlpaWlpaWlpaWlpaWlpaWlpaWlpaWlpaWlpaWlpaWlpaWlpaWlpaWlpaWlpaWlpaWlpaWlpaWlpaWlpaWlpaWlpaWl
paWlpaWlpaWlpaWlpaWlpaWlpaWlpaWlpaWlpaWlpaWlpaWlpaWlpaWlpaWlpaWlpaWlpaWlpaWlpaWlpaWlpaWlpaWlpaWlpaWlpaWl
paWlpaWlpaWlpaWlpaWlpaWlpaWlpaWlpaWlpaWlpaWlpaWlpaWlpaWlpaWlpaWlpaWlpaWlpaWlpaWlpaWlpaWlpaWlpaWlpaWlpaWl
paWlpaWlpaWlpaWlpaWlpaWlpaWlpaWlpaWlpaWlpaWlpaWlpaWlpaWlpaWlpaWlpaWlpaWlpaWlpaWlpaWlpaWlpaWlpaWlpaWlpaWl
paWlpaWlpaWlpaWlpaWlpaWlpaWlpaWlpaWlpaWlpaWlpaWlpaWlpaWlpaWlpaWlpaWlpaWlpaWlpaWlpaWlpaWlpaWlpaWlpaWlpaWl
paWlpaWlpaWlpaWlpaWlpaWlpaWlpaWlpaWlpaWlpaWlpaWlpaWlpaWlpaWlpaWlpaWlpaWlpaWlpaWlpaWlpaWlpaWlpaWlpaWlpaWl
paWlpaWlpaWlpaWlpaWlpaWlpaWlpaWlpaWlpaWlpaWlpaWlpaWlpaWlpaWlpaWlpaWlpaWlpaWlpaWlpaWlpaWlpaWlpaWlpaWlpaWl
paWlpaWlpaWlpaWlpaWlpaWlpaWlpaWlpaWlpaWlpaWlpaWlpaWlpaWlpaWlpaWlpaWlpaWlpaWlpaWlpaWlpaWlpaWlpaWlpaWlpaWl
paWlpaWlpaWlpaWlpaWlpaWlpaWlpaWlpaWlpaWlpaWlpaWlpaWlpaWlpaWlpaWlpaWlpaWlpaWlpaWlpaWlpaWlpaWlpaWlpaWlpaWl
paWlpaWlpaWlpaWlpaWlpaWlpaWlpaWlpaWlpaWlpaWlpaWlpaWlpaWlpaWlpaWlpaWlpaWlpaWlpaWlpaWlpaWlpaWlpaWlpaWlpaWl
paWlpaWlpaWlpaWlpaWlpaWlpaWlpaWlpaWlpaWlpaWlpaWlpaWlpaWlpaWlpaWlpaWlpaWlpaWlpaWlpaWlpaWlpaWlpaWlpaWlpaWl
paWlpaWlpaWlpaWlpaWlpaWlpaWlpaWlpaWlpaWlpaWlpaWlpaWlpaWlpaWlpaWlpaWlpaWlpaWlpaWlpaWlpaWlpaWlpaWlpaWlpaWl
paWlpaWlpaWlpaWlpaWlpaWlpaWlpaWlpaWlpaWlpaWlpaWlpaWlpaWlpaWlpaWlpaWlpaWlpaWlpaWlpaWlpaWlpaWlpaWlpaWlpaWl
paWlpaWlpaWlpaWlpaWlpaWlpaWlpaWlpaWlpaWlpaWlpaWlpaWlpaWlpaWlpaWlpaWlpaWlpaWlpaWlpaWlpaWlpaWlpaWlpaWlpaWl
paWlpaWlpaWlpaWlpaWlpaWlpaWlpaWlpaWlpaWlpaWlpaWlpaWlpaWlpaWlpaWlpaWlpaWlpaWlpaWlpaWlpaWlpaWlpaWlpaWlpaWl
paWlpaWlpaWlpaWlpaWlpaWlpaWlpaWlpaWlpaWlpaWlpaWlpaWlpaWlpaWlpaWlpaWlpaWlpaWlpaWlpaWlpaWlpaWlpaWlpaWlpaWl
paWlpaWlpaWlpaWlpaWlpaWlpaWlpaWlpaWlpaWlpaWlpaWlpaWlpaWlpaWlpaWlpaWlpaWlpaWlpaWlpaWlpaWlpaWlpaWlpaWlpaWl
paWlpaWlpaWlpaWlpaWlpaWlpaWlpaWlpaWlpaWlpaWlpaWlpaWlpaWlpaWlpaWlpaWlpaWlpaWlpaWlpaWlpaWlpaWlpaWlpaWlpaWl
paWlpaWlpaWlpaWlpaWlpaWlpaWlpaWlpaWlpaWlpaWlpaWlpaWlpaWlpaWlpaWlpaWlpaWlpaWlpaWlpaWlpaWlpaWlpaWlpaWlpaWl
paWlpaWlpaWlpaWlpaWlpaWlpaWlpaWlpaWlpaWlpaWlpaWlpaWlpaWlpaWlpaWlpaWlpaWlpaWlpaWlpaWlpaWlpaWlpaWlpaWlpaWl
paWlpaWlpaWlpaWlpaWlpaWlpaWlpaWlpaWlpaWlpaWlpaWlpaWlpaWlpaWlpaWlpaWlpaWlpaWlpaWlpaWlpaWlpaWlpaWlpaWlpaWl
paWlpaWlpaWlpaWlpaWlpaWlpaWlpaWlpaWlpaWlpaWlpaWlpaWlpaWlpaWlpaWlpaWlpaWlpaWlpaWlpaWlpaWlpaWlpaWlpaWlpaWl
paWlpaWlpaWlpaWlpaWlpaWlpaWlpaWlpaWlpaWlpaWlpaWlpaWlpaWlpaWlpaWlpaWlpaWlpaWlpaWlpaWlpaWlpaWlpaWlpaWlpaWl
paWlpaWlpaWlpaWlpaWlpaWlpaWlpaWlpaWlpaWlpaWlpaWlpaWlpaWlpaWlpaWlpaWlpaWlpaWlpaWlpaWlpaWlpaWlpaWlpaWlpaWl
paWlpaWlpaWlpaWlpaWlpaWlpaWlpaWlpaWlpaWlpaWlpaWlpaWlpaWlpaWlpaWlpaWlpaWlpaWlpaWlpaWlpaWlpaWlpaWlpaWlpaWl
paWlpaWlpaWlpaWlpaWlpaWlpaWlpaWlpaWlpaWlpaWlpaWlpaWlpaWlpaWlpaWlpaWlpaWlpaWlpaWlpaWlpaWlpaWlpaWlpaWlpaWl
paWlpaWlpaWlpaWlpaWlpaWlpaWlpaWlpaWlpaWlpaWlpaWlpaWlpaWlpaWlpaWlpaWlpaWlpaWlpaWlpaWlpaWlpaWlpaWlpaWlpaWl
paWlpaWlpaWlpaWlpaWlpaWlpaWlpaWlpaWlpaWlpaWlpaWlpaWlpaWlpaWlpaWlpaWlpaWlpaWlpaWlpaWlpaWlpaWlpaWlpaWlpaWl
paWlpaWlpaWlpaWlpaWlpaWlpaWlpaWlpaWlpaWlpaWlpaWlpaWlpaWlpaWlpaWlpaWlpaWlpaWlpaWlpaWlpaWlpaWlpaWlpaWlpaWl
paWlpaWlpaWlpaWlpaWlpaWlpaWlpaWlpaWlpaWlpaWlpaWlpaWlpaWlpaWlpaWlpaWlpaWlpaWlpaWlpaWlpaWlpaWlpaWlpaWlpaWl
paWlpaWlpaWlpaWlpaWlpaWlpaWlpaWlpaWlpaWlpaWlpaWlpaWlpaWlpaWlpaWlpaWlpaWlpaWlpaWlpaWlpaWlpaWlpaWlpaWlpaWl
paWlpaWlpaWlpaWlpaWlpaWlpaWlpaWlpaWlpaWlpaWlpaWlpaWlpaWlpaWlpaWlpaWlpaWlpaWlpaWlpaWlpaWlpaWlpaWlpaWlpaWl
paWlpaWlpaWlpaWlpaWlpaWlpaWlpaWlpaWlpaWlpaWlpaWlpaWlpaWlpaWlpaWlpaWlpaWlpaWlpaWlpaWlpaWlpaWlpaWlpaWlpaWl
paWlpaWlpaWlpaWlpaWlpaWlpaWlpaWlpaWlpaWlpaWlpaWlpaWlpaWlpaWlpaWlpaWlpaWlpaWlpaWlpaWlpaWlpaWlpaWlpaWlpaWl
paWlpaWlpaWlpaWlpaWlpaWlpaWlpaWlpaWlpaWlpaWlpaWlpaWlpaWlpaWlpaWlpaWlpaWlpaWlpaWlpaWlpaWlpaWlpaWlpaWlpaWl
paWlpaWlpaWlpaWlpaWlpaWlpaWlpaWlpaWlpaWlpaWlpaWlpaWlpaWlpaWlpaWlpaWlpaWlpaWlpaWlpaWlpaWlpaWlpaWlpaWlpaWl
paWlpaWlpaWlpaWlpaWlpaWlpaWlpaWlpaWlpaWlpaWlpaWlpaWlpaWlpaWlpaWlpaWlpaWlpaWlpaWlpaWlpaWlpaWlpaWlpaWlpaWl
paWlpaWlpaWlpaWlpaWlpaWlpaWlpaWlpaWlpaWlpaWlpaWlpaWlpaWlpaWlpaWlpaWlpaWlpaWlpaWlpaWlpaWlpaWlpaWlpaWlpaWl
paWlpaWlpaWlpaWlpaWlpaWlpaWlpaWlpaWlpaWlpaWlpaWlpaWlpaWlpaWlpaWlpaWlpaWlpaWlpaWlpaWlpaWlpaWlpaWlpaWlpaWl
paWlpaWlpaWlpaWlpaWlpaWlpaWlpaWlpaWlpaWlpaWlpaWlpaWlpaWlpaWlpaWlpaWlpaWlpaWlpaWlpaWlpaWlpaWlpaWlpaWlpaWl
paWlpaWlpaWlpaWlpaWlpaWlpaWlpaWlpaWlpaWlpaWlpaWlpaWlpaWlpaWlpaWlpaWlpaWlpaWlpaWlpaWlpaWlpaWlpaWlpaWlpaWl
paWlpaWlpaWlpaWlpaWlpaWlpaWlpaWlpaWlpaWlpaWlpaWlpaWlpaWlpaWlpaWlpaWlpaWlpaWlpaWlpaWlpaWlpaWlpaWlpaWlpaWl
paWlpaWlpaWlpaWlpaWlpaWlpaWlpaWlpaWlpaWlpaWlpaWlpaWlpaWlpaWlpaWlpaWlpaWlpaWlpaWlpaWlpaWlpaWlpaWlpaWlpaWl
paWlpaWlpaWlpaWlpaWlpaWlpaWlpaWlpaWlpaWlpaWlpaWlpaWlpaWlpaWlpaWlpaWlpaWlpaWlpaWlpaWlpaWlpaWlpaWlpaWlpaWl
paWlpaWlpaWlpaWlpaWlpaWlpaWlpaWlpaWlpaWlpaWlpaWlpaWlpaWlpaWlpaWlpaWlpaWlpaWlpaWlpaWlpaWlpaWlpaWlpaWlpaWl
paWlpaWlpaWlpaWlpaWlpaWlpaWlpaWlpaWlpaWlpaWlpaWlpaWlpaWlpaWlpaWlpaWlpaWlpaWlpaWlpaWlpaWlpaWlpaWlpaWlpaWl
paWlpaWlpaWlpaWlpaWlpaWlpaWlpaWlpaWlpaWlpaWlpaWlpaWlpaWlpaWlpaWlpaWlpaWlpaWlpaWlpaWlpaWlpaWlpaWlpaWlpaWl
paWlpaWlpaWlpaWlpaWlpaWlpaWlpaWlpaWlpaWlpaWlpaWlpaWlpaWlpaWlpaWlpaWlpaWlpaWlpaWlpaWlpaWlpaWlpaWlpaWlpaWl
paWlpaWlpaWlpaWlpaWlpaWlpaWlpaWlpaWlpaWlpaWlpaWlpaWlpaWlpaWlpaWlpaWlpaWlpaWlpaWlpaWlpaWlpaWlpaWlpaWlpaWl
paWlpaWlpaWlpaWlpaWlpaWlpaWlpaWlpaWlpaWlpaWlpaWlpaWlpaWlpaWlpaWlpaWlpaWlpaWlpaWlpaWlpaWlpaWlpaWlpaWlpaWl
paWlpaWlpaWlpaWlpaWlpaWlpaWlpaWlpaWlpaWlpaWlpaWlpaWlpaWlpaWlpaWlpaWlpaWlpaWlpaWlpaWlpaWlpaWlpaWlpaWlpaWl
paWlpaWlpaWlpaWlpaWlpaWlpaWlpaWlpaWlpaWlpaWlpaWlpaWlpaWlpaWlpaWlpaWlpaWlpaWlpaWlpaWlpaWlpaWlpaWlpaWlpaWl
paWlpaWlpaWlpaWlpaWlpaWlpaWlpaWlpaWlpaWlpaWlpaWlpaWlpaWlpaWlpaWlpaWlpaWlpaWlpaWlpaWlpaWlpaWlpaWlpaWlpaWl
paWlpaWlpaWlpaWlpaWlpaWlpaWlpaWlpaWlpaWlpaWlpaWlpaWlpaWlpaWlpaWlpaWlpaWlpaWlpaWlpaWlpaWlpaWlpaWlpaWlpaWl
paWlpaWlpaWlpaWlpaWlpaWlpaWlpaWlpaWlpaWlpaWlpaWlpaWlpaWlpaWlpaWlpaWlpaWlpaWlpaWlpaWlpaWlpaWlpaWlpaWlpaWl
paWlpaWlpaWlpaWlpaWlpaWlpaWlpaWlpaWlpaWlpaWlpaWlpaWlpaWlpaWlpaWlpaWlpaWlpaWlpaWlpaWlpaWlpaWlpaWlpaWlpaWl
paWlpaWlpaWlpaWlpaWlpaWlpaWlpaWlpaWlpaWlpaWlpaWlpaWlpaWlpaWlpaWlpaWlpaWlpaWlpaWlpaWlpaWlpaWlpaWlpaWlpaWl
paWlpaWlpaWlpaWlpaWlpaWlpaWlpaWlpaWlpaWlpaWlpaWlpaWlpaWlpaWlpaWlpaWlpaWlpaWlpaWlpaWlpaWlpaWlpaWlpaWlpaWl
paWlpaWlpaWlpaWlpaWlpaWlpaWlpaWlpaWlpaWlpaWlpaWlpaWlpaWlpaWlpaWlpaWlpaWlpaWlpaWlpaWlpaWlpaWlpaWlpaWlpaWl
paWlpaWlpaWlpaWlpaWlpaWlpaWlpaWlpaWlpaWlpaWlpaWlpaWlpaWlpaWlpaWlpaWlpaWlpaWlpaWlpaWlpaWlpaWlpaWlpaWlpaWl
paWlpaWlpaWlpaWlpaWlpaWlpaWlpaWlpaWlpaWlpaWlpaWlpaWlpaWlpaWlpaWlpaWlpaWlpaWlpaWlpaWlpaWlpaWlpaWlpaWlpaWl
paWlpaWlpaWlpaWlpaWlpaWlpaWlpaWlpaWlpaWlpaWlpaWlpaWlpaWlpaWlpaWlpaWlpaWlpaWlpaWlpaWlpaWlpaWlpaWlpaWlpaWl
paWlpaWlpaWlpaWlpaWlpaWlpaWlpaWlpaWlpaWlpaWlpaWlpaWlpaWlpaWlpaWlpaWlpaWlpaWlpaWlpaWlpaWlpaWlpaWlpaWlpaWl
paWlpaWlpaWlpaWlpaWlpaWlpaWlpaWlpaWlpaWlpaWlpaWlpaWlpaWlpaWlpaWlpaWlpaWlpaWlpaWlpaWlpaWlpaWlpaWlpaWlpaWl
paWlpaWlpaWlpaWlpaWlpaWlpaWlpaWlpaWlpaWlpaWlpaWlpaWlpaWlpaWlpaWlpaWlpaWlpaWlpaWlpaWlpaWlpaWlpaWlpaWlpaWl
paWlpaWlpaWlpaWlpaWlpaWlpaWlpaWlpaWlpaWlpaWlpaWlpaWlpaWlpaWlpaWlpaWlpaWlpaWlpaWlpaWlpaWlpaWlpaWlpaWlpaWl
paWlpaWlpaWlpaWlpaWlpaWlpaWlpaWlpaWlpaWlpaWlpaWlpaWlpaWlpaWlpaWlpaWlpaWlpaWlpaWlpaWlpaWlpaWlpaWlpaWlpaWl
paWlpaWlpaWlpaWlpaWlpaWlpaWlpaWlpaWlpaWlpaWlpaWlpaWlpaWlpaWlpaWlpaWlpaWlpaWlpaWlpaWlpaWlpaWlpaWlpaWlpaWl
paWlpaWlpaWlpaWlpaWlpaWlpaWlpaWlpaWlpaWlpaWlpaWlpaWlpaWlpaWlpaWlpaWlpaWlpaWlpaWlpaWlpaWlpaWlpaWlpaWlpaWl
paWlpaWlpaWlpaWlpaWlpaWlpaWlpaWlpaWlpaWlpaWlpaWlpaWlpaWlpaWlpaWlpaWlpaWlpaWlpaWlpaWlpaWlpaWlpaWlpaWlpaWl
paWlpaWlpaWlpaWlpaWlpaWlpaWlpaWlpaWlpaWlpaWlpaWlpaWlpaWlpaWlpaWlpaWlpaWlpaWlpaWlpaWlpaWlpaWlpaWlpaWlpaWl
paWlpaWlpaWlpaWlpaWlpaWlpaWlpaWlpaWlpaWlpaWlpaWlpaWlpaWlpaWlpaWlpaWlpaWlpaWlpaWlpaWlpaWlpaWlpaWlpaWlpaWl
paWlpaWlpaWlpaWlpaWlpaWlpaWlpaWlpaWlpaWlpaWlpaWlpaWlpaWlpaWlpaWlpaWlpaWlpaWlpaWlpaWlpaWlpaWlpaWlpaWlpaWl
paWlpaWlpaWlpaWlpaWlpaWlpaWlpaWlpaWlpaWlpaWlpaWlpaWlpaWlpaWlpaWlpaWlpaWlpaWlpaWlpaWlpaWlpaWlpaWlpaWlpaWl
paWlpaWlpaWlpaWlpaWlpaWlpaWlpaWlpaWlpaWlkm8AIwAAAAAAAAAAAAAAAAAAAAAAAAAAAAAAAAAAAAAEiwAjAAAAAAAAAAAAAAAA
AAAAAAAAAAAAAAAAAAAAALCMACMAAAAAAAAAAAAAAADUjQAjAAAAAAAAAAAAAAAAAAAAAAAAAAAAAAAAAAAAAAAAAAAAAAAAAAAAAADg
F0UAAAAAAAAAAAAAAAAAAAAAmlkLIwAAAAAAAAAAAAAAAAAAAAAAAAAAAAAAAAAAAAAAAAAAAAAAAAAAAAAA4BdFAAAAAAAAAAAAAAAA
AAAAAAAAAAAAAAAAAAAAAAAAAAAAAAAAAAAAAAAAAAAAAAAAAAAAAAAAAAAAAAAAAAAAAAAAAAAAAAAAAAAAAAAAAACkYwsjAAAAAAAA
AABY4gwj8N0AQkgAAICQ7ABCaAAAgDjDAADQqAFCyKgBQljiDCPw3QBCSAAAgEAAAACM7ABC0KgBQmAAAACIqAFCIo4AIwAAAABQ9wJC
AAAAAHC2DCPw3QBCSAAAgJDsAEJoAACAWMMAALCoAUKoqAFCcLYMI/DdAEJIAACAQAAAAIzsAEKwqAFCYAAAAGioAUIijgAjSPgCQqD3
AkIAAAAAALMMI/DdAEJIAACAkOwAQmgAAICw4QAAyKgBQsCoAUIAswwj8N0AQkgAAIBAAAAAjOwAQsioAUJgAAAAgKgBQiKOACNyGQAj
8PcCQgAAAAAE+AJCGgAAAGAAAADw3QBCAuwEIxjiAACAqAFC6PgCQnRaCyPw3QBCSAAAgAT4AkL//////v///5/4AkLw3QBC/PcCQuj4
AkIBAAAAVK8MIwxmCyOgqAFCYAAAAAEAAAA8AAAAqPkCQgAAAAAAAAAAAAAAAAAAAAAweAAA6PgCQgLsBCNY4gAAWKgBQlj5AgB0Wgsj
/PcCQgAAAAAAAAAAU68MI1CRACMAAAAAAAAAAAAAAAAAAAAAAAAAAAAAAAAAAAAAAAAAAAAAAAAAAAAAAOAXRQAAAAAAAAAAAAAAAAAA
AAAAAAAAAAAAAAAAAAAAAAAAAAAAAAAAAAAAAAAAAAAAAAAAAAAAAAAAAAAAAAAAAAAAAAAAAAAAAAAAAAAAAAAABIsAIwAAAAAAAAAA
AAAAAAAAAAAAAAAAAAAAAAAAAAAAAAAAAAAAAAAAAAAA4BdFAAAAAAAAAAAAAAAAAAAAAAAAAAAAAAAAAAAAAAAAAAAAAAAAAAAAAAAA
AAAAAAAAAAAAAAAAAAAAAAAAAAAAAAAAAAAAAAAAAAAAAAAAAAAAAAAAAQAAAK75AEKWKwQjIAAAAAAAABD/////CAAAABAAAAABAAAA
JKoBQgUAAAAgqgFCIKoBQgAAAAAGAAAAAAAAADAUAkL/////AAAAAAEAAAAAsAwjALAMIwCAAUKlpaWlpaWlpaWlpaUDAAAAAAAAAAAA
AACgqgFCgHgAgACADCNg7wBCGLkBQgCwDCMAgAwjAAAAAAkAAAAszwUjzQAAAAkAAAAAAAAAFlAFIwCwDCMA8ABCAPAAQgDwAEI4AAAA
AwAAAMSADCM6vgUjIKoBQiCqAUKgqAFCDPoCQgAAAABw7wBCAPAAQqWlpaWlpaWlpaWlpQCADCMAsAwjALAMIwDwAEIA8ABCAPAAQnDv
AEJgGwFCYBsBQnZcBSOlpaWlpaWlpaWlpaWlpaWlpaWlpaWlpaWlpaWlpaWlpaWlpaWlpaWlpaWlpQAAAAClpaWlpaWlpQAAAAAICACA
paWlpaWlpaWlpaWlpaWlpaWlpaWlpaWlpaWlpaWlpaWlpaWlpaWlpaWlpaWlpaWlpaWlpaWlpaWlpaWlpaWlpaWlpaWlpaWlpaWlpaWl
paWlpaWlpaWlpaWlpaWlpaWlpaWlpaWlpaWlpaWlpaWlpaWlpaWlpaWlpaWlpaWlpaWlpaWlpaWlpaWlpaWlpaWlpaWlpaWlpaWlpaWl
paWlpaWlpaWlpaWlpaWlpaWlpaWlpaWlpaWlpaWlpaWlpaWlpaWlpaWlpaWlpaWlpaWlpaWlpaWlpaWlpaWlpaWlpaWlpaWlpaWlpaWl
paWlpaWlpaWlpaWlpaWlpaWlpaWlpaWlpaWlpaWlpaWlpaWlpaWlpaWlpaWlpaWlpaWlpaWlpaWlpaWlpaWlpaWlpaWlpaWlpaWlpaWl
paWlpaWlpaWlpaWlpaWlpaWlpaWlpaWlpaWlpaWlpaWlpaWlpaWlpaWlpaWlpaWlpaWlpaWlpaWlpaWlpaWlpaWlpaWlpaWlpaWlpaWl
paWlpaWlpaWlpaWlpaWlpaWlpaWlpaWlpaWlpaWlpaWlpaWlpaWlpaWlpaWlpaWlpaWlpaWlpaWlpaWlpaWlpaWlpaWlpaWlpaWlpaWl
paWlpaWlpaWlpaWlpaWlpaWlpaWlpaWlpaWlpaWlpaWlpaWlpaWlpaWlpaWlpaWlpaWlpaWlpaWlpaWlpaWlpaWlpaWlpaWlpaWlpaWl
paWlpaWlpaWlpaWlpaWlpaWlpaWlpaWlpaWlpaWlpaWlpaWlpaWlpaWlpaWlpaWlpaWlpaWlpaWlpaWlpaWlpaWlpaWlpaWlpaWlpaWl
paWlpaWlpaWlpaWlpaWlpaWlpaWlpaWlpaWlpaWlpaWlpaWlpaWlpaWlpaWlpaWlpaWlpaWlpaWlpaWlpaWlpaWlpaWlpaWlpaWlpaWl
paWlpaWlpaWlpaWlpaWlpaWlpaWlpaWlpaWlpaWlpaWlpaWlpaWlpaWlpaWlpaWlpaWlpaWlpaWlpaWlpaWlpaWlpaWlpaWlpaWlpaWl
paWlpaWlpaWlpaWlpaWlpaWlpaWlpaWlpaWlpaWlpaWlpaWlpaWlpaWlpaWlpaWlpaWlpaWlpaWlpaWlpaWlpaWlpaWlpaWlpaWlpaWl
paWlpaWlpaWlpaWlpaWlpaWlpaWlpaWlpaWlpaWlpaWlpaWlpaWlpaWlpaWlpaWlpaWlpaWlpaWlpaWlpaWlpaWlpaWlpaWlpaWlpaWl
paWlpaWlpaWlpaWlpaWlpaWlpaWlpaWlpaWlpaWlpaWlpaWlpaWlpaWlpaWlpaWlpaWlpaWlpaWlpaWlpaWlpaWlpaWlpaWlpaWlpaWl
paWlpaWlpaWlpaWlpaWlpaWlpaWlpaWlpaWlpaWlpaWlpaWlpaWlpaWlpaWlpaWlpaWlpaWlpaWlpaWlpaWlpaWlpaWlpaWlpaWlpaWl
paWlpaWlpaWlpaWlpaWlpaWlpaWlpaWlpaWlpaWlpaWlpaWlpaWlpaWlpaWlpaWlpaWlpaWlpaWlpaWlpaWlpaWlpaWlpaWlpaWlpaWl
paWlpaWlpaWlpaWlpaWlpaWlpaWlpaWlpaWlpaWlpaWlpaWlpaWlpaWlpaWlpaWlpaWlpaWlpaWlpaWlpaWlpaWlpaWlpaWlpaWlpaWl
paWlpaWlpaWlpaWlpaWlpaWlpaWlpaWlpaWlpaWlpaWlpaWlpaWlpaWlpaWlpaWlpaWlpaWlpaWlpaWlpaWlpaWlpaWlpaWlpaWlpaWl
paWlpaWlpaWlpaWlpaWlpaWlpaWlpaWlpaWlpaWlpaWlpaWlpaWlpaWlpaWlpaWlpaWlpaWlpaWlpQDeBiMAAAAAAAAAAAAAAAAS2Acj
AAAAAAAAAAAAAAAAAAAAAAAAAAAAAAAAAAAAAAAAAAAAAAAAAAAAAAAAAAAAAAAAAAAAAAAAAAAAAAAAAAAAAAAAAAAAAAAAAAAAAAAA
AAAAAAAAAAAAAAAAAAAAAAAAAAAAAAAAAAAAAAAAkm8AIwAAAAAAAAAAAAAAADreByMAAAAAAAAAAAAAAAAAAAAAAAAAAAAAAAAAAAAA
AAAAAAAAAAAAAAAAAAAAAASBByMAAAAAAAAAAAAAAAAAAAAAAAAAAAAAAAAAAAAAAAAAAAAAAAAAAAAAAAAAAAAAAAAAAAAAAAAAAAAA
AABQggcjAAAAAAAAAAAAAAAAAAAAAAAAAAAAAAAAAAAAAAAAAAAAAAAAAAAAAAAAAAAEiwAjAAAAAAAAAAAAAAAAAAAAAAAAAAAAAAAA
AAAAAAAAAAAAAAAAAAAAAAAAAAAAAAAAAAAAAAAAAAAAAAAAAAAAAAAAAAAAAAAAAAAAAAAAAAAAAAAAAAAAAAAAAAAAAAAAAAAAAAAA
AAAAAAAAAAAAAAAAAAAAAAAAAAAAAAAAAAAAAAAAAAAAADZgACMgAAAADwAAAAAAAAB4qwFC/////wEAAADMrwFCHwAAAMivAULIrwFC
AAAAAAAAAABIAgNCAAAAAEACA0KcqwFCpaWlpaWlpaWlpaWlpaWlpaWlpaWlpaWlpaWlpQEAAAABAAAAAQAAAP8AAACAeACAyK8BQvLd
BiMAAAAA/////wcIAAClpaWlAAAAAMWIAgClpaWlpaWlpaWlpaWlpaWlpaWlpQCAAUIBAAAAMt4GI6WlpaWlpaWlAp4AKAAAAAClpaWl
paWlpaWlpaUAAAAApaWlpaWlpaUAAAAAcAoAgAYAIBAADAAEABIMAAAKBgAAAAAAAPa/i6GluKX7oWP4MHFpayUItX+i6U1QAcCJI0Nh
d8rFEghxfsTk7sKTfAWz01DE56zIBYIfULgODAMUNsebsSruhsq7ujhkbk1QE81/8P5nELdMXv8A5EZnC1D2f/qPoGfdVQEpWIdQoKnk
xVW9q2qMEvJKAAkMnVVo/N7b6xfVhperAyRGIwV0KkF8R59xfOaMzYeFYIyIQObCjW+IYROG7teYK+jFdsQeHGwfPWpXVlv5iSNPRIBH
WICa6y7uHbuZgtKgISZRWOAwyIWqZ8Sk/b2FI2VNUTWQRcdX/6+w//g2Sbq4A59AYKTEvIvO+l3Au4oUjxMFAQAAAQAAHgwAAAEANwAA
AAkAeyJkYXRhIjp7ro7MFJGAsZL+TqPe0DUym8/OKdImHrFhjOHsdcKfqv8gHGOxUA9QiIDIzrX339+x0cFESA9S9Blqn1ul2K7f9eRV
0CmIC60T9K6BMqT/+L+xAaHV5joljP/UVPSb6mKrprXhiw+CpQhtLf/5uD/wf7IR3J2FRNWFqPeR24IhtPlFAAFCxZAwBuuyZhVB1Vve
N6kDgoFT40knxVPuLd/uIhEzYQAyUvElWbfRyMb6L8foZSdA7WWIwfS7V1Ls7Wm0jiCkWSnXCULU0H3vjR8OmyB0gW7MrwaozH/a2v9b
e4vIShSYAXfAqG3xUpr+7p7noKKHB+JGT1jBd2j/+WXo7sQiVDKvQG31zvn4mWBzshHAAplYGRCFBabecH5bae2/SgHQIgdDDFqyqBnu
XKAv+8PG++MMAsDs98WVfPw35vucpqJaJeiPdGz61U/ZdZXnwTMoY7VgiTWilc3xXRbq88HFUhSQTk875a8p8DbB6aEyMRDBAABVaz2g
tb3N6O9v/VTSAmxrFklH5/uMfNe7EwcQUCAPS6DHv9Hj9BWhnKyp4NlJGVomg7v17vD6mwFslI5nlTo/ZAE8fxu3q+5gzyp8lcNFEMuP
1hu56os0ofyPE6OSlLSjKxTa+guBb5XevQgoEYMZxumw/a/82pjfMxeiFgc9NAZYtsvaE1990905BJV3EyncoD4aWzkRu26OoGI1UFwU
ggQ4GPRuKWZO3SPBSUC9AAgY/bKVXb7O+XsAmaFKsxAknK3e9fk315/qQEXgOMdgbnaQlZX/2r+6vZwlkKHlj6AXrZmZvdhnRzZHNPEi
9aQqAhUEvdmVpN3OGSEVbksW5FPM++ZoFwvv6fQiQSOoRGqpPPXO2X/jEV8qhOUUlQmokn/vmVXufvr4NRWKrVgPA409m7yyh/yf/Awt
CQQOmJTG3ot+u5dmXRncLb+HKWx7jMd7V+8avrpfAovHKSkngYvnak45M12uuDaCoTTmGAIOB+oH8VLyrVGLmQkSDkoAn/pxvaru+p0f
1ZAFjOAebMgPveaT+DROvkGQUywho0sKnLNdqwz78mnE3T4ByBBCSfBm/cny/HjAwfD3GW88Y1wT2eacvVl80AVFXRtfCCLwY5/ov+P4
+JT0mStWBnC9Crv3vut9XP/xO06lbiluwIaS+706v+9v66wQDVjXzAKZ5erfW6TZbqlTN4aSlPntmwy0UtLvUCh9qiE4JBFGbUpqmtj+
I8+VgUAB9DTcNZABbJcwrPtDezzXGaGMyAWCHYbgrxbk023lgQSHxMseIwP/iW0eIiWws2pqhQkNQXIxTsv5Pyh9n465WGI0QDUARKEL
L7+1s9FjIQVKmY6koWw/w/VLpXtDrAmZih6kiHgITXPf77+332Fs4VBrtp+JVYDitl2oI32kq+V6hkkRBLDyHUrnomvbf0vh8C0TAl3G
O5mkwV8Je5w7rj4+wispY8u2zFkVqd3aLBwxF+SSrSLf/zXPtsr+JAiiJFSmRr9Y3v9Ca7hK9N4GqSAEcBFACGX/wdvot8Z21PoFCBaL
wjI3mvfiRP2By0FduUTENYuZel70y5zuz4lXx73kRR7VEr6Jp4qEEmtsFBGrC3yHFNbi82iz/Nf82RNUjrgCmEAGIb/d978c/OO/c1or
MDJSMGjJlEf1/WoNlbQTL9U01ELPuyqjbvEvjGl6MWJDQycBgHCf335Nf5godsnd4yxCjLdjpz8uqKKfY0AcwaHC6T+0uMe82v2ToeUg
yYkoBigACnhgX5yU998SETpkCwRAouy+5xf1lWfnQNuQp/JWR0LnpaV8+hf54g9JZ2jqFcwA/fdFjCWZ/NuUuBGC9mRHYDX8OHoWk6D7
GA0QCxZ4y5TX1kJ0XTLMd0gDKaJGZMXOcNfvxMfXRNuTQLCyMT7TsLHufN4VV137I6lIQWyX1bMGDU6SmthqDzZjkZECfnAZR1fapNdq
kNPQyslYYPqCAKiWWpP1/Kf/HMvPsDuQPjPiIr6lZU75JVVA4gZzCVQPyMVEvnR42X4FAKoDGkN5SPZHpW7KyxR/ORRXo8s6ecqQ+7/j
fY/Has0EwxSyXC+MXsKzPl7YdZ9DlURAlkEMLNi5THaE65LfGsPSp5S4MhZ/js/dVPefV7Z+GRheqiMF9bfP++2arULSSZkbAUq6P02M
VsibGXe0VQdWBSRlLiXme4f3vB/95xYwSsJaSEHUyRvdXfQO5bZzA58CAi1CAc3xRVin7ClUZgjRrAG3AgVir/T2AfW+G8WFyRhsPaQN
W/YJ/2vZBSeF4FIADyzDsft5N3eqvf2/JaEeaMyfndauRi9JNvXeTUWNHFJjC+Fc8yMLKkTiOFf1GPJHKyOkAm853v9grKQ+1VIPeJEQ
12bkbCK7cNj+xxwEUAKIzj5FP3rMfn08yHVPBjXBwR+L5Lz1jsssmyWf2igAIut8dl1d6+W9gDa+wVyGGSachk25DDem5zOaiIOII+ii
6Qi0BWFUb2/noFwWrwAFqCSYnbS53OHf7h+d7t4Yr6I0UtTeX5r8G0XwxV/BCiSUzgIRBqOb+M88ahHqBizuExViICTGPLcNSPp6fykW
IpHgVAPpyhv12t9+DkTtQTaCmccui4Sq0rR1dA+b1QIOECeqOgekksvvLqyM9wU/OKaffwuTzvy9x8fl58/oM0AwXUnkCoXnlrmOr+dU
MYjfYABc8d2d4j9vx/+/32byiVMla11Zd52v+J8d686jAcobRHqm462TZepo2aDLXb6A4JRCleDYW067vCTkNhERGieM3rlcrTl78/ts
IuLGCSRGGNvGQduvAP36t/k9SgUhGxcAUSup109mAJY9xZY3cEkiKLjzF/n/tyNP+ObRStYRQEHIYD5b7Hfyn/wLw6xPVYGk9gv//PuP
e7jf3AkLEhQjfCnLez+kmXWUz50NNidovACoSHriwr3upp2+GGwUIpKvyNB8CMOLj6BEpQPhoUZC5L8B/2CfT/DVSyiBk4z94haHS2/7
b+e9ZSPyAhjXIk1bjhX7UGL1Gnu6/qocZigbVdjUfov9mXrsuTr30ogOQETvZpui9wOuzDZlAPRsp/SElyiWYKIS/BMyWYSGRWKIQWdA
OYTNPXnaiS8JTUcqhhkMUp6adeS9zMvjl5JmJiWcqbF+S4mmXtIOrQAAAABgAACAKA0DQigNA0IsDQNCKA0DQgAAAADwDANC//////AM
A0LwDANCAAAAAAQNA0L/////BA0DQgQNA0IAAAAAAQAAAAQAAAD//wDLkhJSTwBXdxWS5y9zVXHy+AAAAACoAACAiA0DQpANA0LYDQNC
jA0DQgAAAABQDQNC/////1ANA0JQDQNCAQAAAGQNA0L/////ABYDQgAWA0IAAAAAFAAAAAQAAAD//wCOdDUDBACtknnwHwFC8B8BQvAf
AULwHwFC8B8BQvAfAULwHwFC8B8BQvAfAULwHwFC8B8BQvAfAULwHwFC8B8BQvAfAULwHwFC8B8BQvAfAULwHwFC8B8BQgAAAAAICACA
paWlpaWlpaWlpaWlpaWlpaWlpaWlpaWlpaWlpaWlpaWlpaWlpaWlpaWlpaWlpaWlpaWlpaWlpaWlpaWlpaWlpaWlpaWlpaWlpaWlpaWl
paWlpaWlpaWlpaWlpaWlpaWlpaWlpaWlpaWlpaWlpaWlpaWlpaWlpaWlpaWlpaWlpaWlpaWlpaWlpaWlpaWlpaWlpaWlpaWlpaWlpaWl
paWlpaWlpaWlpaWlpaWlpaWlpaWlpaWlpaWlpaWlpaWlpaWlpaWlpaWlpaWlpaWlpaWlpaWlpaWlpaWlpaWlpaWlpaWlpaWlpaWlpaWl
paWlpaWlpaWlpaWlpaWlpaWlpaWlpaWlpaWlpaWlpaWlpaWlpaWlpaWlpaWlpaWlpaWlpaWlpaWlpaWlpaWlpaWlpaWlpaWlpaWlpaWl
paWlpaWlpaWlpaWlpaWlpaWlpaWlpaWlpaWlpaWlpaWlpaWlpaWlpaWlpaWlpaWlpaWlpaWlpaWlpaWlpaWlpaWlpaWlpaWlpaWlpaWl
paWlpaWlpaWlpaWlpaWlpaWlpaWlpaWlpaWlpaWlpaWlpaWlpaWlpaWlpaWlpaWlpaWlpaWlpaWlpaWlpaWlpaWlpaWlpaWlpaWlpaWl
paWlpaWlpaWlpaWlpaWlpaWlpaWlpaWlpaWlpaWlpaWlpaWlpaWlpaWlpaWlpaWlpaWlpaWlpaWlpaWlpaWlpaWlpaWlpaWlpaWlpaWl
paWlpaWlpaWlpaWlpaWlpaWlpaWlpaWlpaWlpaWlpaWlpaWlpaWlpaWlpaWlpaWlpaWlpaWlpaWlpaWlpaWlpaWlpaWlpaWlpaWlpaWl
paWlpaWlpaWlpaWlpaWlpaWlpaWlpaWlpaWlpaWlpaWlpaWlpaWlpaWlpaWlpaWlpaWlpaWlpaWlpaWlpaWlpaWlpaWlpaWlpaWlpaWl
paWlpaWlpaWlpaWlpaWlpaWlpaWlpaWlpaWlpaWlpaWlpaWlpaWlpaWlpaWlpaWlpaWlpaWlpaWlpaWlpaWlpaWlpaWlpaWlpaWlpaWl
paWlpaWlpaWlpaWlpaWlpaWlpaWlpaWlpaWlpaWlpaWlpaWlpaWlpaWlpaWlpaWlpaWlpaWlpaWlpaWlpaWlpaWlpaWlpaWlpaWlpaWl
paWlpaWlpaWlpaWlpaWlpaWlpaWlpaWlpaWlpaWlpaWlpaWlpaWlpaWlpaWlpaWlpaWlpaWlpaWlpaWlpaWlpaWlpaWlpaWlpaWlpaWl
paWlpaWlpaWlpaWlpaWlpaWlpaWlpaWlpaWlpaWlpaWlpaWlpaWlpaWlpaWlpaWlpaWlpaWlpaWlpaWlpaWlpaWlpaWlpaWlpaWlpaWl
paWlpaWlpaWlpaWlpaWlpaWlsJwAIwAAAAAAAAAAAAAAAAAAAAAAAAAAAAAAAAAAAAAAAAAAAAAAAAAAAAAAAAAAAAAAAAAAAAAAAAAA
AAAAAAAAAAAAAAAAAAAAAAAAAAAAAAAAAAAAAAAAAAAAAAAAAAAAAAAAAAAAAAAAAAAAAAAAAAAAAAAAAAAAAAAAAAAAAAAAAAAAACAA
AAA+xwBCIAAAAAAAACClpaWliHgAgAAAHwCIeACAAAAAACAAAAD//3//ALAAQNQ2ASH/////0BYDQkgTA0IA0ABCABAAAAAAAABkLgAA
EAAAAP////8CZgsjAAAAAAAAAAAAAAAAAAAAAAAAAAAAAAAAAAAAAAAAAAAAAAAAAAAAAAAAAAAAAAAAAAAAAAAAAAAAAAAAAAAAAAAA
AAAAAAAAAAAAAAAAAAAAAAAAAAAAAAAAAAAAAAAAAAAAAAAAAAAAAAAAAAAAAAAAAAAAAAAAAAAAAAAAAAAAAAAAQAAAACJiCyMgAAAA
AAAAUKWlpaVo4AwjFwAAAAAAAAC4FANCAwAAAGgsA0InAAAAFwAAAAAAAKAAoAAAABUDQhQUA0Lw3QBCtRQDQvz///8cFANC/f////z/
//+1FANC8N0AQhQUA0IAFQNCFwAAAGjgDCMMZgsjAAAAAAAAAAADAAAAJwAAALwVA0IAAAAAAAAAAAAAAAAEiwAjAAAAAAAAAAAAAAAA
AAAAAAAAAAAAAAAAAAAAAAAAAAAAAAAAAAAAAAAAAAAAAAAAAAAAAAAAAAAAAAAAAAAAAAAAAAAAAAAAAAAAAAAAAAAAAAAAAAAAAAAA
AAAAAAAAAAAAAAAAAAAAAAAAAAAAAAAAAAAAAAAAAAAAAASLACMAAAAAAAAAAAAAAAAAAAAAAAAAAAAAAAAAAAAAAAAAAAAAAAAAAAAA
AAAAAAAAAAAAAAAAAAAAAAAAAAAAAAAAAAAAAAAAAAAAAAAAAAAAAAAAAAAAAAAAAAAAAAAAAAAAAAAAAAAAAAAAAAAAAAAAAAAAAAAA
AAAAAAAAAAAAAAAAAAAAAAAANmAAIyAAAAAAAAAwpaWlpTgNA0L/////AQAAAOwVA0IeAAAA6BUDQugVA0IAAAAAKB8BQlQrA0IAAAAA
tBUDQlwNA0KlpaWlpaWlpaWlpaWlpaWlpaWlpaWlpaWlpaWlAAAAAAAAAAAAAAAAECwDQoB4AIDoFQNC6BUDQgAAAAD/////VCsDQqWl
paUAAAAAwogCAKWlpaWlpaWlpaWlpaWlpaWlpaWlAIABQvAfAUKmpggjAAAAAAAAAAAQLANCAAAAAKWlpaUAgAFC8B8BQrS0CCOlpaWl
paWlpaWlpaUAAAAApaWlpaWlpaUAAAAAaAAAgGgUA0JTMwAAzK8BQvQDAkLoFQNChAEBQgIAAABkDQNCZA0DQugVA0JcDQNCHgAAAOAN
A0J3b3JrX3FfdGhyZWFkADcAAAAAAA0AAACACX4aHgAAAAAAAAAAAAAAAABpaAAAAACoAACAoBYDQqQWA0LwFgNCoBYDQgAAAABoFgNC
/////2gWA0JoFgNCAAAAAHwWA0L/////fBYDQnwWA0IAAAAAFAAAAAQAAAD//wDiGN8PJgD+a1wwsAFCULABQjCwAUJQsAFCMLABQlCw
AUIwsAFCULABQjCwAUJQsAFCMLABQlCwAUIwsAFCULABQjCwAUJQsAFCMLABQlCwAUIwsAFCULABQgAAAABYAACA+BYDQvgWA0L4FgNC
+BYDQgAAAAAQFwNC/////xAXA0IQFwNCAQAAACQXA0L/////yB0DQsgdA0IAAAAAAQAAAAAAAAD//wD99rRifQJE8LEAAAAAWAAAgAAA
AABQFwNCAAAAAAAAAAAAAAAAaBcDQv////9oFwNCaBcDQgAAAAB8FwNC/////3wXA0J8FwNCAQAAAAEAAAAAAAAA//8ASzkn3sMEhacU
AAAAAAgGAIClpaWlpaWlpaWlpaWlpaWlpaWlpaWlpaWlpaWlpaWlpaWlpaWlpaWlpaWlpaWlpaWlpaWlpaWlpaWlpaWlpaWlpaWlpaWl
paWlpaWlpaWlpaWlpaWlpaWlpaWlpaWlpaWlpaWlpaWlpaWlpaWlpaWlpaWlpaWlpaWlpaWlpaWlpaWlpaWlpaWlpaWlpaWlpaWlpaWl
paWlpaWlpaWlpaWlpaWlpaWlpaWlpaWlpaWlpaWlpaWlpaWlpaWlpaWlpaWlpaWlpaWlpaWlpaWlpaWlpaWlpaWlpaWlpaWlpaWlpaWl
paWlpaWlpaWlpaWlpaWlpaWlpaWlpaWlpaWlpaWlpaWlpaWlpaWlpaWlpaWlpaWlpaWlpaWlpaWlpaWlpaWlpaWlpaWlpaWlpaWlpaWl
paWlpaWlpaWlpaWlpaWlpaWlpaWlpaWlpaWlpaWlpaWlpaWlpaWlpaWlpaWlpaWlpaWlpaWlpaWlpaWlpaWlpaWlpaWlpaWlpaWlpaWl
paWlpaWlpaWlpaWlpaWlpaWlpaWlpaWlpaWlpaWlpaWlpaWlpaWlpaWlpaWlpaWlpaWlpaWlpaWlpaWlpaWlpaWlpaWlpaWlpaWlpaWl
paWlpaWlpaWlpaWlpaWlpaWlpaWlpaWlpaWlpaWlpaWlpaWlpaWlpaWlpaWlpaWlpaWlpaWlpaWlpaWlpaWlpaWlpaWlpaWlpaWlpaWl
paWlpaWlpaWlpaWlpaWlpaWlpaWlpaWlpaWlpaWlpaWlpaWlpaWlpaWlpaWlpaWlpaWlpaWlpaWlpaWlpaWlpaWlpaWlpaWlpaWlpaWl
paWlpaWlpaWlpaWlpaWlpaWlpaWlpaWlpaWlpaWlpaWlpaWlpaWlpaWlpaWlpaWlpaWlpaWlpaWlpaWlpaWlpaWlpaWlpaWlpaWlpaWl
paWlpaWlpaWlpaWlpaWlpaWlpaWlpaWlpaWlpaWlpaWlpaWlpaWlpaWlpaWlpaWlpaWlpaWlpaWlpaWlpaWlpaWlpaWlpaWlpaWlpaWl
paWlpaWlpaWlpaWlpaWlpaWlpaWlpaWlpaWlpaWlpaWlpaWlpaWlpaWlpaWlpaWlpaWlpaWlpaWlpaWlpaWlpaWlpaWlpaWlpaWlpaWl
paWlpaWlpaWlpaWlpaWlpaWlpaWlpaWlpaWlpaWlpaWlpaWlpaWlpaWlpaWlpaWlpaWlpaWlpaWlpaWlpaWlpaWlpaWlpaWlpaWlpaWl
paWlpaWlpaWcfwcjAAAAAAAAAAAAAAAAAAAAAAAAAAAAAAAAAAAAAAAAAAAAAAAAAAAAAAAAAAAEiwAjAAAAAAAAAAAAAAAAAAAAAAAA
AAAAAAAAAAAAAAAAAAAAAAAAAAAAAAAAAAAAAAAAAAAAAAAAAAAAAAAAAAAAAAAAAAAAAAAAAAAAAAAAAAAAAAAAAAAAAAAAAAAAAAAA
AAAAAAAAAAAAAAAABIsAIwAAAAAAAAAAAAAAAAAAAAAAAAAAAAAAAAAAAAAAAAAAAAAAAAAAAAAAAAAAAAAAAAAAAAAAAAAAAAAAAAAA
AAAAAAAAAAAAAAAAAAAAAAAAAAAAAAAAAAAAAAAAAAAAAAAAAAAAAAAAAAAAAAAAAAAAAAAAAAAAAAAAAAAAAAAAAAAAAAAAAACeYQAj
IAAAAA8AAAClpaWl+BYDQv////8BAAAAtB0DQh0AAACwHQNCsB0DQgAAAAAwKgNC0CoDQgAAAAAAAAAAHBcDQpjcAEJAHgFCAOANI+zc
AEKo3ABCMLABQqWlpaWlpaWlpaWlpaWlpaWlpaWlgHgAgCAAAAAPAAAAAN0AQv/////Y3ABCAQAAAAAAAADFiAIAMLABQqjcAEL/D///
/////wMAAAD/////2NwAQjKnCCMDAAAA/////9jcAEIEswgjqNwAQjCwAUKlpaWlAgAAAKWlpaWY3ABC/w///xTdAEIDAAAA2NwAQvjb
AEL8IwgjpaWlpaWlpaWlpaWlpaWlpaWlpaWlpaWlpaWlpaWlpaWlpaWlpaWlpaWlpaUAAAAApaWlpaWlpaUAAAAAaAAAgPAbA0KGOzcA
zCYDQsyvAUKwHQNChAEBQgMAAAAkFwNCJBcDQrAdA0IcFwNCHQAAAKgXA0JoY2lfdHhfdGhyZWFkAEYAAAAAAA4AAABej2v8HQAAAAAA
AAAAAAAAAABM0QAAAACoAACAaB4DQpAeA0K4HgNCjB4DQgAAAAAwHgNC/////zAeA0IwHgNCAQAAAEQeA0L/////4CYDQuAmA0IAAAAA
FAAAAAQAAAD//wBcOvqoJwCCEBNotQFCaLUBQmi1AUJotQFCaLUBQmi1AUJotQFCaLUBQki1AUJItQFCaLUBQmi1AUJotQFCaLUBQmi1
AUJotQFCaLUBQmi1AUJotQFCaLUBQgAAAAAICACApaWlpaWlpaWlpaWlpaWlpaWlpaWlpaWlpaWlpaWlpaWlpaWlpaWlpaWlpaWlpaWl
paWlpaWlpaWlpaWlpaWlpaWlpaWlpaWlpaWlpaWlpaWlpaWlpaWlpaWlpaWlpaWlpaWlpaWlpaWlpaWlpaWlpaWlpaWlpaWlpaWlpaWl
paWlpaWlpaWlpaWlpaWlpaWlpaWlpaWlpaWlpaWlpaWlpaWlpaWlpaWlpaWlpaWlpaWlpaWlpaWlpaWlpaWlpaWlpaWlpaWlpaWlpaWl
paWlpaWlpaWlpaWlpaWlpaWlpaWlpaWlpaWlpaWlpaWlpaWlpaWlpaWlpaWlpaWlpaWlpaWlpaWlpaWlpaWlpaWlpaWlpaWlpaWlpaWl
paWlpaWlpaWlpaWlpaWlpaWlpaWlpaWlpaWlpaWlpaWlpaWlpaWlpaWlpaWlpaWlpaWlpaWlpaWlpaWlpaWlpaWlpaWlpaWlpaWlpaWl
paWlpaWlpaWlpaWlpaWlpaWlpaWlpaWlpaWlpaWlpaWlpaWlpaWlpaWlpaWlpaWlpaWlpaWlpaWlpaWlpaWlpaWlpaWlpaWlpaWlpaWl
paWlpaWlpaWlpaWlpaWlpaWlpaWlpaWlpaWlpaWlpaWlpaWlpaWlpaWlpaWlpaWlpaWlpaWlpaWlpaWlpaWlpaWlpaWlpaWlpaWlpaWl
paWlpaWlpaWlpaWlpaWlpaWlpaWlpaWlpaWlpaWlpaWlpaWlpaWlpaWlpaWlpaWlpaWlpaWlpaWlpaWlpaWlpaWlpaWlpaWlpaWlpaWl
paWlpaWlpaWlpaWlpaWlpaWlpaWlpaWlpaWlpaWlpaWlpaWlpaWlpaWlpaWlpaWlpaWlpaWlpaWlpaWlpaWlpaWlpaWlpaWlpaWlpaWl
paWlpaWlpaWlpaWlpaWlpaWlpaWlpaWlpaWlpaWlpaWlpaWlpaWlpaWlpaWlpaWlpaWlpaWlpaXKdAAjAAAAAAAAAAAAAAAAAAAAAAAA
AAAAAAAAAAAAAOCNACMAAAAAAAAAAAAAAAAAAAAAAAAAAAAAAAAAAAAAAAAAAAAAAAAAAAAAAAAAAKZZCyMAAAAAAAAAAAAAAAAAAAAA
AAAAAAAAAAAAAAAAAAAAAAAAAAAAAAAAAAAAAIZlCyMAAAAAAAAAAAAAAAAAAAAAAAAAAAAAAAAAAAAAAAAAAAAAAAAAAAAAAAAAAAAA
AAAAAAAAAAAAAAAAAAAAAAAAAAAAAAAAAAAAAAAAAAAAAAAAAAAAAAAAhLYMI/DdAEJIAACAkOwAQmgAAIDI4QAAsKgBQqioAUKEtgwj
8N0AQkgAAIBAAAAAjOwAQrCoAUJgAAAAaKgBQiKOACMAAAAAWCMDQgAAAABsIwNCDwAAAGAAAADw3QBCAuwEIzDiAABoqAFCUCQDQnRa
CyMAAAAAAAAAAGwjA0L9/////P///wUkA0Lw3QBCZCMDQlAkA0IdAAAATrUMIwxmCyMAAAAAAAAAAAMAAAAwAAAADCUDQgAAAAAAAAAA
AAAAAAAAAAAweAAAUCQDQlz5AEIGAAAAAAAAAAAAAAAAAAAAZCMDQgAAAAAAAAAAMbUMI7iyAyMAAAAAAAAAAAAAAAAAAAAAAAAAAAAA
AAAAAAAAAAAAAAAAAAAAAAAAAAAAAAAAAAAAAAAAAAAAAAAAAAAAAAAAAAAAAAAAAAAAAAAAAAAAAAAAAAAAAAAAAAAAAAAAAAAAAAAA
AAAAAAAAAAAAAAAAAAAAAAAAAAAAAAAAAAAAAAAAAACwJANCUJEAIyAAAAAAAAAQpaWlpQAAAABoAAAAAAAPD2gAAACl4wwjAAAAAAAA
AAAAoABABgAAAAAAAAAAoABAAIAMIwCwDCMAAAAAWKgBQgwAAAAUAAAApaWlpaWlpaWlpaWlkw3DKQAAAAAAAAAAYgUFK4B4AIAwAAAA
AwAAAKL5AEIiHQAjBIsAIwAAAADEgAwj+vsAIwAAAAAAAAAAAAAAAKwkA0IEiwAjAAAAAAAAAAAAAAAAAAAAAAAAAAAAAAAAAAAAAAAA
AAAAAAAAAAAAAAAAAAAAAAAAAAAAAAAAAAAAAAAAAAAAAAAAAAAAAAAAAAAAAAAAAAAAAAAAAAAAAAAAAAAAAAAAAAAAAAAAAAAAAAAA
AAAAAAAAAAAAAAAAAAAAAAAAAAAAAAAACKgBQtJcACMgAAAACNsAQqWlpaX4FgNCBIsAIwAAAAAAAAAAAAAAAAAAAAAAAAAAAAAAAAAA
AAAAAAAAAAAAAAAAAAAAAAAAAAAAAAAAAAAAAAAAAAAAAAAAAAAAAAAAAAAAAAAAAAAAAAAAAAAAAAAAAAAAAAAAAAAAAAAAAAAAAAAA
AAAAAAAAAAAAAAAAAAAAAAAAAAAAAAAAAAAAAAAAAAA2YAAjIAAAAAjbAEKlpaWlGB4DQv////8BAAAAzCYDQhwAAADIJgNCyCYDQgAA
AABItQFCPLEBQgAAAACEJgNCPB4DQqWlpaWlpaWlpaWlpaWlpaWlpaWlpaWlpaWlpaWTDcMpAAAAAAAAAABiBQUrgHgAgKWlpaUBAAAA
aCYDQv/////IJgNCyCYDQgAAAADFiAIAPLEBQqWlpaWlpaWlpaWlpVjpAEKlpaWlAPAAQqamCCOlpaWlpaWlpaWlpaUAAAAAAAAAAAAA
AABiBQUrPq4II6WlpaWlpaWlAPAAQlgHCCOlpaWlpaWlpaWlpaUAAAAApaWlpaWlpaUAAAAAaAAAgDglA0K1vAAAJKoBQrQdA0LIJgNC
hAEBQgQAAABEHgNCRB4DQsgmA0I8HgNCHAAAAMAeA0JyZWN2X3RocmVhZADRcGoAAAAAAA8AAAAKBQNKHAAAAAAAAAAAAAAAAABJNwAA
AACAAACAgCcDQognA0KoJwNChCcDQgAAAABIJwNC/////0gnA0JIJwNCAAAAAFwnA0L/////XCcDQlwnA0IAAAAACgAAAAQAAAD//wB2
Wvm/TQDSVdx4ggFCeIIBQniCAUJ4ggFCeIIBQniCAUJ4ggFCeIIBQniCAUJ4ggFCAAAAAFgAAICwJwNCsCcDQrAnA0KwJwNCAAAAAMgn
A0L/////yCcDQsgnA0IAAAAA3CcDQv/////cJwNC3CcDQgEAAAACAAAAAAAAAP//AMJCtZrtAncRzAAAAAAQAACAbOwNIxgoA0IAAAAA
EAAAgAABAAAoKANCAAAAAAgCAIAgAAAFAAEABAATDABhBQUrDwAABQCUnB38dLYSkw3DKQAAAAD//wC9UdoKCALCNgFAiQRCoNcAAEoU
sRHg6iph3LXrfUj820EJq6t8v+A/F2+/xu2Sz1i5dCrCgHfc1yg/uZJ2mvj19ocC3BwZJi9OCys5x/u2v+zbQHl8Dm9TAFuD9tHv2fug
WjNSRTE6TS93/9ft2lZP58WASwI5sVW79Qty74xhtFr4435MlsOTJguJtdGSf/SOI0NFZUZPG1dt8F67t62JJwa9wonq1bq5UNuIewCE
7ffhIYEMFIAdcHH2+3s/UOcR4MJxMAtOIDhi/64QnjLs3gUkp7IVWafW8db3o/+Qma5OAFGoHHaUIZ2w07XTlHi8cotcxtEkBzrTmPR8
k552wGAU/ECxIYVZcnnG5fw4zzklipaXOxZp653KyxKG9XF6BhR8QMk+sIR3+bPP1O3+mE2dtbRMBCAz+RnD9v1+BKZAJtcw6ga0bxWN
3ypS2romgkVBApzOaBpc2jVKdpkz/JEvGtGgoqqMf2ma/Uis0pMQYVhCrnHDYzXU+bDPfu9pJAURM1yCFlL0bm0lxbK7R/dgOQVMZGAd
dzck8E/nc+sY4AU0m5vxAAvf//byi7z3UCqBpIroJGA2RK9wiIB5tQABiQjtLCZ7aPV8nryzkIloeCkNDbHDwgAAAABIAACAAAAAAAAA
AokAAAAABQAAAQAAAAACHwFC+0gJmvR3uvRFAdtdszHF96h21Y27d+ars2Rkb80C456Yu/vOgpD5vwAAAABgAACAyCoDQsgqA0LQKgNC
yCoDQgAAAACQKgNC/////5AqA0KQKgNCAAAAAKQqA0L/////pCoDQqQqA0IBAAAAAgAAAAQAAAD//wAOd0cBOAAf1yAwKgNCMCoDQgAA
AACoAACAKCsDQlQrA0J4KwNCLCsDQgAAAADwKgNC//////AqA0LwKgNCAAAAAAQrA0L/////BCsDQgQrA0IJAAAAFAAAAAQAAAD//wBd
knYRDwChk0ooHwFCOB8BQkgfAUJYHwFCaB8BQngfAUKIHwFCmB8BQqgfAUK4HwFCKB8BQjgfAUJIHwFCWB8BQmgfAUJ4HwFCiB8BQpgf
AUKoHwFCuB8BQgAAAAA4AACAnOwMI5aUEjA067ry/YrxPWRVMBMAAAAA6AMAAKAgAUJYtAgjoSHq9QD2WpVrdR5PAAAAAFgAAIC4KwNC
uCsDQrgrA0K4KwNCAAAAANArA0L/////0CsDQtArA0IAAAAA5CsDQv/////kKwNC5CsDQgEAAAABAAAAAAAAAP//AL9+vMwRAnbQ5AAA
AAAYAACAeyJkYXRhIjp7fX0AAAAAAFAvA0I4AAAAyC8DQuiyAUIAAAAACAAAAAAAAABsCQAAAAAAAADYokBYLwNCAAAAAHkAAABoAAAA
AAAAADgAAICc7AwjZGF0aW5nKDU2MSkgPiBDdQAAAADoAwAAFCABQli0CCMzMDAwADAgZm9yIDAAAAAAqAAAgOgsA0LwLANCOC0DQuws
A0IAAAAAsCwDQv////+wLANCsCwDQgAAAADELANC/////8QsA0LELANCAAAAABQAAAAEAAAA//8AAAAAAAAAAAAAMCoDQjAqA0IwKgNC
MCoDQjAqA0IwKgNCMCoDQjAqA0IwKgNCMCoDQjAqA0IwKgNCMCoDQjAqA0IwKgNCMCoDQjAqA0IwKgNCMCoDQjAqA0IAAAAAWAAAgEAt
A0JALQNCQC0DQkAtA0IAAAAAWC0DQv////9YLQNCWC0DQgAAAABsLQNC/////2wtA0JsLQNCCgAAAAoAAAAAAAAA//8AMbueuikC3k4q
AAAAADgAAICc7AwjsD58qiY2BEtTCuqC65ZwUwAAAADoAwAA9CMBQli0CCP38dY2AGFRwLwwY+AAAAAAqAAAgCAuA0IgLgNCcC4DQmwu
A0IAAAAA6C0DQv/////oLQNC6C0DQgAAAAD8LQNC//////wtA0L8LQNCAAAAABQAAAAEAAAA//8A5sTple0A2g5vo2cTIJoyNMV255Oy
dk/Zi8qKOw/9SAmE7ut+9t+2mRsBEiBQrhUhLO3cbn51rSTAaFBSqZAMRtN5gz8fWvk+MToBcBUPe7YiK3jdlx9TLrsAAAAAOAAAgJzs
DCNf/QIA9AEBQhwTAkJ4LgNCAAAAADB1AACEJAFCWLQII8TglocARwqZagSxhgAAAAA4AACAnOwMI4n63jnIySbO9jomlV6sDlEAAAAA
6AMAAKgeAUJYtAgjsGWTNADOVtX/d3mJAAAAADgAAICc7AwjkusC4wUwb34UdS/Uq7yI9gAAAADoAwAAHCEBQli0CCO7mFS5ADY4LAHC
HKkAAAAAOAAAgJzsDCNlmiFHqOq+1i8glOQcIiOLAAAAAOgDAACIIgFCWLQII8gAGIEA2yqUzpKbn8AvA0I4AAAAZnJlcXVlbmN5AAAA
CAAAAAAAAAAgAAAAYXV0aFR5cGUALANCAAAAADjuA2HnuLVuAAAAADgAAIB7ImRhdGEiOnsib3RtU3VwcG9ydEZlYXR1cmUiOjIsInNu
IjoiIn19AAAAAAAAAAD4MgNCOAIAAAAAAAAoLANCAAAAAAgAAAAAAAAAAwAAAAAAAAAAAAhAcC8DQgAAAAAAAAAAMAAAALAxA0LwsQFC
KDADQkAAAAAAAAAAAAAAAAAAAAAAAAAAAAAAAAAAAAB4iwNCiAEAAIgwA0IAAAAAAAAAABAAAABYMANCAAAAAAAAAAAAAAAAeDADQgAA
AAB4iwNCMAAAADU4Ojg2Ojk0OjQ2OjIyOjhBABotABv//wAAAAAQAAAAYnNzaWQAAAAAAAAAMAAAAOAwA0IoMANCAAAAABAAAAC4MANC
AAAAAAAAAAAAAAAA0DADQgAAAAB4iwNCKAAAAHN0YXB0ZXN0AMdxHAf/ByQAAAAAEAAAAHNzaWQAJ6T/AAAAADAAAAAgMQNCiDADQgAA
AAAIAAAAAAAAAMj///8AAAAAAABMwBAxA0IAAAAAeIsDQhAAAAByc3NpAAAAwwAAAAAwAAAAaDEDQuAwA0IAAAAACAAAAAAAAAB2CQAA
AAAAAADsokBQMQNCAAAAAHiLA0IYAAAAZnJlcXVlbmN5ABaM/fAEAAAAAAAwAAAAAAAAACAxA0IAAAAACAAAAAAAAAADAAAAAAAAAAAA
CECYMQNCAAAAAHiLA0IYAAAAYXV0aFR5cGUAMgNCWAAAAAAAAAAwAAAAoD8DQvgvA0IAMwNCQAAAAAAAAAAAAAAAAAAAAAAAAAAAAAAA
AAAAAPgyA0IgAAAAQ0M6NDA6RDA6NDk6OTc6QTcAAGRlAAFNAAAAACgAAIAAAAAACwAAAEAyA0KwMgNCAAAAAAAAAAAoMgNC4pfb4wAA
AAAYAACAGBYNI/wZDSM0Jg0jtCwFIwAAAAAgAACAAQAAACAAAACIMgNCIAAAAGAyA0IAAAAAAAAAACgAAIAi7gqMj5CC5i73PYk0EUYa
E15AAfNXIY+ktWzZpNqCQQAAAAAoAACAVkr112JZYdaY7LABkoLWvO61aYOxKq/1KKxuQaUBFI0AAAAAIAAAgAMAAAAgAAAAaDQDQhAA
AADoMgNCLAoJCQAAAAAYAACAQtsBAGNlSW5mbwDBA9OMlQAAAAAYAACADNt0zfePeycw5qXBA9OMlRA1A0JoAQAAQDMDQgAAAAAAAAAA
EAAAAOAxA0IAAAAAAAAAAAAAAAAwMwNCAAAAAHiLA0IQAAAAYnNzaWQARDAAAAAAMAAAAJAzA0IAMwNCAAAAABAAAABwMwNCAAAAAAAA
AAAAAAAAgDMDQgAAAAB4iwNCIAAAAFNUQVJDSAAAAAAAABAAAABzc2lkAEgAYwAAAAAwAAAA0DMDQkAzA0IAAAAACAAAAAAAAADU////
AAAAAAAARsDAMwNCAAAAAHiLA0IQAAAAcnNzaQAAAAAAAAAAMAAAABg0A0KQMwNCAAAAAAgAAAAAAAAAqAkAAAAAAAAAUKNAADQDQgAA
AAB4iwNCGAAAAGZyZXF1ZW5jeQADQhgAAAAAAAAAMAAAAAAAAADQMwNCAAAAAAgAAAAAAAAAAwAAAAAAAAAAAAhASDQDQgAAAAB4iwNC
IAAAAGF1dGhUeXBlAAAAAAAAAAAAAAAAAAAAAAAAAAAoAACAvA42GvWp6DzVgdsUHvr0TwSoNlqD7E4o0BpCVpYvE8gAAAAAEAAAgAkA
AAA2MWFZAAAAACgAAIDt////////////////////////////////////////fwAAAAAYAACAAQAAAAAAAAAAAAAAAAAAAAAAAAAoAACA
7dP1XBpjEljWnPei3vneFAAAAAAAAAAAAAAAAAAAABAAAAAAEAAAgAEAAAAAAAAAmD8DQhgAAABic3NpZABwZQBsAAAAAAAAAAAAACgA
AIBQf8nA+BzHFl83+4gIuVyrc5KfACUnngcbfh+v3GpmWQAAAAAoAACARFXXLqfkFWaEXelXj6kql/K925E6JtXjzdqJg694Zi4AAAAA
KAAAgPr52WndNS5nCUQQWj9sQ8sLWryI1PxTRT3KMltTGbcMAAAAACgAAIAvKGvKGvKGvKGvKGvKGvKGvKGvKGvKGvKGvKGvKGvKGwAA
AACwAQCAAAAAAAAcAAACAAAAAgAAAJEBAABxAYAAewkA//8AAAAAAAAAAAAAAAAAAADbAAAAAAAAAIAAAAD///////80mLXiRqY0mLXi
RqbAcn3lZhuiAAAAZAARFQAMbWF0dGVyLXN2ZTJnAQiChIuWJDBIbAMBAgUEAAEBAAcGQ0EgAQseIAEAIwIaACoBBDIEDBIYYDAUAQAA
D6wEAQAAD6wEAQAAD6wCDAALBQIAfgAARgUCAAAAADsEDAwgIS0a7xkX//8AAAAAAAAAAAAAAAAAAAAAAAAAAAA9FgIIBAAAAAAAAAAA
AAAAAAAAAAAAAABKDhQACgAsAcgAFAAFABkAfwqFAAgAAAAAwAFA/xojBQAYEgAQIiACwA1BgQgAzAD6//r/GRzHcf8HJAQAARH8//8O
JgQApAggpAhAQwhgMgjdIgBQ8gQQSgABEBBEAAECEFcAAQEQPAABAxBJAAYANyoAASDdGgCQTAQYvwyxeYkP+v8AAPr/ACDABQACAAAA
3QkAEBgCAgAcAADdGABQ8gIBAYQAA6QAACekAABCQ14AYjIvAHYyEAAAAACwAQCAAAAAAAAcAAACAAAAAgAAAI8BAABvAYAAgAkA//8A
AAAAAAAAAAAAAAAAAADHAAAAAAAAAIAAAAD///////80mLXh2QI0mLXh2QLw4Zwx+BuiAAAAZAARFQAKbWF0dGVya2F0ZQEIgoSLliQw
SGwDAQIFBAABAAAHBkNBIAELHiABACMCGgAqAQQyBAwSGGAwFAEAAA+sBAEAAA+sBAEAAA+sAgwACwUEAHEAAEYFAgAAAAA7BAwMICEt
Gu8ZF///AAAAAAAAAAAAAAAAAAAAAAAAAAAAPRYCCAQAAAAAAAAAAAAAAAAAAAAAAAAASg4UAAoALAHIABQABQAZAH8KhQAIAAAAAMAB
QP8aIwUAGBIAECIgAsANQYEIAMwA+v/6/xkcx3H/ByQEAAEk/P//DiYEAKQIIKQIQEMIYDII3SIAUPIEEEoAARAQRAABAhBXAAEBEDwA
AQMQSQAGADcqAAEg3RoAkEwEGL8MsXmJD/r/AAD6/wAgwAUAAgAAAN0JABAYAgQAHAAA3RgAUPICAQGEAAOkAAAnpAAAQkNeAGIyLwAB
ARA7AAAAAABwAQCAAAAAAAAcAAACAAAAAgAAAE8BAAAvAYAAdgkA//8AAAAAAAAAAAAAAAAAAADXAAAAAAAAAIAAAAD////////InkNi
jqXInkNijqVgEWMkkuqUAAAAZAARFQAQbWF0dGVyLWNvbnRyb2wyZwEIgoSLliQwSGwDAQEFBAABAAAHBkNBIAENHiABACMCGgAqAQYy
BAwSGGAwFAEAAA+sBAEAAA+sBAEAAA+sAgwACwUNALIAAEYFAgAAAAA7BAwMICEtGu8ZF///AAAAAAAAAAAAAAAAAAAAAAAAAAAAPRYB
ABcAAAAAAAAAAAAAAAAAAAAAAAAAfwkEAAgAAAAAwAHdIgBQ8gQQSgABEBBEAAECEFcAAQEQPAABAxBJAAYANyoAASDdGgCQTAQYvwyx
eYkP+v8AAPr/ACDABQABAAAA3QkAEBgCDQAcAADdGABQ8gIBAYQAA6QAACekAABCQ14AYjIvAAUCAAAAAAAAALABAIAAAAAAABwAAAIA
AAACAAAAkAEAAHABgAB7CQD//wAAAAAAAAAAAAAAAAAAAN4AAAAAAAAAgAAAAP///////8ieQ0pDQ8ieQ0pDQ5AupAHregMAAABkABEV
AAtuZXRicm9rZXIyRwEIgoSLliQwSGwDAQIFBAABAAAHBkNBIAENHiABACMCGgAqAQQyBAwSGGAwFAEAAA+sBAEAAA+sBAEAAA+sAgwA
CwUCAJ8AAEYFAgAAAAA7BAwMICEtGu8ZF///AAAAAAAAAAAAAAAAAAAAAAAAAAAAPRYCCBUAAAAAAAAAAAAAAAAAAAAAAAAASg4UAAoA
LAHIABQABQAZAH8KhQAIAAAAAMABQP8aIwUAGBIAECIgAsANQYEIAMwA+v/6/xkcx3H/ByQEAAEa/P//DiYEAKQIIKQIQEMIYDII3SIA
UPIEEEoAARAQRAABAhBXAAEBEDwAAQMQSQAGADcqAAEg3RoAkEwEGL8MsXmJD/r/AAD6/wAgwAUAAgAAAN0JABAYAgIAHAAA3RgAUPIC
AQGEAAOkAAAnpAAAQkNeAGIyLwAsAcgAAAAAANABAIAAAAAAABwAAAIAAAACAAAAsgEAAJIBgAB7CQD//wAAAAAAAAAAAAAAAAAAANAA
AAAAAAAAgAAAAP///////wg2yYubJAg2yYubJDDCyAdLHKIAAABkABEVAA1tYXR0ZXItanVuZzJnAQiChIuWJDBIbAMBAgUEAAEAAAcG
S1IgAQ0UIAEAIwITACoBBDIEDBIYYDAYAQAAD6wCAgAAD6wEAA+sAgEAAA+sAgwACwUBAJUAAEYFAgAAAAA7BAwMICEtGu8ZF///AAAA
AAAAAAAAAAAAAAAAAAAAAAAAPRYCCAQAAAAAAAAAAAAAAAAAAAAAAAAASg4UAAoALAHIABQABQAZAH8KhQAIAAAAAMABQP8aIwUAGBIA
ECIgAsANQYEIAMwA+v/6/xkcx3H/ByQEAAE8/P//DiYEAKQIIKQIQEMIYDII3SIAUPIEEEoAARAQRAABAhBXAAEBEDwAAQMQSQAGADcq
AAEg3RoAkEwEGL8MsXmJD/r/AAD6/wAgwAUAAgAAAN0JABAYAgEAHAAA3RoAUPIBAQAAUPICAgAAUPIEAFDyAgEAAFDyAt0YAFDyAgEB
hAADpAAAJ6QAAEJDXgBiMi8AEgAAAAAAgAEAgAAAAAAAHAAAAgAAAAIAAABhAQAAQQGAAIAJAP//AAAAAAAAAAAAAAAAAAAA0QAAAAAA
AACAAAAA////////WIaUKdYYWIaUKdYYsGPcsr4cogAAAGQAMRwACkFYODAwNE1XMkcBCIKEi5YSJEhsAwECBQQAAQAABwYAACABCRQg
AQAjAj8ARgVyAAEAADMKUwECAwQFBgcICSoBADIEDBgwYDAUAQAAD6wEAQAAD6wEAQAAD6wCAAALBQAA4BJ6LRrvERf/////AQAAAAAA
AAAAAAAAAAAYBIcZAD0WAgUAAAAAAAAAAAAAAAAAAAAAAAAAAEoOFAAKACwByAAUAAUAGQB/CAAACIAAAAAA3RgAUPICAQGAAAOkAAAn
pAAAQkNeAGIyLwDdBwAMQwAAAADdIQAM5wAAAAC/DLEBwDMq/5IEKv+SBMAFAAAAKv/DAwECAt0gAAznAAEAAAAAAAAAAAAAAAAAAAAA
AAAAAAAAAAAAAAAEAQBAiQRCYMAAADlvgQkALeAqcEMshMh4oUCVcf3B+Im/TrzZ7Vy5WTd3Bw0kyNwrlrgqJQWbkP1QiqYFhXOpggKq
K0886rdWxt5bemNhDURnYcASPxCk0gmpcX9wF62XuzTj2O75No8EW4DOsvXtHXCpUmzebkyCnnp1pAbB7xuSnkSBmRnjZOZFY6GS9Gd1
qWNbmPfSkY4SO5VqBXxmdCZU8VtnRCMNmwQBRTEnKM5XIz/I6oWz0p13qmR1z5wILpXkRhGucFQ4PGeuUJ0C25uru3EXwK8pRsO7lnoX
NO+FQpWrqe+5Y3dl0+dEn6fUaw9iIArM0nJhx+5ehSBktL5rYtJaLvRVPS8wsJUuK3OwA2KaEvBzOqOgCxtnys0cCHIrmSsqjnTWBrfP
tW61xeiuUmj23hjwYmip44EDkKLjBActvAlAyBI2T0svnAQUANjR7XRlyiOxS36K2DlnQFLXmUBk2p3OTN2g/LdvvANwVyiJamv0b0YM
LiAqI5X6UOw40l6zIYIHbRdQE098ipMfpbk2m+SxnHmZ24hejzrMqwzpMKf8owr+x5fjxiEhhPxbFftQ2FJ6h4x9Sx4iu7UhejHTygr6
x/AjoB1bvNeu+aLOGePM5MPUzpewwi0yYeKGX/HWV9vcGm9m9Mg91E6TGNtQ5tiAF13rob/6k1RUpErNA8g87f6oO3RxPDeGU21XqS0k
W5lDRg5vjwBTcM4TZ5yahdWA23Olk/OnLVKJkcOxyrsAh4tAQO6EOlfjdwJDp4FJERNC9a0hVeDAHYAyZwcXyEkoeY9XE2qB1LyHnjFM
Vc3rkMDS37TP9MvOqPYB+o5DWLf08+6i0FbBffBiOLL2yu0QWPehrc+0j85SrS4jknWDrjh+7nQJ/X9DPnlwPrTZ4s64xzTdwjCjYFjo
c41XkVIDw0CgnadOKflLOFKmMfHOxnrynlHPYOqhNl+nku8UYuV4opZZ3kE9WrvTtBz24q5XKSE9B2wjSYuMDN9cO2NRzF+HHfRg30od
a4+1/2ERmDtyfVWiUAgoTsUD59zKBbKFiF/FR4Vrp5oRizFvP7odkxOsAEu6DOWLvegQrM9VayHwjBSV73nxeOPdC/J8imITgwNNdXcb
Wv2KyNUChjaB0K4uBoMUJ9QejgawJlIO2Fd33z8mMVFLQqmUaWmmgbLO+LB7HFHN25wMiE5jxDr/O9gf6UVYaU/iS5z3JSHXkw/za8s/
TGLfuU9gtTB1wvLAjEqNCkSPzZv4qf8XuwJNCUeuV67D6ffLasQZZW4v2YHD8PC1o0sSGYgi21gJWQVTZN3wcH4K4YIOVsCKcEflZQ5B
S4Yf/ktTrubztmb2Ec1fd7P8tVjEfTJFUZQb532FDXVqcDLpyca/EWzphfKVBrv1u7aimhQG+qpANBAuLcs8pffOzZbAK6mCBVRnm1vx
yK8uZh0RKSBEXuZ6Za2cvH0MpTsQH7OVsU0WEI3vNtdVEIVh77B+puyd/nFp5RFu2Wo5E6fXzWoNHyF6T2sNQ7uR96CRN6SvLSFEGJ8m
bjYQ3aPVlexCpW3YhF0wcRHCXx+PpR/94KFIPAuK9dg05ZDdE7Wm6LVRtF7EBjslLKNe4Dsp30wYYTh6FAAIiE713A1uVUaL3OQEUUOL
D/CObqjC7sT85/4uNYqvj53AhloH1Try0VCTNDYavwTJWR2OHCouohlRtPml3OM/4PAGbiVZcTCo4g+W6xEuGgXaKUBsqW2O5gdY3wj2
ocgRL8jITaQY7znMSuESytkG9QvwfGPv6olP3jFRVdiIz9IRUqwLz2AbVHKb5Q4jNaP8JPghMS+HHjYMCnJN5VK63ZWKJIp3lErNAkKk
d0vPKD7vK8xu/IrOFixgR81zyuNBnl/cn0zEDdc2bLrlGFT3FyMw+JM/LHLNcEyk/Zgp7UKNoZFj8hGSrnXa+6QxwYezbJlu3/64Zp4H
FKV0yeWagYkg6HuoRXzte3WpGMTlB1zfrYc4+fT0qB1gfRcPKoFhPwhauWQvHT8I4uzyXc9OyjdghQUr3vw5SlBrbZF9LhitNRim1gkg
nJVZ8db2EwDQdu5qWNMLtYCUsw2p5goxGkNWoCI0SnGIf6eXi/V9Kjpe9W6sCYYi+jCvgLtVZm7nffigFP0W3d812gLmZyQDeci5BHjS
1tuGiM6dE3chnOS9EEHltgiyq1vR/N9S3sJiujkXZq3He7wX2fw+OA+3hJA0gNa6JVY30sQOKIHFVHxfbrJ+s4JHq0B+iCPXi6SWjCtP
Oz/NmrCfaER6kh8QZ1ZjT0gqZLtWAvP25XTUqS1DDH6cd7r/kPj5E3Ha+cn2lrwzmphwplThgcHO2ThkzFFHkPiRxCpYOQQhogBDa9c6
w0Bgi6ZP7S9uVczC7gkta9ttde+OXJ+6QyUOOtfDOM0cjTsPOI1JZEPIJVywML2e3TMv4e2I6YJRY3ON9g7yKcjrnqZHXMO29NfwupGH
4jqygOSZFblYzIgOpEKX6JI47dYPcvSgPJOt6vG+lyJYNaLhduVHwHqVyGxwDr7AGcP1pydrwNO2fmvLUfJBnf74myP1GjfqjQORFZJR
tZk0pcsQ8nTn2hfCXfubQEOiQpec1UMk0lykYUHCeMrzauoUhVDWBBip62ph6kxaTF7PRxczyZT6GlK12v2RbA9dHu0vg9qx5vW9M553
b4ut3JRjCgzBLEh3x3xi5uPaiH1h8QoxLOm2G4qEskt1Vy/FItv7fTEcw5b2Eg3aK+qOKgKzQc886MP3Yamqd88LSbcljzklGn+WwEr2
bte5lkTTH4DJR/EDiKKT9pGWi5ypBGNtB7yzFAgf4/psP0JcWoG2yXv8dc/u3nO7q08wkFje+k3uocWEWgxIY74oDxMPFZVEG5XBtbYL
2YZdemOtwiwOzztyT+bs5gsF0gsmT0andaptaaeN7JlMJtndfADExBDbbo1h8iPtl0WZyvRyx1BBb+rkI+rzmnuf/Gdjt0IMZWcMfzrJ
R22ppxQsc5IZ12jR5lrtBNm9ByIRfrMz/JfgxMVW9ssM2hzRIRXG9h7HbOjcBoDORtGxpImfIwYMLJeCzBcGPECd8xY2n/k7gxj9b1nK
HSyINJN6JNGx0O5MWkuKoJloSgI3KDDaumYlm+TacuLQhLCk6KwrhmJw/8ke8Yc0fsYq02GzKMFhIQbN0r/8Os09DZJq2V8eWECSvqeT
r4vgiN5bZl72OY2seq1HOdQ9lCDPedd+orKRb2AAenMl2r99pSUBfJlZ+ukQ4k45sAiyMfwiYHjb4QzvZiZKBIcjKN9Vb5WGuZ32WKHr
FNHyPPl/CYe1upqdViOuyse5EHcyJn4EWqcKeAuFkPIaErR9+hHHBYchkgJ2fVy0tucixDGTKdvxa7AM0xekrJ5oH3wLzdxv+ZGUHDv5
piPDrVRtHeLvEDi11hhiYsfr9vCaG0PsugjsryzfHzAn/QIkZmCxbmGkQzQcy6VF9eE9YMqk7o0CycwCarbqe+WgQmKzfdxuXSlXVCnU
ovt5dtBrfG1xTJlGkOpKPGxC7lhvxFjwXLEfFVBp5j+OeYvxsQQTIVSpBfuy3TYhAggqMeD0DHGFtlXQlMuaCMn2imHDnLkuiAktAfJd
KV8t94xqdcQIvrlgxpbpWZG14DrzwOAum2VddZyLiPWD/1PEKUldU8KhkBYQ5Ay2QQbnDHCZjjm/iaHZO1nHUumz7UUIa5guNTMT42ts
D6UIwZ1jgTnXuNsY7j9iGcaQIYAnhbnf/CIwTgwFMtnErwT2LMbJEfSvuDWX8+eoB9eLtvVE9JmbnJv5fomXLprY2eru49mI3avWFWYw
Yjn2O/acEWq0SmRLm7t2mmL4d+mvZAzV9GqZUreXxBYO7LJBJlJpdAB95Af6SrymDLo/SGk4YAUBvNmbucG4JdphelxKH2VsGijvLXVQ
GSEIO7lekJgerhbm0Vje7qcKozqPrdPges5OrIj7321flHJsxDFlkHxihb8QEjyt1wYCPoDUxK7jbYd4ip+7nXIIEkGoveCyDxnUtA0R
6VKRsKvbdCildF6qYXlksglqjujfQ+yXuXyFsO5nKWI1gUGbKusaoTdFA8BXyn3ncea7UvfK6ztLnXOh1XPDSuoIqmDE3Q3qY4hWSdNv
vy2toh+dAGghKO7Au/IjqktabD1Pv4rmHfe0XYK2cHjok8He+Cq22bGIXkYTSEWZ8zJPjJ0/4LSp0kPI0xFm3VyEjKFOQcR411Vy8Szd
FXjGip6VWNHweMG3X/LTXO6ZZKz3zsj+B2y+FvamRLnQeaaDFs4P8wsctaYkd5jMe+M4HEFyreX/oJnnEntET/pLr1gMzEsEi67O9Qhm
rf0gzjRYsNBId+NDPu/HhGqOFgHoouvZZdClV0sgFuXcRiwrEW6iwvQ1EH8TDiwKKhBscFWGYFEl/Tkl1cpi0RI0Lu3Wz4Z1VVoJUlDH
45TB7mIuEXjWqaMVylxf5Co0hmxoyPGMQVMzr6f10T8WOhsNvSBYfkk4xZIFSl0NLU7uYVYyM9gFqIyUztJlK1lIwxYdPSRq6nEhaO0Y
oeF87TQh8fHjhmEHuApIiVPgIDwgtzxVg3l5q8iJojocZJVPwxZcxSlDsFLId4kebWHCCYGpFVNenXPdpiN8cRw8d5m+rMVyzl7VU6LK
++/rRUkbQObFTiSBgeiUzgcxFFAeq6lYCVGH+Trf5lfEkmc3IvMxwax2Jg6EheGQg/7IonIIiybzQqlOK1B2u2yzrS5AmF6JLH+8tHC7
0C1pWCIlRZJc2KcJbiGEgCHS5FQVUHqYEqGFPrIMFp9nqNHfCAuP/OM9HqRInaq7tnlc7tZIzjCGZr/FrujiTXQUjEvSgkIVrTDU3mzY
jOb2pW1v4RYaM1AJJABYjdV4WioX4LWZ7W4eUMZKr1Q7zcOIooDlnrt7J3x7wjkLIQYbGmcAXKImGkBXyKIjfpnxvUeFYsRFih6Cwakl
27Y+yYz9+1kDPxRVwsrO49KiliT86HCk2sPKKvcYsaHF71kkVN5xwNGdEtrr0jd78GsFh250Lluwd2J8Vxb9Ii5YgyUnaJsEpncCn8pr
ann2kD0qmXzUBZxmoOwfu3tsPKCyc5IPGmH4x5HrBEZmlHp1UMhQjQxtmpd1EwDK/ZlJYnFjYOqr3AWwDXrTuXZxE6yS9ZgtykILnYu2
EpMNwymUnB38dECJBEIosQAA6E4DQgAAAAB4iwNCGAAAAGF1dGhUeXBlAIoDQhAAAAAAAAAAMAAAALhQA0JITQNCME8DQkAAAAAAAAAA
AAAAAAAAAAAAAAAAAAAAAAAAAAB4iwNCiAEAAJBPA0IAAAAAAAAAABAAAABgTwNCAAAAAAAAAAAAAAAAgE8DQgAAAAB4iwNCMAAAADI0
OjRCOkZFOjI0OkY2OjEwAANCAAAAAAAAAAAQAAAAYnNzaWQAcGUAAAAAMAAAAOhPA0IwTwNCAAAAABAAAADATwNCAAAAAAAAAAAAAAAA
2E8DQgAAAAB4iwNCKAAAAFNUX2lPU18yRwADQgAAAAAAAAAAEAAAAHNzaWQAAAAAAAAAADAAAAAoUANCkE8DQgAAAAAIAAAAAAAAANT/
//8AAAAAAABGwBhQA0IAAAAAeIsDQhAAAAByc3NpAABGwAAAAAAwAAAAcFADQuhPA0IAAAAACAAAAAAAAACUCQAAAAAAAAAoo0BYUANC
AAAAAHiLA0IYAAAAZnJlcXVlbmN5AABCAAAAAAAAAAAwAAAAAAAAAChQA0IAAAAACAAAAAAAAAADAAAAAAAAAAAACECgUANCAAAAAHiL
A0IYAAAAYXV0aFR5cGUAigNCEAAAAAAAAAAwAAAAaFIDQgBPA0LoUANCQAAAAAAAAAAAAAAAAAAAAAAAAAAAAAAAAAAAAHiLA0KAAQAA
SFEDQgAAAAAAAAAAEAAAABhRA0IAAAAAAAAAAAAAAAA4UQNCAAAAAHiLA0IwAAAANzA6NUQ6Q0M6RDQ6NjU6MEMAA0IAAAAAAAAAABAA
AABic3NpZABwZQAAAAAwAAAAmFEDQuhQA0IAAAAAEAAAAHhRA0IAAAAAAAAAAAAAAACIUQNCAAAAAHiLA0IgAAAAU1kzOUpVAAAAAAAA
EAAAAHNzaWQAAAAAAAAAADAAAADYUQNCSFEDQgAAAAAIAAAAAAAAANv///8AAAAAAIBCwMhRA0IAAAAAeIsDQhAAAAByc3NpAAAAAAAA
AAAwAAAAIFIDQphRA0IAAAAACAAAAAAAAACUCQAAAAAAAAAoo0AIUgNCAAAAAHiLA0IYAAAAZnJlcXVlbmN5AGllbnRQbAAAAAAwAAAA
AAAAANhRA0IAAAAACAAAAAAAAAADAAAAAAAAAAAACEBQUgNCAAAAAHiLA0IYAAAAYXV0aFR5cGUAUgNCAAAAAAAAAAAwAAAAKFQDQrhQ
A0KYUgNCQAAAAAAAAAAAAAAAAAAAAAAAAAAAAAAAAAAAAHiLA0KQAQAA+FIDQgAAAAAAAAAAEAAAAMhSA0IAAAAAAAAAAAAAAADoUgNC
AAAAAHiLA0IwAAAAODI6Nzc6MTY6ODc6NkU6OTMAAAAAAAhAAAAAABAAAABic3NpZAAAAAAAAAAwAAAAWFMDQphSA0IAAAAAEAAAAChT
A0IAAAAAAAAAAAAAAABIUwNCAAAAAHiLA0IwAAAAW0NhbV0gU1QtNCBjVXo4M21ReQAAAAAAAAAAABAAAABzc2lkAAAAAAAAAAAwAAAA
mFMDQvhSA0IAAAAACAAAAAAAAADJ////AAAAAACAS8CIUwNCAAAAAHiLA0IQAAAAcnNzaQAA//8AAAAAMAAAAOBTA0JYUwNCAAAAAAgA
AAAAAAAAhQkAAAAAAAAACqNAyFMDQgAAAAB4iwNCGAAAAGZyZXF1ZW5jeQAgTlFlT2sAAAAAMAAAAAAAAACYUwNCAAAAAAgAAAAAAAAA
BAAAAAAAAAAAABBAEFQDQgAAAAB4iwNCGAAAAGF1dGhUeXBlAFQDQgAAAAAAAAAAMAAAAOBVA0JoUgNCWFQDQkAAAAAAAAAAAAAAAAAA
AAAAAAAAAAAAAAAAAAB4iwNCiAEAALhUA0IAAAAAAAAAABAAAACIVANCAAAAAAAAAAAAAAAAqFQDQgAAAAB4iwNCMAAAAEM4OjlFOjQz
OjYyOjdFOjQ2AAAAAAAIQAAAAAAQAAAAYnNzaWQAAAAAAAAAMAAAABBVA0JYVANCAAAAABAAAADoVANCAAAAAAAAAAAAAAAAAFUDQgAA
AAB4iwNCKAAAAGhvbWVzZGstMmcAQogBAAAAAAAAEAAAAHNzaWQAAAAAAAAAADAAAABQVQNCuFQDQgAAAAAIAAAAAAAAANj///8AAAAA
AABEwEBVA0IAAAAAeIsDQhAAAAByc3NpAAAAAAAAAAAwAAAAmFUDQhBVA0IAAAAACAAAAAAAAACKCQAAAAAAAAAUo0CAVQNCAAAAAHiL
A0IYAAAAZnJlcXVlbmN5AHR1cDc2RgAAAAAwAAAAAAAAAFBVA0IAAAAACAAAAAAAAAADAAAAAAAAAAAACEDIVQNCAAAAAHiLA0IYAAAA
YXV0aFR5cGUAVQNCAAAAAAAAAAAwAAAAmFcDQihUA0IQVgNCQAAAAAAAAAAAAAAAAAAAAAAAAAAAAAAAAAAAAHiLA0KIAQAAcFYDQgAA
AAAAAAAAEAAAAEBWA0IAAAAAAAAAAAAAAABgVgNCAAAAAHiLA0IwAAAAM0M6Mzc6ODY6QzU6OEM6OEIAAAAAAAhAAAAAABAAAABic3Np
ZAAAAAAAAAAwAAAAyFYDQhBWA0IAAAAAEAAAAKBWA0IAAAAAAAAAAAAAAAC4VgNCAAAAAHiLA0IoAAAAQ2xpZW50UGxhdGZvcm0AAAAA
AAAQAAAAc3NpZAAAAAAAAAAAMAAAAAhXA0JwVgNCAAAAAAgAAAAAAAAA2f///wAAAAAAgEPA+FYDQgAAAAB4iwNCEAAAAHJzc2kAAAAA
AAAAADAAAABQVwNCyFYDQgAAAAAIAAAAAAAAAIoJAAAAAAAAABSjQDhXA0IAAAAAeIsDQhgAAABmcmVxdWVuY3kAYl93YXNoAAAAADAA
AAAAAAAACFcDQgAAAAAIAAAAAAAAAAMAAAAAAAAAAAAIQIBXA0IAAAAAeIsDQhgAAABhdXRoVHlwZQBXA0IAAAAAAAAAADAAAABYWQNC
4FUDQshXA0JAAAAAAAAAAAAAAAAAAAAAAAAAAAAAAAAAAAAAeIsDQpABAAAoWANCAAAAAAAAAAAQAAAA+FcDQgAAAAAAAAAAAAAAABhY
A0IAAAAAeIsDQjAAAAA2MDo3RTpBNDo4MDowRDo2QwAAAAAACEAAAAAAEAAAAGJzc2lkAAAAAAAAADAAAACIWANCyFcDQgAAAAAQAAAA
WFgDQgAAAAAAAAAAAAAAAHhYA0IAAAAAeIsDQjAAAABbQ2FtXSBTVC00IE5RZU9rcTVOAAAAAAAAAAAAEAAAAHNzaWQAAAAAAAAAADAA
AADIWANCKFgDQgAAAAAIAAAAAAAAAMn///8AAAAAAIBLwLhYA0IAAAAAeIsDQhAAAAByc3NpAAAAAAAAAAAwAAAAEFkDQohYA0IAAAAA
CAAAAAAAAACFCQAAAAAAAAAKo0D4WANCAAAAAHiLA0IYAAAAZnJlcXVlbmN5AG4AGAAAAAAAAAAwAAAAAAAAAMhYA0IAAAAACAAAAAAA
AAAEAAAAAAAAAAAAEEBAWQNCAAAAAHiLA0IYAAAAYXV0aFR5cGUAigNCEAAAAAAAAAAwAAAAEFsDQphXA0KIWQNCQAAAAAAAAAAAAAAA
AAAAAAAAAAAAAAAAAAAAAHiLA0KIAQAA6FkDQgAAAAAAAAAAEAAAALhZA0IAAAAAAAAAAAAAAADYWQNCAAAAAHiLA0IwAAAAOTA6Q0E6
RkE6OUM6NzY6RjAAA0IAAAAAAAAAABAAAABic3NpZABwZQAAAAAwAAAAQFoDQohZA0IAAAAAEAAAABhaA0IAAAAAAAAAAAAAAAAwWgNC
AAAAAHiLA0IoAAAAc2V0dXA3NkYwLnluawAAAAAAAAAQAAAAc3NpZAAAAAAAAAAAMAAAAIBaA0LoWQNCAAAAAAgAAAAAAAAA1f///wAA
AAAAgEXAcFoDQgAAAAB4iwNCEAAAAHJzc2kAAAAAAAAAADAAAADIWgNCQFoDQgAAAAAIAAAAAAAAAIUJAAAAAAAAAAqjQLBaA0IAAAAA
eIsDQhgAAABmcmVxdWVuY3kAAAAQAAAAAAAAADAAAAAAAAAAgFoDQgAAAAAIAAAAAAAAAAMAAAAAAAAAAAAIQPhaA0IAAAAAeIsDQhgA
AABhdXRoVHlwZQBzc2kAAAAAAAAAADAAAADIXANCWFkDQkBbA0JAAAAAAAAAAAAAAAAAAAAAAAAAAAAAAAAAAAAAeIsDQogBAACgWwNC
AAAAAAAAAAAQAAAAcFsDQgAAAAAAAAAAAAAAAJBbA0IAAAAAeIsDQjAAAAA4MjpFRDowMDoyRTpGRTpDOAADQhgAAAAAAAAAEAAAAGJz
c2lkADUWAAAAADAAAAD4WwNCQFsDQgAAAAAQAAAA0FsDQgAAAAAAAAAAAAAAAOhbA0IAAAAAeIsDQigAAABodWJfd2FzaF8yZwAQAAAA
AAAAABAAAABzc2lkAAAAAAAAAAAwAAAAOFwDQqBbA0IAAAAACAAAAAAAAADj////AAAAAAAAPcAoXANCAAAAAHiLA0IQAAAAcnNzaQAA
AAAAAAAAMAAAAIBcA0L4WwNCAAAAAAgAAAAAAAAAhQkAAAAAAAAACqNAaFwDQgAAAAB4iwNCGAAAAGZyZXF1ZW5jeQAAABAAAAAAAAAA
MAAAAAAAAAA4XANCAAAAAAgAAAAAAAAAAwAAAAAAAAAAAAhAsFwDQgAAAAB4iwNCGAAAAGF1dGhUeXBlAHNzaQAAAAAAAAAAMAAAAIBe
A0IQWwNC+FwDQkAAAAAAAAAAAAAAAAAAAAAAAAAAAAAAAAAAAAB4iwNCiAEAAFhdA0IAAAAAAAAAABAAAAAoXQNCAAAAAAAAAAAAAAAA
SF0DQgAAAAB4iwNCMAAAAEU0OjU4OkU3OjRDOjlGOkY0AANCGAAAAAAAAAAQAAAAYnNzaWQA2rsAAAAAMAAAALBdA0L4XANCAAAAABAA
AACIXQNCAAAAAAAAAAAAAAAAoF0DQgAAAAB4iwNCKAAAAHNjaCBjZHJhZ29uABAAAAAAAAAAEAAAAHNzaWQAAAAAAAAAADAAAADwXQNC
WF0DQgAAAAAIAAAAAAAAANX///8AAAAAAIBFwOBdA0IAAAAAeIsDQhAAAAByc3NpAAAAAAAAAAAwAAAAOF4DQrBdA0IAAAAACAAAAAAA
AACACQAAAAAAAAAAo0AgXgNCAAAAAHiLA0IYAAAAZnJlcXVlbmN5AAAAEAAAAAAAAAAwAAAAAAAAAPBdA0IAAAAACAAAAAAAAAADAAAA
AAAAAAAACEBoXgNCAAAAAHiLA0IYAAAAYXV0aFR5cGUAc3NpAAAAAAAAAAAwAAAAMGADQshcA0KwXgNCQAAAAAAAAAAAAAAAAAAAAAAA
AAAAAAAAAAAAAHiLA0KAAQAAEF8DQgAAAAAAAAAAEAAAAOBeA0IAAAAAAAAAAAAAAAAAXwNCAAAAAHiLA0IwAAAANTg6ODY6OTQ6QzI6
MDY6QzAAA0IYAAAAAAAAABAAAABic3NpZAA6OQAAAAAwAAAAYF8DQrBeA0IAAAAAEAAAAEBfA0IAAAAAAAAAAAAAAABQXwNCAAAAAHiL
A0IgAAAAU1RNZWRpYQAAAAAAEAAAAHNzaWQAAAAAAAAAADAAAACgXwNCEF8DQgAAAAAIAAAAAAAAANj///8AAAAAAABEwJBfA0IAAAAA
eIsDQhAAAAByc3NpAAADQgAAAAAwAAAA6F8DQmBfA0IAAAAACAAAAAAAAACACQAAAAAAAAAAo0DQXwNCAAAAAHiLA0IYAAAAZnJlcXVl
bmN5ADcyMjkyNQAAAAAwAAAAAAAAAKBfA0IAAAAACAAAAAAAAAADAAAAAAAAAAAACEAYYANCAAAAAHiLA0IYAAAAYXV0aFR5cGUAYANC
AAAAAAAAAAAwAAAA6GEDQoBeA0JgYANCQAAAAAAAAAAAAAAAAAAAAAAAAAAAAAAAAAAAAHiLA0KIAQAAwGADQgAAAAAAAAAAEAAAAJBg
A0IAAAAAAAAAAAAAAACwYANCAAAAAHiLA0IwAAAANEE6NTU6MTk6Q0I6QUI6OUIAAAAAAAhAAAAAABAAAABic3NpZAAAAAAAAAAwAAAA
GGEDQmBgA0IAAAAAEAAAAPBgA0IAAAAAAAAAAAAAAAAIYQNCAAAAAHiLA0IoAAAARFdELVMyMjBfY2JhYjliAAAAAAAQAAAAc3NpZAAA
AAAAAAAAMAAAAFhhA0LAYANCAAAAAAgAAAAAAAAAz////wAAAAAAgEjASGEDQgAAAAB4iwNCEAAAAHJzc2kAAAAAAAAAADAAAACgYQNC
GGEDQgAAAAAIAAAAAAAAAGwJAAAAAAAAANiiQIhhA0IAAAAAeIsDQhgAAABmcmVxdWVuY3kAYW1dIFNUAAAAADAAAAAAAAAAWGEDQgAA
AAAIAAAAAAAAAAAAAAAAAAAAAAAAANBhA0IAAAAAeIsDQhgAAABhdXRoVHlwZQAAAAAAgEnAAAAAADAAAACgYwNCMGADQhhiA0JAAAAA
AAAAAAAAAAAAAAAAAAAAAAAAAAAAAAAAeIsDQogBAAB4YgNCAAAAAAAAAAAQAAAASGIDQgAAAAAAAAAAAAAAAGhiA0IAAAAAeIsDQjAA
AAAyNDo0QjpGRToyNDpGMjpGMAAAAAMAAAAAAAAAEAAAAGJzc2lkAAAAAAAAADAAAADQYgNCGGIDQgAAAAAQAAAAqGIDQgAAAAAAAAAA
AAAAAMBiA0IAAAAAeIsDQigAAABXQVNIX0RET18yRwAAAAAAAAAAABAAAABzc2lkAAAAAAAAAAAwAAAAEGMDQnhiA0IAAAAACAAAAAAA
AADe////AAAAAAAAQcAAYwNCAAAAAHiLA0IQAAAAcnNzaQA5EIAAAAAAMAAAAFhjA0LQYgNCAAAAAAgAAAAAAAAAdgkAAAAAAAAA7KJA
QGMDQgAAAAB4iwNCGAAAAGZyZXF1ZW5jeQADQjgAAAAAAAAAMAAAAAAAAAAQYwNCAAAAAAgAAAAAAAAAAwAAAAAAAAAAAAhAiGMDQgAA
AAB4iwNCGAAAAGF1dGhUeXBlAAAAAAgAAAAAAAAAMAAAAGBlA0LoYQNC0GMDQkAAAAAAAAAAAAAAAAAAAAAAAAAAAAAAAAAAAAB4iwNC
kAEAADBkA0IAAAAAAAAAABAAAAAAZANCAAAAAAAAAAAAAAAAIGQDQgAAAAB4iwNCMAAAAEEwOjQwOkEwOkE3OjlCOkY4AAAAyGMDQgAA
AAAQAAAAYnNzaWQAAAAAAAAAMAAAAJBkA0LQYwNCAAAAABAAAABgZANCAAAAAAAAAAAAAAAAgGQDQgAAAAB4iwNCMAAAAEFSTE9fVk1C
XzE3MjI5MjUyNTYAAAAAAAAAAAAQAAAAc3NpZAABAAAAAAAAMAAAANBkA0IwZANCAAAAAAgAAAAAAAAA0P///wAAAAAAAEjAwGQDQgAA
AAB4iwNCEAAAAHJzc2kAMzo0AAAAADAAAAAYZQNCkGQDQgAAAAAIAAAAAAAAAHYJAAAAAAAAAOyiQABlA0IAAAAAeIsDQhgAAABmcmVx
dWVuY3kAA0IAAAAAAAAAADAAAAAAAAAA0GQDQgAAAAAIAAAAAAAAAAMAAAAAAAAAAAAIQEhlA0IAAAAAeIsDQhgAAABhdXRoVHlwZQAA
AADa////AAAAADAAAAAgZwNCoGMDQpBlA0JAAAAAAAAAAAAAAAAAAAAAAAAAAAAAAAAAAAAAeIsDQpABAADwZQNCAAAAAAAAAAAQAAAA
wGUDQgAAAAAAAAAAAAAAAOBlA0IAAAAAeIsDQjAAAAAwMDowMDowRjowNTo1NzozNAAAAAgAAAAAAAAAEAAAAGJzc2lkAAhAAAAAADAA
AABQZgNCkGUDQgAAAAAQAAAAIGYDQgAAAAAAAAAAAAAAAEBmA0IAAAAAeIsDQjAAAABbQ2FtXSBTVC0yIFNKQjA2SzAwMzQAAAAAAAAA
EAAAAHNzaWQAAAAAAAAAADAAAACQZgNC8GUDQgAAAAAIAAAAAAAAAMz///8AAAAAAABKwIBmA0IAAAAAeIsDQhAAAAByc3NpAAAAAAAA
AAAwAAAA2GYDQlBmA0IAAAAACAAAAAAAAABsCQAAAAAAAADYokDAZgNCAAAAAHiLA0IYAAAAZnJlcXVlbmN5AANCOAAAAAAAAAAwAAAA
AAAAAJBmA0IAAAAACAAAAAAAAAADAAAAAAAAAAAACEAIZwNCAAAAAHiLA0IYAAAAYXV0aFR5cGUAAAAACAAAAAAAAAAwAAAA6GgDQmBl
A0JQZwNCQAAAAAAAAAAAAAAAAAAAAAAAAAAAAAAAAAAAAHiLA0KYAQAAsGcDQgAAAAAAAAAAEAAAAIBnA0IAAAAAAAAAAAAAAACgZwNC
AAAAAHiLA0IwAAAAODg6NTc6MUQ6RUY6NUQ6OTEAAABIZwNCAAAAABAAAABic3NpZAAAAAAAAAAwAAAAGGgDQlBnA0IAAAAAEAAAAOBn
A0IAAAAAAAAAAAAAAAAIaANCAAAAAHiLA0I4AAAAV2luZG93Rml0X0U0MEFFajAwMjZrM2F0MDEyWQAAAAAAAAAAEAAAAHNzaWQAAAAA
AAAAADAAAABYaANCsGcDQgAAAAAIAAAAAAAAANH///8AAAAAAIBHwEhoA0IAAAAAeIsDQhAAAAByc3NpAIBBwAAAAAAwAAAAoGgDQhho
A0IAAAAACAAAAAAAAABsCQAAAAAAAADYokCIaANCAAAAAHiLA0IYAAAAZnJlcXVlbmN5AANCIAAAAAAAAAAwAAAAAAAAAFhoA0IAAAAA
CAAAAAAAAAADAAAAAAAAAAAACEDQaANCAAAAAHiLA0IYAAAAYXV0aFR5cGUAaANCAAAAAAAAAAAwAAAAoGoDQiBnA0IYaQNCQAAAAAAA
AAAAAAAAAAAAAAAAAAAAAAAAAAAAAHiLA0KIAQAAeGkDQgAAAAAAAAAAEAAAAEhpA0IAAAAAAAAAAAAAAABoaQNCAAAAAHiLA0IwAAAA
Qzg6OUU6NDM6NEE6NDM6NDMAAAAAAAhAAAAAABAAAABic3NpZAAAAAAAAAAwAAAA0GkDQhhpA0IAAAAAEAAAAKhpA0IAAAAAAAAAAAAA
AADAaQNCAAAAAHiLA0IoAAAAbmV0YnJva2VyMkcAiAEAAAAAAAAQAAAAc3NpZAAAAAAAAAAAMAAAABBqA0J4aQNCAAAAAAgAAAAAAAAA
3////wAAAAAAgEDAAGoDQgAAAAB4iwNCEAAAAHJzc2kAAAAAAAAAADAAAABYagNC0GkDQgAAAAAIAAAAAAAAAHEJAAAAAAAAAOKiQEBq
A0IAAAAAeIsDQhgAAABmcmVxdWVuY3kAdHRlci1qAAAAADAAAAAAAAAAEGoDQgAAAAAIAAAAAAAAAAMAAAAAAAAAAAAIQIhqA0IAAAAA
eIsDQhgAAABhdXRoVHlwZQBqA0IAAAAAAAAAADAAAABobANC6GgDQtBqA0JAAAAAAAAAAAAAAAAAAAAAAAAAAAAAAAAAAAAAeIsDQpgB
AAAwawNCAAAAAAAAAAAQAAAAAGsDQgAAAAAAAAAAAAAAACBrA0IAAAAAeIsDQjAAAAAxNDoyRTo1RTowRDozNDo0NAAAAAAAEEAAAAAA
EAAAAGJzc2lkAAAAAAAAADAAAACYawNC0GoDQgAAAAAQAAAAYGsDQgAAAAAAAAAAAAAAAIhrA0IAAAAAeIsDQjgAAABbQ2FtXSBTVC0z
IDE5MTBDVTEwMDU0ODUAAAAAEAAAAAAAAAAQAAAAc3NpZAAAAAAAAAAAMAAAANhrA0IwawNCAAAAAAgAAAAAAAAAxv///wAAAAAAAE3A
yGsDQgAAAAB4iwNCEAAAAHJzc2kAAAAAAAAAADAAAAAgbANCmGsDQgAAAAAIAAAAAAAAAGwJAAAAAAAAANiiQAhsA0IAAAAAeIsDQhgA
AABmcmVxdWVuY3kAAAAQAAAAAAAAADAAAAAAAAAA2GsDQgAAAAAIAAAAAAAAAAMAAAAAAAAAAAAIQFBsA0IAAAAAeIsDQhgAAABhdXRo
VHlwZQBzc2kAAAAAAAAAADAAAAAYbgNCoGoDQphsA0JAAAAAAAAAAAAAAAAAAAAAAAAAAAAAAAAAAAAAeIsDQoABAAD4bANCAAAAAAAA
AAAQAAAAyGwDQgAAAAAAAAAAAAAAAOhsA0IAAAAAeIsDQjAAAAA5QzozRDpDRjpFQTpCRjo3OAADQhgAAAAAAAAAEAAAAGJzc2lkANxr
AAAAADAAAABIbQNCmGwDQgAAAAAQAAAAKG0DQgAAAAAAAAAAAAAAADhtA0IAAAAAeIsDQiAAAABhcHAzAAAAAAAAAAAQAAAAc3NpZAAA
AAAAAAAAMAAAAIhtA0L4bANCAAAAAAgAAAAAAAAA1////wAAAAAAgETAeG0DQgAAAAB4iwNCEAAAAHJzc2kAAP//AAAAADAAAADQbQNC
SG0DQgAAAAAIAAAAAAAAAHYJAAAAAAAAAOyiQLhtA0IAAAAAeIsDQhgAAABmcmVxdWVuY3kAIFM3IDUyAAAAADAAAAAAAAAAiG0DQgAA
AAAIAAAAAAAAAAMAAAAAAAAAAAAIQABuA0IAAAAAeIsDQhgAAABhdXRoVHlwZQBuA0IAAAAAAAAAADAAAADQbwNCaGwDQkhuA0JAAAAA
AAAAAAAAAAAAAAAAAAAAAAAAAAAAAAAAeIsDQogBAACobgNCAAAAAAAAAAAQAAAAeG4DQgAAAAAAAAAAAAAAAJhuA0IAAAAAeIsDQjAA
AAAwODozNjpDOTo4Qjo5QjoyNAAAAAAACEAAAAAAEAAAAGJzc2lkAAAAAAAAADAAAAAAbwNCSG4DQgAAAAAQAAAA2G4DQgAAAAAAAAAA
AAAAAPBuA0IAAAAAeIsDQigAAABtYXR0ZXItanVuZzJnAAAAAAAAABAAAABzc2lkAAAAAAAAAAAwAAAAQG8DQqhuA0IAAAAACAAAAAAA
AADV////AAAAAACARcAwbwNCAAAAAHiLA0IQAAAAcnNzaQAAAAAAAAAAMAAAAIhvA0IAbwNCAAAAAAgAAAAAAAAAcQkAAAAAAAAA4qJA
cG8DQgAAAAB4iwNCGAAAAGZyZXF1ZW5jeQB0dGVyLXMAAAAAMAAAAAAAAABAbwNCAAAAAAgAAAAAAAAABAAAAAAAAAAAABBAuG8DQgAA
AAB4iwNCGAAAAGF1dGhUeXBlAG8DQgAAAAAAAAAAMAAAAIhxA0IYbgNCAHADQkAAAAAAAAAAAAAAAAAAAAAAAAAAAAAAAAAAAAB4iwNC
iAEAAGBwA0IAAAAAAAAAABAAAAAwcANCAAAAAAAAAAAAAAAAUHADQgAAAAB4iwNCMAAAADU4Ojg2Ojk0OjI5OkQ2OjE4AAAAAAAIQAAA
AAAQAAAAYnNzaWQAAAAAAAAAMAAAALhwA0IAcANCAAAAABAAAACQcANCAAAAAAAAAAAAAAAAqHADQgAAAAB4iwNCKAAAAEFYODAwNE1X
MkcAQpABAAAAAAAAEAAAAHNzaWQAAAAAAAAAADAAAAD4cANCYHADQgAAAAAIAAAAAAAAAOX///8AAAAAAAA7wOhwA0IAAAAAeIsDQhAA
AAByc3NpAAAAAAAAAAAwAAAAQHEDQrhwA0IAAAAACAAAAAAAAABxCQAAAAAAAADiokAocQNCAAAAAHiLA0IYAAAAZnJlcXVlbmN5AHR0
ZXItYwAAAAAwAAAAAAAAAPhwA0IAAAAACAAAAAAAAAADAAAAAAAAAAAACEBwcQNCAAAAAHiLA0IYAAAAYXV0aFR5cGUAAAAAAABBwAAA
AAAwAAAAQHMDQtBvA0K4cQNCQAAAAAAAAAAAAAAAAAAAAAAAAAAAAAAAAAAAAHiLA0KIAQAAGHIDQgAAAAAAAAAAEAAAAOhxA0IAAAAA
AAAAAAAAAAAIcgNCAAAAAHiLA0IwAAAAMzQ6OTg6QjU6RTI6NDY6QTYAAAADAAAAAAAAABAAAABic3NpZAAAAAAAAAAwAAAAcHIDQrhx
A0IAAAAAEAAAAEhyA0IAAAAAAAAAAAAAAABgcgNCAAAAAHiLA0IoAAAAbWF0dGVyLXN2ZTJnAAAAAAAAAAAQAAAAc3NpZAAAAAAAAAAA
MAAAALByA0IYcgNCAAAAAAgAAAAAAAAA3////wAAAAAAgEDAoHIDQgAAAAB4iwNCEAAAAHJzc2kAAEzAAAAAADAAAAD4cgNCcHIDQgAA
AAAIAAAAAAAAAHEJAAAAAAAAAOKiQOByA0IAAAAAeIsDQhgAAABmcmVxdWVuY3kAA0IoAAAAAAAAADAAAAAAAAAAsHIDQgAAAAAIAAAA
AAAAAAMAAAAAAAAAAAAIQChzA0IAAAAAeIsDQhgAAABhdXRoVHlwZQAAAAAAgEjAAAAAADAAAAAAdQNCiHEDQnBzA0JAAAAAAAAAAAAA
AAAAAAAAAAAAAAAAAAAAAAAAeIsDQpABAADQcwNCAAAAAAAAAAAQAAAAoHMDQgAAAAAAAAAAAAAAAMBzA0IAAAAAeIsDQjAAAABDODo5
RTo0Mzo2Mjo4RTpBNQAAAAMAAAAAAAAAEAAAAGJzc2lkAAAAAAAAADAAAAAwdANCcHMDQgAAAAAQAAAAAHQDQgAAAAAAAAAAAAAAACB0
A0IAAAAAeIsDQjAAAABtYXR0ZXItY29udHJvbDJnAIoDQoABAAAAAAAAEAAAAHNzaWQAAAAAAAAAADAAAABwdANC0HMDQgAAAAAIAAAA
AAAAANv///8AAAAAAIBCwGB0A0IAAAAAeIsDQhAAAAByc3NpAAAAAAAAAAAwAAAAuHQDQjB0A0IAAAAACAAAAAAAAABsCQAAAAAAAADY
okCgdANCAAAAAHiLA0IYAAAAZnJlcXVlbmN5AEZUVgAAAAAAAAAwAAAAAAAAAHB0A0IAAAAACAAAAAAAAAADAAAAAAAAAAAACEDodANC
AAAAAHiLA0IYAAAAYXV0aFR5cGUAigNCEAAAAAAAAAAwAAAAuHYDQkBzA0IwdQNCQAAAAAAAAAAAAAAAAAAAAAAAAAAAAAAAAAAAAHiL
A0KIAQAAkHUDQgAAAAAAAAAAEAAAAGB1A0IAAAAAAAAAAAAAAACAdQNCAAAAAHiLA0IwAAAANTg6ODY6OTQ6NEE6NDk6QzgAA0IAAAAA
AAAAABAAAABic3NpZABwZQAAAAAwAAAA6HUDQjB1A0IAAAAAEAAAAMB1A0IAAAAAAAAAAAAAAADYdQNCAAAAAHiLA0IoAAAAMmRjb25f
Y3gxOABCAAAAAAAAAAAQAAAAc3NpZAAAAAAAAAAAMAAAACh2A0KQdQNCAAAAAAgAAAAAAAAAy////wAAAAAAgErAGHYDQgAAAAB4iwNC
EAAAAHJzc2kAAHF1AAAAADAAAABwdgNC6HUDQgAAAAAIAAAAAAAAAGwJAAAAAAAAANiiQFh2A0IAAAAAeIsDQhgAAABmcmVxdWVuY3kA
AHR0ZXIgAAAAADAAAAAAAAAAKHYDQgAAAAAIAAAAAAAAAAMAAAAAAAAAAAAIQKB2A0IAAAAAeIsDQhgAAABhdXRoVHlwZQCKA0IQAAAA
AAAAADAAAABweANCAHUDQuh2A0JAAAAAAAAAAAAAAAAAAAAAAAAAAAAAAAAAAAAAeIsDQogBAABIdwNCAAAAAAAAAAAQAAAAGHcDQgAA
AAAAAAAAAAAAADh3A0IAAAAAeIsDQjAAAAAzNDo5ODpCNTpFMTpEOTowMgADQgAAAAAAAAAAEAAAAGJzc2lkAHBlAAAAADAAAACgdwNC
6HYDQgAAAAAQAAAAeHcDQgAAAAAAAAAAAAAAAJB3A0IAAAAAeIsDQigAAABtYXR0ZXJrYXRlAEIAAAAAAAAAABAAAABzc2lkAAAAAAAA
AAAwAAAA4HcDQkh3A0IAAAAACAAAAAAAAADj////AAAAAAAAPcDQdwNCAAAAAHiLA0IQAAAAcnNzaQAAOiIAAAAAMAAAACh4A0KgdwNC
AAAAAAgAAAAAAAAAcQkAAAAAAAAA4qJAEHgDQgAAAAB4iwNCGAAAAGZyZXF1ZW5jeQAAABAAAAAAAAAAMAAAAAAAAADgdwNCAAAAAAgA
AAAAAAAAAwAAAAAAAAAAAAhAWHgDQgAAAAB4iwNCGAAAAGF1dGhUeXBlAHNzaQBlIjoAAAAAMAAAACB6A0K4dgNCoHgDQkAAAAAAAAAA
AAAAAAAAAAAAAAAAAAAAAAAAAAB4iwNCgAEAAAB5A0IAAAAAAAAAABAAAADQeANCAAAAAAAAAAAAAAAA8HgDQgAAAAB4iwNCMAAAAEVF
OjY0OkM5OkNGOjU2OjA1AANCGAAAAAAAAAAQAAAAYnNzaWQAcnMAAAAAMAAAAFB5A0KgeANCAAAAABAAAAAweQNCAAAAAAAAAAAAAAAA
QHkDQgAAAAB4iwNCIAAAAEdJRlRWAAAAAAAAABAAAABzc2lkAAAAAAAAAAAwAAAAkHkDQgB5A0IAAAAACAAAAAAAAADP////AAAAAACA
SMCAeQNCAAAAAHiLA0IQAAAAcnNzaQAAIjUAAAAAMAAAANh5A0JQeQNCAAAAAAgAAAAAAAAAbAkAAAAAAAAA2KJAwHkDQgAAAAB4iwNC
GAAAAGZyZXF1ZW5jeQAgMTg2NQAAAAAAMAAAAAAAAACQeQNCAAAAAAgAAAAAAAAAAAAAAAAAAAAAAAAACHoDQgAAAAB4iwNCGAAAAGF1
dGhUeXBlAIoDQhAAAAAAAAAAMAAAAAAAAABweANCUHoDQkAAAAAAAAAAAAAAAAAAAAAAAAAAAAAAAAAAAAB4iwNCiAEAALB6A0IAAAAA
AAAAABAAAACAegNCAAAAAAAAAAAAAAAAoHoDQgAAAAB4iwNCMAAAAEQ2OjlEOkMwOkE0OjA0OjNFAANCAAAAAAAAAAAQAAAAYnNzaWQA
cGUAAAAAMAAAAAh7A0JQegNCAAAAABAAAADgegNCAAAAAAAAAAAAAAAA+HoDQgAAAAB4iwNCKAAAAFNhbXN1bmcgVFYgMTg2NQAAAAAA
EAAAAHNzaWQAAAAAAAAAADAAAABIewNCsHoDQgAAAAAIAAAAAAAAAMr///8AAAAAAABLwDh7A0IAAAAAeIsDQhAAAAByc3NpAG8iOgAA
AAAwAAAAkHsDQgh7A0IAAAAACAAAAAAAAABsCQAAAAAAAADYokB4ewNCAAAAAHiLA0IYAAAAZnJlcXVlbmN5AHkiOjI0NwAAAAAwAAAA
AAAAAEh7A0IAAAAACAAAAAAAAAADAAAAAAAAAAAACEDAewNCAAAAAHiLA0IYAAAAYXV0aFR5cGUAc2kiOi01OQAAAAAQAAAAZGF0YQAy
NDN4iwNCGAAAAHdpZmlTY2FuSW5mbwBpZCIAAAAAMAAAAAAAAABAqQFCAAAAAAgAAAAAAAAAAAAAAAAAAAAAAAAAMHwDQgAAAAB4iwNC
GAAAAGVycm9yY29kZQAiZnJlcXUAAAAAOA8AAHsiZGF0YSI6eyJ3aWZpU2NhbkluZm8iOlt7ImJzc2lkIjoiRkM6MzQ6OTc6MDQ6MTg6
NzAiLCJzc2lkIjoiZGNvbl9jeDY5IiwicnNzaSI6LTUzLCJmcmVxdWVuY3kiOjI0MzcsImF1dGhUeXBlIjo0fSx7ImJzc2lkIjoiNzg6
QjI6MTM6RTI6MEM6NTIiLCJzc2lkIjoiW0NhbV0gU1QtMyAxOTAzQ1UxMDA0NjkyIiwicnNzaSI6LTYwLCJmcmVxdWVuY3kiOjI0MTIs
ImF1dGhUeXBlIjozfSx7ImJzc2lkIjoiQkU6NDU6NUI6Njc6NTY6MjYiLCJzc2lkIjoiRElSRUNULSIsInJzc2kiOi00NSwiZnJlcXVl
bmN5IjoyNDEyLCJhdXRoVHlwZSI6MX0seyJic3NpZCI6IjE0OjJFOjVFOjBEOjM0OjE0Iiwic3NpZCI6IltDYW1dIFNULTMgMTkxMENV
MTAwNTQzNyIsInJzc2kiOi01NywiZnJlcXVlbmN5IjoyNDEyLCJhdXRoVHlwZSI6M30seyJic3NpZCI6IjU4Ojg2Ojk0OjQ2OjIyOjhB
Iiwic3NpZCI6InN0YXB0ZXN0IiwicnNzaSI6LTU2LCJmcmVxdWVuY3kiOjI0MjIsImF1dGhUeXBlIjozfSx7ImJzc2lkIjoiQ0M6NDA6
RDA6NDk6OTc6QTciLCJzc2lkIjoiU1RBUkNIIiwicnNzaSI6LTQ0LCJmcmVxdWVuY3kiOjI0NzIsImF1dGhUeXBlIjozfSx7ImJzc2lk
IjoiMzA6MzQ6MjI6MDc6REM6QTYiLCJzc2lkIjoiU1QgTWF0dGVyIEVFUk8iLCJyc3NpIjotMzIsImZyZXF1ZW5jeSI6MjQ2MiwiYXV0
aFR5cGUiOjN9LHsiYnNzaWQiOiI3ODpEMjo5NDpBODozNTpEQiIsInNzaWQiOiJTVE1lZGlhX0VYIiwicnNzaSI6LTQ0LCJmcmVxdWVu
Y3kiOjI0NzIsImF1dGhUeXBlIjozfSx7ImJzc2lkIjoiMzI6QUI6NkE6OUU6OTY6REYiLCJzc2lkIjoic3QtaHVidjMtNTExIiwicnNz
aSI6LTUzLCJmcmVxdWVuY3kiOjI0NjIsImF1dGhUeXBlIjozfSx7ImJzc2lkIjoiMDQ6Rjk6Rjg6Mjg6MjI6ODEiLCJzc2lkIjoibWF0
dGVyLWNvcmUyZyIsInJzc2kiOi0zMSwiZnJlcXVlbmN5IjoyNDYyLCJhdXRoVHlwZSI6NH0seyJic3NpZCI6IjA4OjM2OkM5OjhCOjlB
OkM0Iiwic3NpZCI6Im1hdHRlcmh1YiIsInJzc2kiOi00OSwiZnJlcXVlbmN5IjoyNDU3LCJhdXRoVHlwZSI6M30seyJic3NpZCI6Ijg4
OjM2OjZDOkMxOkU2OkZFIiwic3NpZCI6IuuUlOy9mOyXkOy9lCIsInJzc2kiOi00NCwiZnJlcXVlbmN5IjoyNDYyLCJhdXRoVHlwZSI6
M30seyJic3NpZCI6IkQyOjFDOjFDOkY5OjgxOjkxIiwic3NpZCI6ImRlbW9BUCIsInJzc2kiOi00MywiZnJlcXVlbmN5IjoyNDYyLCJh
dXRoVHlwZSI6M30seyJic3NpZCI6IkY4OjFBOjJCOjEzOjY1OjMyIiwic3NpZCI6InNldHVwMEM3Ni55YmQiLCJyc3NpIjotNDEsImZy
ZXF1ZW5jeSI6MjQ2MiwiYXV0aFR5cGUiOjN9LHsiYnNzaWQiOiI1ODo4Njo5NDpDMToyMDpCQiIsInNzaWQiOiJkY29uaW9zMiIsInJz
c2kiOi00NSwiZnJlcXVlbmN5IjoyNDU3LCJhdXRoVHlwZSI6M30seyJic3NpZCI6IjI0OjRCOkZFOjI0OkY2OjEwIiwic3NpZCI6IlNU
X2lPU18yRyIsInJzc2kiOi00NCwiZnJlcXVlbmN5IjoyNDUyLCJhdXRoVHlwZSI6M30seyJic3NpZCI6IjcwOjVEOkNDOkQ0OjY1OjBD
Iiwic3NpZCI6IlNZMzlKVSIsInJzc2kiOi0zNywiZnJlcXVlbmN5IjoyNDUyLCJhdXRoVHlwZSI6M30seyJic3NpZCI6IjgyOjc3OjE2
Ojg3OjZFOjkzIiwic3NpZCI6IltDYW1dIFNULTQgY1V6ODNtUXkiLCJyc3NpIjotNTUsImZyZXF1ZW5jeSI6MjQzNywiYXV0aFR5cGUi
OjR9LHsiYnNzaWQiOiJDODo5RTo0Mzo2Mjo3RTo0NiIsInNzaWQiOiJob21lc2RrLTJnIiwicnNzaSI6LTQwLCJmcmVxdWVuY3kiOjI0
NDIsImF1dGhUeXBlIjozfSx7ImJzc2lkIjoiM0M6Mzc6ODY6QzU6OEM6OEIiLCJzc2lkIjoiQ2xpZW50UGxhdGZvcm0iLCJyc3NpIjot
MzksImZyZXF1ZW5jeSI6MjQ0MiwiYXV0aFR5cGUiOjN9LHsiYnNzaWQiOiI2MDo3RTpBNDo4MDowRDo2QyIsInNzaWQiOiJbQ2FtXSBT
VC00IE5RZU9rcTVOIiwicnNzaSI6LTU1LCJmcmVxdWVuY3kiOjI0MzcsImF1dGhUeXBlIjo0fSx7ImJzc2lkIjoiOTA6Q0E6RkE6OUM6
NzY6RjAiLCJzc2lkIjoic2V0dXA3NkYwLnluayIsInJzc2kiOi00MywiZnJlcXVlbmN5IjoyNDM3LCJhdXRoVHlwZSI6M30seyJic3Np
ZCI6IjgyOkVEOjAwOjJFOkZFOkM4Iiwic3NpZCI6Imh1Yl93YXNoXzJnIiwicnNzaSI6LTI5LCJmcmVxdWVuY3kiOjI0MzcsImF1dGhU
eXBlIjozfSx7ImJzc2lkIjoiRTQ6NTg6RTc6NEM6OUY6RjQiLCJzc2lkIjoic2NoIGNkcmFnb24iLCJyc3NpIjotNDMsImZyZXF1ZW5j
eSI6MjQzMiwiYXV0aFR5cGUiOjN9LHsiYnNzaWQiOiI1ODo4Njo5NDpDMjowNjpDMCIsInNzaWQiOiJTVE1lZGlhIiwicnNzaSI6LTQw
LCJmcmVxdWVuY3kiOjI0MzIsImF1dGhUeXBlIjozfSx7ImJzc2lkIjoiNEE6NTU6MTk6Q0I6QUI6OUIiLCJzc2lkIjoiRFdELVMyMjBf
Y2JhYjliIiwicnNzaSI6LTQ5LCJmcmVxdWVuY3kiOjI0MTIsImF1dGhUeXBlIjowfSx7ImJzc2lkIjoiMjQ6NEI6RkU6MjQ6RjI6RjAi
LCJzc2lkIjoiV0FTSF9ERE9fMkciLCJyc3NpIjotMzQsImZyZXF1ZW5jeSI6MjQyMiwiYXV0aFR5cGUiOjN9LHsiYnNzaWQiOiJBMDo0
MDpBMDpBNzo5QjpGOCIsInNzaWQiOiJBUkxPX1ZNQl8xNzIyOTI1MjU2IiwicnNzaSI6LTQ4LCJmcmVxdWVuY3kiOjI0MjIsImF1dGhU
eXBlIjozfSx7ImJzc2lkIjoiMDA6MDA6MEY6MDU6NTc6MzQiLCJzc2lkIjoiW0NhbV0gU1QtMiBTSkIwNkswMDM0IiwicnNzaSI6LTUy
LCJmcmVxdWVuY3kiOjI0MTIsImF1dGhUeXBlIjozfSx7ImJzc2lkIjoiODg6NTc6MUQ6RUY6NUQ6OTEiLCJzc2lkIjoiV2luZG93Rml0
X0U0MEFFajAwMjZrM2F0MDEyWSIsInJzc2kiOi00NywiZnJlcXVlbmN5IjoyNDEyLCJhdXRoVHlwZSI6M30seyJic3NpZCI6IkM4OjlF
OjQzOjRBOjQzOjQzIiwic3NpZCI6Im5ldGJyb2tlcjJHIiwicnNzaSI6LTMzLCJmcmVxdWVuY3kiOjI0MTcsImF1dGhUeXBlIjozfSx7
ImJzc2lkIjoiMTQ6MkU6NUU6MEQ6MzQ6NDQiLCJzc2lkIjoiW0NhbV0gU1QtMyAxOTEwQ1UxMDA1NDg1IiwicnNzaSI6LTU4LCJmcmVx
dWVuY3kiOjI0MTIsImF1dGhUeXBlIjozfSx7ImJzc2lkIjoiOUM6M0Q6Q0Y6RUE6QkY6NzgiLCJzc2lkIjoiYXBwMyIsInJzc2kiOi00
MSwiZnJlcXVlbmN5IjoyNDIyLCJhdXRoVHlwZSI6M30seyJic3NpZCI6IjA4OjM2OkM5OjhCOjlCOjI0Iiwic3NpZCI6Im1hdHRlci1q
dW5nMmciLCJyc3NpIjotNDMsImZyZXF1ZW5jeSI6MjQxNywiYXV0aFR5cGUiOjR9LHsiYnNzaWQiOiI1ODo4Njo5NDoyOTpENjoxOCIs
InNzaWQiOiJBWDgwMDRNVzJHIiwicnNzaSI6LTI3LCJmcmVxdWVuY3kiOjI0MTcsImF1dGhUeXBlIjozfSx7ImJzc2lkIjoiMzQ6OTg6
QjU6RTI6NDY6QTYiLCJzc2lkIjoibWF0dGVyLXN2ZTJnIiwicnNzaSI6LTMzLCJmcmVxdWVuY3kiOjI0MTcsImF1dGhUeXBlIjozfSx7
ImJzc2lkIjoiQzg6OUU6NDM6NjI6OEU6QTUiLCJzc2lkIjoibWF0dGVyLWNvbnRyb2wyZyIsInJzc2kiOi0zNywiZnJlcXVlbmN5Ijoy
NDEyLCJhdXRoVHlwZSI6M30seyJic3NpZCI6IjU4Ojg2Ojk0OjRBOjQ5OkM4Iiwic3NpZCI6IjJkY29uX2N4MTgiLCJyc3NpIjotNTMs
ImZyZXF1ZW5jeSI6MjQxMiwiYXV0aFR5cGUiOjN9LHsiYnNzaWQiOiIzNDo5ODpCNTpFMTpEOTowMiIsInNzaWQiOiJtYXR0ZXJrYXRl
IiwicnNzaSI6LTI5LCJmcmVxdWVuY3kiOjI0MTcsImF1dGhUeXBlIjozfSx7ImJzc2lkIjoiRUU6NjQ6Qzk6Q0Y6NTY6MDUiLCJzc2lk
IjoiR0lGVFYiLCJyc3NpIjotNDksImZyZXF1ZW5jeSI6MjQxMiwiYXV0aFR5cGUiOjB9LHsiYnNzaWQiOiJENjo5RDpDMDpBNDowNDoz
RSIsInNzaWQiOiJTYW1zdW5nIFRWIDE4NjUiLCJyc3NpIjotNTQsImZyZXF1ZW5jeSI6MjQxMiwiYXV0aFR5cGUiOjN9XX0sImVycm9y
Y29kZSI6MH0AAAAAAAAAAECJBEKAdAAAc3NpIjotNDMsImZyZXF1ZW5jeSI6MjQzNywiYXV0aFR5cGUiOjN9LHsiYnNzaWQiOiI4MjpF
RDowMDoyRTpGRTpDOCIsInNzaWQiOiJodWJfd2FzaF8yZyIsInJzc2kiOi0yOSwiZnJlcXVlbmN5IjoyNDM3LCJhdXRoVHlwZSI6MwAA
IjoyNAAAAAD4EAAAeyJkYXRhIjp7IndpZmlTY2FuSW5mbyI6W3siYnNzaWQiOiJGQzozNDo5NzowNDoxODo3MCIsInNzaWQiOiJkY29u
X2N4NjkiLCJyc3NpIjotNTMsImZyZXF1ZW5jeSI6MjQzNywiYXV0aFR5cGUiOjR9LHsiYnNzaWQiOiI3ODpCMjoxMzpFMjowQzo1MiIs
InNzaWQiOiJbQ2FtXSBTVC0zIDE5MDNDVTEwMDQ2OTIiLCJyc3NpIjotNjAsImZyZXF1ZW5jeSI6MjQxMiwiYXV0aFR5cGUiOjN9LHsi
YnNzaWQiOiJCRTo0NTo1Qjo2Nzo1NjoyNiIsInNzaWQiOiJESVJFQ1QtIiwicnNzaSI6LTQ1LCJmcmVxdWVuY3kiOjI0MTIsImF1dGhU
eXBlIjoxfSx7ImJzc2lkIjoiMTQ6MkU6NUU6MEQ6MzQ6MTQiLCJzc2lkIjoiW0NhbV0gU1QtMyAxOTEwQ1UxMDA1NDM3IiwicnNzaSI6
LTU3LCJmcmVxdWVuY3kiOjI0MTIsImF1dGhUeXBlIjozfSx7ImJzc2lkIjoiNTg6ODY6OTQ6NDY6MjI6OEEiLCJzc2lkIjoic3RhcHRl
c3QiLCJyc3NpIjotNTYsImZyZXF1ZW5jeSI6MjQyMiwiYXV0aFR5cGUiOjN9LHsiYnNzaWQiOiJDQzo0MDpEMDo0OTo5NzpBNyIsInNz
aWQiOiJTVEFSQ0giLCJyc3NpIjotNDQsImZyZXF1ZW5jeSI6MjQ3MiwiYXV0aFR5cGUiOjN9LHsiYnNzaWQiOiIzMDozNDoyMjowNzpE
QzpBNiIsInNzaWQiOiJTVCBNYXR0ZXIgRUVSTyIsInJzc2kiOi0zMiwiZnJlcXVlbmN5IjoyNDYyLCJhdXRoVHlwZSI6M30seyJic3Np
ZCI6Ijc4OkQyOjk0OkE4OjM1OkRCIiwic3NpZCI6IlNUTWVkaWFfRVgiLCJyc3NpIjotNDQsImZyZXF1ZW5jeSI6MjQ3MiwiYXV0aFR5
cGUiOjN9LHsiYnNzaWQiOiIzMjpBQjo2QTo5RTo5NjpERiIsInNzaWQiOiJzdC1odWJ2My01MTEiLCJyc3NpIjotNTMsImZyZXF1ZW5j
eSI6MjQ2MiwiYXV0aFR5cGUiOjN9LHsiYnNzaWQiOiIwNDpGOTpGODoyODoyMjo4MSIsInNzaWQiOiJtYXR0ZXItY29yZTJnIiwicnNz
aSI6LTMxLCJmcmVxdWVuY3kiOjI0NjIsImF1dGhUeXBlIjo0fSx7ImJzc2lkIjoiMDg6MzY6Qzk6OEI6OUE6QzQiLCJzc2lkIjoibWF0
dGVyaHViIiwicnNzaSI6LTQ5LCJmcmVxdWVuY3kiOjI0NTcsImF1dGhUeXBlIjozfSx7ImJzc2lkIjoiODg6MzY6NkM6QzE6RTY6RkUi
LCJzc2lkIjoi65SU7L2Y7JeQ7L2UIiwicnNzaSI6LTQ0LCJmcmVxdWVuY3kiOjI0NjIsImF1dGhUeXBlIjozfSx7ImJzc2lkIjoiRDI6
MUM6MUM6Rjk6ODE6OTEiLCJzc2lkIjoiZGVtb0FQIiwicnNzaSI6LTQzLCJmcmVxdWVuY3kiOjI0NjIsImF1dGhUeXBlIjozfSx7ImJz
c2lkIjoiRjg6MUE6MkI6MTM6NjU6MzIiLCJzc2lkIjoic2V0dXAwQzc2LnliZCIsInJzc2kiOi00MSwiZnJlcXVlbmN5IjoyNDYyLCJh
dXRoVHlwZSI6M30seyJic3NpZCI6IjU4Ojg2Ojk0OkMxOjIwOkJCIiwic3NpZCI6ImRjb25pb3MyIiwicnNzaSI6LTQ1LCJmcmVxdWVu
Y3kiOjI0NTcsImF1dGhUeXBlIjozfSx7ImJzc2lkIjoiMjQ6NEI6RkU6MjQ6RjY6MTAiLCJzc2lkIjoiU1RfaU9TXzJHIiwicnNzaSI6
LTQ0LCJmcmVxdWVuY3kiOjI0NTIsImF1dGhUeXBlIjozfSx7ImJzc2lkIjoiNzA6NUQ6Q0M6RDQ6NjU6MEMiLCJzc2lkIjoiU1kzOUpV
IiwicnNzaSI6LTM3LCJmcmVxdWVuY3kiOjI0NTIsImF1dGhUeXBlIjozfSx7ImJzc2lkIjoiODI6Nzc6MTY6ODc6NkU6OTMiLCJzc2lk
IjoiW0NhbV0gU1QtNCBjVXo4M21ReSIsInJzc2kiOi01NSwiZnJlcXVlbmN5IjoyNDM3LCJhdXRoVHlwZSI6NH0seyJic3NpZCI6IkM4
OjlFOjQzOjYyOjdFOjQ2Iiwic3NpZCI6ImhvbWVzZGstMmciLCJyc3NpIjotNDAsImZyZXF1ZW5jeSI6MjQ0MiwiYXV0aFR5cGUiOjN9
LHsiYnNzaWQiOiIzQzozNzo4NjpDNTo4Qzo4QiIsInNzaWQiOiJDbGllbnRQbGF0Zm9ybSIsInJzc2kiOi0zOSwiZnJlcXVlbmN5Ijoy
NDQyLCJhdXRoVHlwZSI6M30seyJic3NpZCI6IjYwOjdFOkE0OjgwOjBEOjZDIiwic3NpZCI6IltDYW1dIFNULTQgTlFlT2txNU4iLCJy
c3NpIjotNTUsImZyZXF1ZW5jeSI6MjQzNywiYXV0aFR5cGUiOjR9LHsiYnNzaWQiOiI5MDpDQTpGQTo5Qzo3NjpGMCIsInNzaWQiOiJz
ZXR1cDc2RjAueW5rIiwicnNzaSI6LTQzLCJmcmVxdWVuY3kiOjI0MzcsImF1dGhUeXBlIjozfSx7ImJzc2lkIjoiODI6RUQ6MDA6MkU6
RkU6QzgiLCJzc2lkIjoiaHViX3dhc2hfMmciLCJyc3NpIjotMjksImZyZXF1ZW5jeSI6MjQzNywiYXV0aFR5cGUiOjN9LHsiYnNzaWQi
OiJFNDo1ODpFNzo0Qzo5RjpGNCIsInNzaWQiOiJzY2ggY2RyYWdvbiIsInJzc2kiOi00MywiZnJlcXVlbmN5IjoyNDMyLCJhdXRoVHlw
ZSI6M30seyJic3NpZCI6IjU4Ojg2Ojk0OkMyOjA2OkMwIiwic3NpZCI6IlNUTWVkaWEiLCJyc3NpIjotNDAsImZyZXF1ZW5jeSI6MjQz
MiwiYXV0aFR5cGUiOjN9LHsiYnNzaWQiOiI0QTo1NToxOTpDQjpBQjo5QiIsInNzaWQiOiJEV0QtUzIyMF9jYmFiOWIiLCJyc3NpIjot
NDksImZyZXF1ZW5jeSI6MjQxMiwiYXV0aFR5cGUiOjB9LHsiYnNzaWQiOiIyNDo0QjpGRToyNDpGMjpGMCIsInNzaWQiOiJXQVNIX0RE
T18yRyIsInJzc2kiOi0zNCwiZnJlcXVlbmN5IjoyNDIyLCJhdXRoVHlwZSI6M30seyJic3NpZCI6IkEwOjQwOkEwOkE3OjlCOkY4Iiwi
c3NpZCI6IkFSTE9fVk1CXzE3MjI5MjUyNTYiLCJyc3NpIjotNDgsImZyZXF1ZW5jeSI6MjQyMiwiYXV0aFR5cGUiOjN9LHsiYnNzaWQi
OiIwMDowMDowRjowNTo1NzozNCIsInNzaWQiOiJbQ2FtXSBTVC0yIFNKQjA2SzAwMzQiLCJyc3NpIjotNTIsImZyZXF1ZW5jeSI6MjQx
MiwiYXV0aFR5cGUiOjN9LHsiYnNzaWQiOiI4ODo1NzoxRDpFRjo1RDo5MSIsInNzaWQiOiJXaW5kb3dGaXRfRTQwQUVqMDAyNmszYXQw
MTJZIiwicnNzaSI6LTQ3LCJmcmVxdWVuY3kiOjI0MTIsImF1dGhUeXBlIjozfSx7ImJzc2lkIjoiQzg6OUU6NDM6NEE6NDM6NDMiLCJz
c2lkIjoibmV0YnJva2VyMkciLCJyc3NpIjotMzMsImZyZXF1ZW5jeSI6MjQxNywiYXV0aFR5cGUiOjN9LHsiYnNzaWQiOiIxNDoyRTo1
RTowRDozNDo0NCIsInNzaWQiOiJbQ2FtXSBTVC0zIDE5MTBDVTEwMDU0ODUiLCJyc3NpIjotNTgsImZyZXF1ZW5jeSI6MjQxMiwiYXV0
aFR5cGUiOjN9LHsiYnNzaWQiOiI5QzozRDpDRjpFQTpCRjo3OCIsInNzaWQiOiJhcHAzIiwicnNzaSI6LTQxLCJmcmVxdWVuY3kiOjI0
MjIsImF1dGhUeXBlIjozfSx7ImJzc2lkIjoiMDg6MzY6Qzk6OEI6OUI6MjQiLCJzc2lkIjoibWF0dGVyLWp1bmcyZyIsInJzc2kiOi00
MywiZnJlcXVlbmN5IjoyNDE3LCJhdXRoVHlwZSI6NH0seyJic3NpZCI6IjU4Ojg2Ojk0OjI5OkQ2OjE4Iiwic3NpZCI6IkFYODAwNE1X
MkciLCJyc3NpIjotMjcsImZyZXF1ZW5jeSI6MjQxNywiYXV0aFR5cGUiOjN9LHsiYnNzaWQiOiIzNDo5ODpCNTpFMjo0NjpBNiIsInNz
aWQiOiJtYXR0ZXItc3ZlMmciLCJyc3NpIjotMzMsImZyZXF1ZW5jeSI6MjQxNywiYXV0aFR5cGUiOjN9LHsiYnNzaWQiOiJDODo5RTo0
Mzo2Mjo4RTpBNSIsInNzaWQiOiJtYXR0ZXItY29udHJvbDJnIiwicnNzaSI6LTM3LCJmcmVxdWVuY3kiOjI0MTIsImF1dGhUeXBlIjoz
fSx7ImJzc2lkIjoiNTg6ODY6OTQ6NEE6NDk6QzgiLCJzc2lkIjoiMmRjb25fY3gxOCIsInJzc2kiOi01MywiZnJlcXVlbmN5IjoyNDEy
LCJhdXRoVHlwZSI6M30seyJic3NpZCI6IjM0Ojk4OkI1OkUxOkQ5OjAyIiwic3NpZCI6Im1hdHRlcmthdGUiLCJyc3NpIjotMjksImZy
ZXF1ZW5jeSI6MjQxNywiYXV0aFR5cGUiOjN9LHsiYnNzaWQiOiJFRTo2NDpDOTpDRjo1NjowNSIsInNzaWQiOiJHSUZUViIsInJzc2ki
Oi00OSwiZnJlcXVlbmN5IjoyNDEyLCJhdXRoVHlwZSI6MH0seyJic3NpZCI6IkQ2OjlEOkMwOkE0OjA0OjNFIiwic3NpZCI6IlNhbXN1
bmcgVFYgMTg2NSIsInJzc2kiOi01NCwiZnJlcXVlbmN5IjoyNDEyLCJhdXRoVHlwZSI6M31dfSwiZXJyb3Jjb2RlIjowfQAAAAAAAAAA
AAAAAAAAAAAAAAAAAAAAAAAAAAAAAAAAAAAAAAAAAAAAAAAAAAAAAAAAAAAAAAAAAAAAAAAAAAAAAAAAAAAAAAAAAAAAAAAAAAAAAAAA
AAAAAAAAAAAAAAAAAAAAAAAAAAAAAAAAAAAAAAAAAAAAAAAAAAAAAAAAAAAAAAAAAAAAAAAAAAAAAAAAAAAAAAAAAAAAAAAAAAAAAAAA
AAAAAAAAAAAAAAAAAAAAAAAAAAAAAAAAAAAAAAAAAAAAAAAAAAAAAAAAAAAAAAAAAAAAAAAAAAAAAAAAAAAAAAAAAAAAAAAAAAAAAAAA
AAAAAAAAAAAAAAAAAAAAAAAAAAAAAAAAAAAAAAAAAAAAAAAAAAAAAAAAAAAAAAAAAAAAAAAAAAAAAAAAAAAAAAAAAAAAAAAAAAAAAAAA
AAAAAAAAAAAAAAAAAAAAAAAAAAAAAAAAAAAAAAAAAAAAAAAAAAAAAAAAAAAAAAAAAAAAAAAAAAAAAAAAAAAAAAAAAAAAAAAAAAAAAAAA
AAAAAAAAAAAAAAAAAAAAAAAAAAAAAAAAAAAAAAAAAAAAAAAAAAAAAAAAAAAAAAAAAAAAAGW1/3G2/0CJBEL4YgAA3sHwB6q7jtuyI6/m
RZAVHPPEXc981QO8BRMZmkBRC0++XGnn9kuxrAbIiYA82wMAcJ4tx4ff8cOFFrFkD+CLSI//WMNpl2T3AUQfHA2w4uDM5O8/Nx57V5EW
Q2hFBRcRTZn0CpnLOzqAmocEB2Puxe/6lJuX8IvEQitVG1QUkZb4ObRYZv3rTD06gDEMePcczXbX17Pccd+oCTYidQYUEV/8IlIzm8aF
TgPoIGYGpiw+/hCut8dftgheIQzPKRwAZHTUt/9X/z7JCfUKVogjrnf0EdHZ5V/7t6A1gJQoluTbadJeR7TZ20KUMdK2TMHvdopWG/H6
2u/wEqFAAVEAKlS14NeuGD7W4opnsQYWHCZeP42z6Dg9PyU0nKIhIANoY87MdWuf2g7yAMc0FHMMxnN74tt8V99LtyBHAClTCgTGd3zl
7svUq3ScTS6604WgVM4IuqfwYL6gDSzgBQhqyH738Y3b5491YGfhzS9LFk+5rLnRMLfanjRLQyjCBrObKOnf7td4V09FYXad1DmVySfN
gld3Ii2HJNNH2T/BoG2dfuvqIzp3/3IAcLJ94sTGKUmzWHW8yvYnBAGPVe7ihOi23bd9/8hpOBPRxpS1xhQqfXXE85nb+7dECBw1qJhs
q9t33TOFX/4KUHb1QOqSQJ7NWdy3qO2XD4YBKcdczomK1yPthu90LZ5wdHQevhxI63X8rVO1PPy3LggGFyYspvjvZ5xI/8XkOcog0pBw
Q8yc03j5Kqmbd6EblUh5l+P/qd8CEV1n9KsEmvhMp/0EoPffxv5V+3x/X5MsjToCicT5Xe/eUn/+XUIGGMYsvycBus33+YO13/dJIKUD
AXiPRcSXd9axDBwvBRLgSheHgbJk6jzH2BggNwHIgGwNmCFnla+dvpH9qDuBiBkHZADcOVPl0Xj5hiLvCFwBDigOiAxcnReZvPsupQQG
ygACYHcEZPeqj/OFG4hzcDTc2QpjgnsMp1U/Mz0nAuzYkY0BqSu2Eb3aupJ3/yA6jAIGDMmgKoACpehIuvEzwOEASEIxllh5SOTXxXQw
RAlBgDAQTgBqsfP0+hWQH4axDMLOfGBhhaBmrPYy2X9LosZZMEdj2oU+vKuTwSedQKfCTU+QB5yRfdo1U3bj9m5/0QQnOlpkn9kv3v/j
V9UgvWCEyQVOBmtXPMabPJ3FiwBAkmkBS5nM9NyG59nQv5JAlBthigajMOx231cfvvdCiQMPFhiqC98L489vlHvlvZARFI0RpDrhv7Bd
iIhVTEChCQw0Y8gR9u7VuuejPn9XsnSKQXgGQtr9rLzPz/npaRSxcMtbwCBkBnQ7+z/KkUlAWSn2FzpQ5mDzUua7xSSAwhxwQayQC18p
p+vT7XZf0EBOBNtErr4pRn+wCsmIuU3Oke96UL9Ff2vTi/uAIxBwd9eZMCJMFWouK5nou4/HAo1jeNh47gPe+j/3U+u/WvLmIEckAWjo
fsdc1kibzH0vWBUnUrp/MjnifzfM6gsSE2JbUchUwh78uR2HSq1Jf0XEmTQMdhAKy3c60/By/m4FKrWhTFE4Qtj7CF82uuScif/KAlAZ
hyBuXn1fPlSYLZHifYnhSAIlX9Et1STI/NsMcLF1BSz1EcgH9J3esWy/AOCFEVkziC2Vbyl79uvtnUNUGkO2GAKqYonNUffs5nVjcg8a
iiDbJl4vvWN+3o0fLT6DwV107xH24T/jvd10MyjnyS43a6AQCwJwt0G76Z6YNaEUwwShVO0fnPeU7mpDSaNFQZeRbGgpC39sTPKjY4gk
med1EO6g/2pd/w1dqLcgdkVElju6GRrOaM9uP+OCyAiKDuyRDjBr79e9e85ImVeodA5LA1h8OHWx/4G7/3cBqhpJFZC6i9sn2wM/uMJ/
IgOIwgQ2W+A6r7T/VGJ4+9yKXyY9UQ0W4M7K/esuPh9GJpYOrxQkjCtWI/51veqXQJpgWT0WiFLvA5cjKljz+2KEAApLFtNaw/X5/LbP
m78GOgbwGbNAP/RW859GFtEOhSGHeMlBjA8/1/z8B84lw+XTkC4MK6sh9GFf/O7SpYE29TR4B2pdzdv5trdyi07LMU5cWNEggYuRVmNP
PUyydcGGHRIjaUAFP235bfu6qsKQX6N+UQuzRO8Vaufd/06NVgiJjVJR7yN/GpD8WlzH+5PcLP0bIJT22bwr6evD/PWFDAWAGYvDEdtm
ch/X87ZIWkE6E0qFjUAm/+2FnffM+kcsskSJsJK0mnYoL+7HxCMIXAgRQSoogCI7s93rrQm/bABMkChZHAt37HCA934wa6cSpEASB1Fg
vDc2ztXZlzDCVoOJr6sWzLOy+XE+MU75wxZLmq0BBgPZ2oP/rroueWqjENGiNQ88NMTy1S5KZ/1oOJWVvFgHCsrOkRCoHMfAXoahuzEt
MCm0cvgg87Lk6k8eAgB6s4zaGhY/8e2rPvBYjgeacaKouuHq49iq/5SDaDvLnXGDCut3vpd4EhscOgMgSvB6QhQI/2nWl7DJ8O+sQJGT
Dik7lOuc/vWNU56cBhaGYPOF1Yf3fffMehu/4lxrMAVnOwzQrnTo9T3rWFwjkKoSSA8EMFabnpWJ8XAkC0CJCBoYUAgh/u1kgs63XEjz
QAaMIVW07iK39W6lL/bkMHgI6yhUJ7yW2ZL6rN7rqZCouMazF56pQ8c3us3fTqcIIUBwFyOZgfvNPxXvmb6JUfHHnMJZDGSQvNfbfP2v
ehhhG2zIoiK+2w/gvGrdnQsQERAAmEMB4gPrf+rtN8+IBzFDlKCBESuGZy/VmuL24ISCPE8RilE2tjhdNXXS3xAPsiHBoMkLTe7/8/VM
y9Ow/5MQn2lVktzSO/x8LrsOVyLxA1gRaKLTvzz38/+D+z3ZjSxFN/KnP9Q1vu+X9vdLMiFSFQM/2sqY5Koca29thccpM0F0EVne0rr5
O+7v7ooSwwb7QCIUsldO9p7013KypfXMAJiIyTe+57Px+LDzaAQSpFqJarln/9J9v/PfRlCQCS/nWDpYNKdhULNhNJZyEI2KBJahsiV5
Dezw/OHZYBZAWXVZwhflmJNlt8vXk6TiFFmvRYAgjsn5p665sbx2sXCYCRSIArDf1ft4ob5G9zCCJxNA/jSmSR/BSGf5/2VsZYfQToNo
4S5w/6+K7orhhR39h5hAC1e+vzPOqr14TpoP0AKLCa5GzKpEJ787mwhU6w/CAJAC5yVlzNTct+aUKQFMOAzhZ+z2ZMxtil9ZmpHBEY8R
h4Tr8/gl/onU4yCNyamHBjQkH16v8YvlWhTrOfCp8SJm8jm6/FMt4WjljNp6FANDx6Hm0Kfd/qMr7IAYLmcyLIl6LxgPXlMc8fik2sam
0Cr8kmaZdfuump0dIeZGiYXndaDx1SQ2V+NzSB0JXxQXnbEKYV1f/H25nf/qnAmEYt+RSevnD7s9QTSpkmOEQFEB4YFd/nT6Sx+jn6H/
AzNnFLLIQ/V/0O6IgmZTVkZCThAXETF4Sqzst3wSoT0rr4rbN4h0uvvM31G/5rRga4RF63xFWC317OevqauU1nDY23T6YWdX777Iurq9
qsU4UlCACSvn+K2vffObwTK5jwyrl0CSFCPMmfW/LaCVEF2JnoD6VnyOXfuvynr5NQUhCxEKcEUqf3/R9ha/oU9Eg1qYF6kY2tw/E72O
jfl45w9szSHmeX4OfE+ff2/uxirhI28iqdKb3N9mug1vq0LU4SWdYL3YQL2f/P8ZHwr70ALEQPXCnXsPk3o29ZfsZLcuaNiArQ/g34er
/K9XCj5GtINCCa0ScCr2oezzy/YAgLlQMAJZOILTfN9uz7RutAQpQeaGo0dp40F57blD8aSFEskUDAEB11lIu7af2gKmEphtMWyUBFI/
/jGv3t65Ok7SVCVAEKF9eF9hNEbxiSJwg9thJV9H7HjYSHz/9KlJJlSApglEn0XirDZ8P38Uik3j0ljHwmKoaPNbWqp+21AmoZ1YIPab
L9dBHQH+MW0HTUABPgp/BJn/ms5ct5SCAGcYVN0lFAVe486wnqznMJT5VFctBBlD6bR9f0QjOPjAAddZiE0/pXm2uXPW3fjO4coqBV6h
NpxqV6llfc7ungNAQhG4VOdizsqrcPa05zLIAqhdvSoKME3Vov+fwT3i9Y2QUBGCyBKrXT5xVLz6PySGouPcYlIGZe/FwW0jt/uUTVZT
4I5vdXdAyd/C8n7/slO1cyiVEC+w2ijWQcvg6+Jp9xQafi6eB713131WSZg/ACgDmH/BVd5DvFc2UdA9xBVcqy2YpDKehyiYfFluakIB
pP+aLJQW5nMFqgV/p9WRAvqgNK76CCPx8+zvfptnzCFBv8n5cSwPntmM07uYsyU1l7BtEDGg+13rNM/Qq+vA9gAP/ggZgfbR1P+I8Pbv
gwhkMGzzdldP87d2XuJCSiNClFeVHwGs7N8uf1Q/pLj1EksaIAYDqGn2zrryuIvrsGqhgupBUST063Rp9xbPv60CLKUEluKw1NF6Tylp
mLUVQIBEILAfZ1SWjlE3fbeE2QtXgJ0M+249ZFC5l7Pm7mbQJsAEIDglFKf+Zzq8h49JQECMGeytbN78Xm7N0qn3Snt6vfyLABmgzwnp
OM3+IhiMwQHMWfo82vlsuf2bJ2fy8KFAHUCYkib41bUH4YtuzZHgKUoMSaL9Vm/vetb//gAiTTpzHdlANUHz+t+f1eeR3MV4eEDWp0r7
V9N+f//qbAYhADUiIYR85Oq9WH9uL6SOYZQj18TRdq4uq1GDutpNRu3JmEFS2BbP0+tNGZnvA20y/MExEKDetKjeNRNPw1KBBCg4oZMm
165OnEk4/WqwugqFqZRI+3nclgDoi7KrETAoQsR7w5L69/nc961/aFzfhamCRCwrk/pfSH7+ya4ixFUHCuyyBm9Kq//y1bNjaRYDDctt
uxtaOZumhe5ZL54ZfxCX4ocwUVh+lf24GmI9SEVzpCOXgER/7e523RSWcoAuFmIwF3E/bmDYwGHmnooFrI6iIBWMp0ali+FLwWxYLgBr
FpiojorbP8envTO/vWWTVGUtFbhff2/jvtj25EAyF7NYBHok/fZ+z99f+66SEMHP3fyFErO/EKxP6467NPKDLl2ilw/SRzHo/D5w/IxF
CgV7dbWLbfcb3oJ3f8bHSCGM2AodVJnN/K7bc6XoBF9KxCclAjF3MBFOjXYn8DAqYG/BI1meRMsCrwl7ftuPvbOiYbzlxS/7oere3F6p
FF+oENxgmrh02Vy/ket2bSjLKuBP9hyKY/2zd9DktmOmckWHKbAOIy3LMJZLx+jbJUNo5XEZltK78zw7+/0liifwEhmCBDdofa9NGZz5
EukGKPbkJnwYz/UeMV+U4SKWrR0BVAOcnxlP/lO+VoHxntlE4CMsLIGA/fH/97rZY/vlfqwJxYKuQAstN/a7y8TJeSwsNooBzAiyG18P
7XL9KrMPVK7N5AaY8t3jl/vaM/QQzvAEI5/GQYxzv5MW1DpdABPIguLAQWv70PVa9sq2sf2AMrBoYglJhTlP60p86D5LSkQwK58CDvvO
afmzafMlwQSSJm5MQXI2vPetXsn3bl2KG15IP+Rgadnw5n/dnuYTjC/4wwr0OhyahLpKvQbubMaRFIEbAxSdtlZ/Ktv3DpED4UOgAEgn
cvDJc8NQZbifnFKJII34mOoa+K/m9oCcJk4ch6SPVFJNq7XbzocX6c5A6GgEybcQGMcK+mK1VpIJEvqi7BYCTX++FvT/mrj/iCaHXQ8S
B5deKXvt43obcGVCATVzgyAgPm+HP5p/ObdzASWWvZWLxZW96d699W7DDshdDN3UfcTQhJE/omG+lSER1cQABndyyv3zkOnqrOZQo1He
SUEfjd6Rm3c76+PvTKYt6f0NRx2O1iXeFHTrN3Qg5pp0jQwH5RXylu/m4n2COdUcQdhgNhX8QUDa+fM/FuZwLBEocciLXIvU3S618c5e
zCBQxJdcur7SXW3U9vKJZbT0N0AFMH4qGH6zA5atgDxWlGD4rQx3mPLxblp6FEhuKgIDTgHI7Rn11Usp5pi3ly1rdDnX+bBL6s2SGu/7
okcReQ7sk5I+egnpQckJ/wosYQZ7ry/J22Oaq88rqXBkQ3cLUipgxpOr9gXuVuDZokXpRaRdn+As2fL9Ubo+ZQ0t00BphAqkh/ZNr5Xr
pvs6B9hA9RKkET1TlDmIsONs4QDbhidZqLJ4yyseLttz54VCg8kB9aTE5JpjGb7lPx7YD1GvsQvLNG7jN3e+2DR9olLrGGigIkF8hn4h
culFtADAS3wIBYXIj/Yr9e7FquZVZZaehyQDZzwnO69zd6P/csEBC6aPEQHss5xuC8/tlu1QoEw8ihSK5nXymwj693OUhkUghCBcBoDo
q/F21gt3NICoC/VGskbpi3X+Q4iu0+BR4WdIFy9Mzu1/959qx/9PfXJO0Kp6/8/iQKmKXe5W/sJZpaiMDVv96u5VAW0m+hgYVstqqGJG
/Ktvipe/f9AkgDOsqeQTqMfc3d/e2b/1P9Aq7jkKwonsbeG/S5re7wJKi0TqRWbZWtsOwkheKpJkyGoBCwUtVruBKctUIu77Kh425BcN
v5qW6LflX+f80jEgEwFFGyH61rHdfu9W9/UFSMEG+BzIJX7YGP0omgTrH5DIGXQbEe+4rrQtg5Lu4YQdB2JKxLEAd67gloxwAkIBAAAA
AAEAAAAQAQAAAAAAsIsOAKXUPLMULVnNbf1iFo0r9z5hYAZjyOT5p0uhknh4QiU1AQAxAAAAAAAAAAAjAAAAAAAAAAAAAAAAAAAAAAAA
AAAAAAAAAAAAAAAAAAAAAAAAAAAAAAAAAAAAAAAAAAAAAAAAAAAAAAAAAAAAAAAAAAAAAAAAAAAAAAAAAAAAAAAAAAAAAAAAAAAAAAAA
AAAAAAAAAAAAAAAAAAAAAAAAAAAAAAAAAAAAAAAAAAAAAAAAAAAAAAAAAAAAAAAAAAAAAAAAAAAAAAAAAAAAAAAAAAAAAAAAAAAAAAAA
AAAAAAAAAAAAAAAAAAAAAAAAAAAAAAAAAAAAAAAAAAAAAAAAAAAAAAAAAAAAAAAAAAAAAAAAAAAAAAAAAAAAAAAAAAAAAAAAAAAAAAAA
AAAAAAAAAAAAAAAAAAAAAAAAAAAAAAAAAAAAAAAAAAAAAAAAAAAAAAAAAAAAAAAAAAAAAAAAAAAAAAAAAAAAAAAAAAAAAAAAAAAAAAAA
AAAAAAAAAAAAAAAAAAAAAAAAAAAAAAAAAAAAAAAAAAAAAAAAAAAAAAAAAAAAAAAAAAAAAAAAAAAAAAAAAAAAAAAAAAAAAAAAAAAAAAAA
AAAAAAAAAAAAAAAAAAAAAAAAAAAAAAAAAAAAAAAAAAAAAAAAAAAAAAAAAAAAAAAAAAAAAAAAAAAAAAAAAAAAAAAAAAAAAAAAAAAAAAAA
AAAAAAAAAAAAAAAAAAAAAAAAAAAAAAAAAAAAAAAAAAAAAAAAAAAAAAAAAAAAAAAAAAAAAAAAAAAAAAAAAAAAAAAAAAAAAAAAAAAAAAAA
AAAAAAAAAAAAAAAAAAAAAAAAAAAAAAAAAAAAAAAAAAAAAAAAAAAAAAAAAAAAAAAAAAAAAAAAAAAAAAAAAAAAAAAAAAAAAAAAAAAAAAAA
AAAAAAAAAAAAAAAAAAAAAAAAAAAAAAAAAAAAAAAAAAC0Ds9Ml2EAAAAAAAAAAAAAAAAAAAAAAAAAAAAAAAAAAAAAAAAAAAAAAAAAAAAA
AAAAAAAAAAAAAAAAAAAAAAAAAAAAAAAAAAAAAAAAAAAAAAAAAAAAAAAAAABwnQRCAAAAAAAAAAAAAAAAAAAAAAAAAAAAAAAAAAAAAAAA
AAAAAAAAAAAAAAAAAAAAAAAAAAAAAAAAAAAAAAAAAAAAAAAAAAAAAAAAAAAAAAAAAAAAAAAAAAAAAAAAAAAAAAAAAAAAAAAAAAAAAAAA
AAAAAAAAAAAAAAAAAAAAAAAAAAAAAAAAAAAAAMCLDgAAAAAACHACQkhwAkIBAAAAAAEAAAhAWgB8MgIijDICIpgzAiJSNAIiYjQCInI0
AiIAAAAAAAAAAAAAAAAAAAAAAAAAAAAAAAAAAAAAAAAAAAAAAAAAAAAAAAAAAAAAAAAAAAAAAAAAAAAAAAAAAAAAAAAAAAAAAAAAAAAA
AAAAAAAAAAABAAAAAAAAAAQBAQFmmf8DnwCfAATvAAHHIFLYBgIyAAsBCwE7AbsAawHrAusCAlAAAQABAQAAAQEBqwEFNQAAATEAADj/
IP93AwJAdwMC8JABQAbQBwUAIE4DAO9AFQAAAAAAAAAAAAAAAAAAAAAAAAAAAAAAAAAAAAAAAAAAAAAAAAAAAAAAAAAAAAAAAAAAAAAA
AAAAAAAAAAAAAAAAAAAAAAAAAAAAAAAAAAAAAAAAAAAAAAAAAAAAAAAAAAAAAAAAAAAAAAAAAAAAAAAAAAAAAAAAAAAAAAAAAAAAAAAA
AAAAAAAAAAAAAAAAAAAAAAAAAAAAAAAAAAAAAAAAAAAAAAAAAAAAAAAAAAAAAAAAAADyMAIiAAAAAAAAAAAAAAAAAAAAAAAAAAAAAAAA
AAAAAAAAAAAAAAAAAAAAAAAAAAAAAAAAAAAAAAAAAAAAAAAAAAAAAAAAAAAAAAAAAAAAAAAAAAAAAAAAAAAAAAAAAAAAAAAAAAAAAAAA
AAAAAAAAAAAAAAAAAAAAAAAAAAAAAAAAAAAAAAAAAAAAAAAAAAAAAAAAAAAAAAAAAAAAAAAAAAAAAAAAAAAAAAAAAAAAAAAAAAAAAAAA
AAAAAAAAAAAAAAAAAAAAAAAAAAAAAAAAAAAAAAAAAAAAAAAAAAAAAAAAAAAAAAAAAAAAAAAAAAAAAAAAAAAAAAAAAAAAAAAAAAAAAAAA
AAAAAAAAAAAAAAAAAAAAAAAAAAAAAAAAAAAAAAAAAAAAAAAAAAAAAAAAAAAAAAAAAAAAAAAAAAAAAAAAAAAAAAAAAAAAAAAAAAAAAAAA
AAAAAAAAAAAAAAAAAAAAAAAAAAAAAAAAAAAAAAAAAAAAAAAAAAAAAAAAAAAAAAAAAAAAAAAAAAAAAAAAAAAAAAAAAAAAAAAAAAAAAAAA
AAAAAAAAAAAAAAAAAAAAAAAAAAAAAAAAAAAAAAAAAAAAAAAAAAAAAAAAAAAAAAAAAAAAAAAAAAAAAAAAAAAAAAAAAAAAAAAAAAAAAAAA
AAAAAAAAAAAAAAAAAAAAAAAAAAAAAAAAAAAAAAAAAAAAAAAAAAAAAAAAAAAAAAAAAAAAAAAAAAAAAAAAAAAAAAAAAAAAAAAAAAAAAAAA
AAAAAAAAAAAAAAAAAAAAAAAAAAAAAAAAAAAAAAAAAAAAAAAAAAAAAAAAAAAAAAAAAAAAAAAAAAAAAAAAAAAAAAAAAAAAAAAAAAAAAAAA
AAAAAAAAAAAAAAAAAAAAAAAAAAAAAAAAAAAAAAAAAAAAAAAAAAAAAAAAAAAAAAAAAAAAAAAAAAAAAAAAAAAAAAAAAAAAAAAAAAAAAAAA
AAAAAAAAAAAAAAAAAAAAAAAAAAAAAAAAAAAAAAAAAAAAAAAAAAAAAAAAAAAAAAAAAAAAAAAAAAAAAAAAAAAAAAAAAAAAAAAAAAAAAAAA
AAAAAAAAAAAAAAAAAAAAAAAAAAAAAAAAAAAAAAAAAAAAAAAAAAAAAAAAAAAAAAAAAAAAAAAAAAAAAAAAAAAAAAAAAAAAAAAAAAAAAAAA
AAAAAAAAAAAAAAAAAAAAAAAAAAAAAAAAAAAAAAAAAAAAAAAAAAAAAAAAAAAAAAAAAAAAAAAAAAAAAAAAAAAAAAAAAAAAAAAAAAAAAAAA
AAAAAAAAAAAAAAAAAAAAAAAAAAAAAAAAAAAAAAAAAAAAAAAAAAAAAAAAAAAAAAAAAAAAAAAAAAAAAAAAAAAAAAAAAAAAAAAAAAAAAAAA
AAAAAAAAAAAAAAAAAAAAAAAAAAAAAAAAAAAAAAAAAAAAAAAAAAAAAAAAAAAAAAAAAAAAAAAAAAAAAAAAAAAAAAAAAAAAAAAAAAAAAAAA
AAAAAAAAAAAAAAAAAAAAAAAAAAAAAAAAAAAAAAAAAAAAAAAAAAAAAAAAAAAAAAAAAEABAIxwAkIAFAAAvDcCIjg3AiJ6NwIit6yP9iNJ
FJ5DKMAz82HnCrWHPb4SG0UFm2nAYJFY+//71nS0c0bIcy4FXT98gZuptv3t/ZZSUNMPr8RU570E5H7vOviHRyJwAYquA7vTCrPy8W1h
hCD3UuOmI9/0bf7b/7hvhllRRhg3ByOdSPHJY5zpr4rAEagCXbVnCtz+ifPSmGq/hBwGEZfDiEInXu933vunoREj6ilwNUlLosCU/AzZ
5n3aAEbvQcAFOha1Zfmd4FRltQCG8i2aIDeaftiDyeWAm3AdLz9SQQAbb56YTi2jAEw9CzgSf8HCEXOpc/+utW351EKyEHAh6ztaLXe6
HMDfbscaaVtRJQePPeToVefH7KPETHIuVSXAwl6y1ismqaveIYaZSY4IH0ffoc6dvfG8cUIj7jIvqffBu/J+9xT4R7oIYwI++j8Uvq0A
AnGfVTRsK8IPrTAM1gN2xfZlTzjY7z0NAc/ROFdN3sL+e590+h5YCbSOQjNAEM80a/wv9d/fUwQAZnQDoUg/7zritjfRLOsGEgAGTyAR
ZIP1x3z82N5BhlCs1DQoKd5mcheKrxTLlccEG+fNZRxTty8sY7S7P0hR6ir4loLcOu2aPVy0L+vGQAYs51DO14zmC/Ql/p/vRBhjOp1Y
7SQc+7bI6rr7W5gLUo/CSMVtNi3buoDsWQtMEoDe8i4AgDrpulQEk5hGaAWwiiJgOiO558Lz3UxDvTyiNlEdXRlJUE7+6t/4trNgFqbT
Sdj0U0o65B1CndM+4oqKok5v0ZCR5/kkKaNG9owkoNqSv5sN+nWetNo7mfVNOrtRghRiqHT1yfxn8PB/yLpEZqQbN+ChtFjl0b8u/8kV
xQAEbgO6xNfytBBZO+rtmyBONSuRAceKJe/3Av/FxocC+FccufKbfsZuG+nakkUmfQ+A1QYwCT8s1S+cb//bZP1SLyCEntmIM/pUWePX
50vdCelJIjcczIyv6avbn4LCFoMp0LJBtu/DUOd9P/ZSGfEjXTkF8WNTU3ka81h+gBkfESZrg0iL1YI/tcvLlcDIk+0SDgg363Ej8bmu
u7DGh9AIJQ0i+DS/1lZMuLDPKZ9+QDCuBVx1Zdkw9f5O3kpJhHnoSqxQj73Wl+VUbVcTwCN54Mn2J7ul1T3Z0T/WUrAWHf7mWiw2t7CW
m8FR0TZPGIYESMEFLflzTDee9teDOYxZfpjwwv6znZttpP6+PNEMQLzLBhxptn1r+s3/jKLF2gR+OFGRf+kAR7oN18M6vZfGn0kxRLzK
3f5VX/uvX69KsBSHCRcIX7rfv+vGr7wJjVYd0N8tTX/56b/7lh3iJENRHJPJU8Q+/5H0v0yHC5HhObQ8wAcwFfmymkbT/qtmBmcCjLsS
ZAyw4dfOottVDQP4I9YLFBlw+Gdt+d/VpbE6rAMLeuTv/13dGJrgxntxTGsvslzSdrWG6u2Nkd0MMVYKrdATU/7e67nKPN79d0oUZmWg
IIPmtf+9b1t/dRp9airCw6pco1Cjq1XyP/7iESIwoKBjgGpFWaisxyQtsxhBzN0QjQZWOgyITf0N5Lg3KLFm5CtSk17tuj7aXt857VIX
NkAE2chyp7i+dvu8EFLT4LAvDJD9++pCu7fa1PaVIMIkwUQOpz74DhC6rxqc8BWsXINacOH57DKf+NZ1ER2GOjK1nGHrGuamtFN66gB7
w92BlYfA345Ydjrf73bA0WGov5JzEf9a5x9Pfx59uNYtF4oJbbPrr0x+/ezXtWVCIJgFQ3gAPFfd5iLth+qunkBgFrCh6jRaoGxQafIl
o0GQOebmRgmr1L20TvwFLPfPwuCjCZog4/lkBj3prOzgDkYOmt3IjF9VycqB6gt/OBDCEKISYzU4hpil37IzncuhLIq0XYYdPYKIj6Fc
TD4AiEhgiABTYFmZfSTSnBKGEIWCBHAABIJIk0LFNPhIrq7encbNP6YU/KVf5m9O74OTQIYMsSBIon0wlDpvoxwL5n0KlvQo/+W0vX96
L9latiNIoNVFcjswf4m75q/696Hw0iAAqlySf57Mfi4eKqNyIShYJANqweMTz5g72nG6txoA0ReWAGgEvYd6zMAg9icN4BYIgcFyPV98
uunipTdzaSFowS599ZTu7Dz/Oafy/YLf0AFbM0VBx1q/bd/x7XjjARFuyjTXBU+hue7qsjBvZCoyKeCKP3zu9xprebgsJoYYxAZrGQZr
FGQAozcVSj9JkxA9pyNLAmum9+xS+J84eqp0ekVNAgtNPRV381GjFIDVpUiI5ii2OMf3+DX1p6hAlBGliHIaT32n/s/Sv3iFbXN8KuqA
x4Cu8CS4oX19/BWTlLCSoik/b9/vzQfhoK9iBaoxq20AJPfiut1cv2u2CmpGqMsRCQiXYvjW2xt3xUQciKOKAiIMqo2t+LHA05BIArXL
mVsQgWVabxw3w3+fQClB5MQp9toX7u2m3eMzy8EVGAaMjYeXRuX3A2Bw8W4CmOoj1OYHQeUvZOmu/1v/zqQY1rmGkAXVwSf3I+er6tqJ
dmzjoOpG/A63pxVcHkfTbQCgNAeAZNlOo3H+ecDeCHSBcysBw8ZIGn+zihzczgrT2VYEOsGoe/Nt775oapVW62QI8kw3yGiZQUVacqD+
4tipME4LJ57fM//35nz69wroHRG23uJZqhXvGOlfuek9VoaKvSduqv3y9feIzlxHjTF42XuZI8X/vxrcpR/57KgNgpuzBDKgXa6f53yz
yiOfRrBLup8cAo/fuwvRPErIw2ZgFT8myYF7QbBJvz6bNymmIlGsmQBJn9PqvPVT8/TkF4Fx2w2JeL9P3fqt8LVrtFWEBsxcRJt33rzW
cZO2q4kBRbF7kemx9+Kyz9753/ah5M0HoQPp4WH68n+fUvs1Vj1gMIUBPWOJ7uosKnO97S9KQSJ78i6CVvu+3jZZGLJJZyJoIUi1AO+U
8Zp8/UvdpWBvxgV6hCTDfqM2q9XnudMZOScKWRyISnQSvtv/s91wDDYrquYNRkbrPlt/l0/uItAhDghIXTVh+Y+qS/vfu27mgc+MsYJD
d4Mocj6q7p8VPCIx8LGDBO+vwdD4eq6JKCNhWRuQDw4v9yXQQ11FxBmCLztBaUi9hs7dXEVio85EDZCLrkbCJD6d6vjboZf/IA6eNzFO
EbplDPRy9Cp77wCyEFvFxAOgluEbx+ZLs69STFUBTwu6xKOfT4msmT/PIAtSUSiUJwLzo/Lv+0CU/n7VMg7xCtU+89/6dPFhCLaYGBS4
tWmDhEh9lOu3Ze+vL3XIGlnhVVqKb1W2Li1D7asAF0mCHDGA1cKa9rXQ7+6HiAA9sht9EvvW9vZb/CsBCsSDKnZawpX04O259fZ/77us
3iC2AV93Z6/tV71alfsi6IIAvAsHHUpH28ZcSCxsngABXOEnHxJiT702P/W9xQdD+ZjGtggSu1bp/bMh+NVopOmwVRJtM0/RLZQZgvJ5
iCAZhYcvoAD7xun89tGOU41gAXFfCyMw3Pael77379yMBIIVUf7LrYL5xy+sx6HJEZClAiQQdIWNOYH/5bd+V8qyBTlBWEYgDdO3PPhc
r+/XuEevDValCtq4TNb1Xc7yXEBKBhUGDYmZ+PWlxu8t9hCUx2DRKUd7Q5GN9KEx5WmCN2FDR90qcH6PBnjrKOh+gzIlucEUwUSdii13
7P2paw8L0MByAw5Zv17cA3dz/92r0JJFji5FUDbf7u8NWwV6yA4eVuePWrH/neQkqfbt4wQzu2YIXAUbJLvN9KP2lb/OA60NhQhqQ086
Ojh8v2abwgwwMUzQGwqt4+3j7ARkCgCB4CgfLRQQpbHLqVL7uOyaoDnFgUPBCNDCdq3a89q/xAnswyCs3YKB2Iv+TnZ7q1kCeQsF1DAU
pN06/71ETpt0NIh4E1EBGPe90377+fUNEUnR7WdLUiyK6d3t8+hwmxcDW5DmtGV6p9psDb03ht0XxNITiREIwd7DlRSP0n7XuBFQlMX3
T+T948Vykn2RpsfBFalk8GsQf+K2avj0z7WlqSICgOWZRLH9tur+5KzWOwWoS8pXoUfbGvN867rjtaAiy2gwGGKL7f46bPsoe/2tBMJE
qEEa+TAvUWMgpuTnCAAdNYOWAmGO/9wk3kf3sw4DQg21VtBu8q7HL1d50+8yrAAROxBMRWqlbJmugGVft4ToQ40PwLWb/deJrTCG6BVa
fIBH43RVrX3evd3N+lszl6pBil5Jtr41y2c7r/ur4mzF8YF1imnaDUjxo/x/W94Uy5aIiFs63LdZ+z8Qa+sNQhGVVSOO49f29Jdb4up7
qN1PAGoKANudW7o02u8RWyQGQ2nkJQRo7LpVdrDrXm8LMM2Sz7MkLIDPdHMCaKiJlSUsGMZWSQS6VMLc1rZ27IlTsQ9RwDk3n1cJ3vq+
dSbTp5dCAwszh3zvNf22qVdnQfVBmksk2KTidSt3fO3F16qUZJM+DGQEXtnw2Vfk4vi9aYWekWwIUY/9fj2i438CrojEBSkzqxX8jlo8
UDngTk2TpUEHGe6qutRe4l7cd+/AYqXKDT+eevU4ct34nZyuaEstiUFHouC3++z17831/DAtToLIE5Zf39/HhszNo/6pAgOpwPbQDvmN
dHYcQ8QDYAMHZ8DhMgRcJxNjPUqib9nIAhsIOlkpwN+Y0tlklwBBChY8AfQmCE1Vx+ltYLN+STzXRRM068SvKvON8Om63YqfxD2WeuvI
+sU2L+nTkvLLgVbuJ5NJTavN+FfjmNwv6ZHTMRc/YakLt5V/NZW3zGa8B+hBQEduMv9v/PduNl8DypxIE0zVYNZEMl9gz/tdigE1moCB
FRkovGH/I57YhuGU8TmV6MEDKnA9i1s4fi2gOAFEoaEHIbiWlCeD9E/Ux9otMBFnikX24v5cj2775q8xNxRYUdJNWK4OVRiR6K8pmZtr
/TnBd8jBb8Vh7u9fGJcZMNsSEyXCirXubdXiHuoTj6NzFAm/hhFUwlot3fFprASBzBYhCW+X8x5ur/vnJACYBlfIzq95IuNXx8PpRyDL
caEE6gnLg73S3PaurP8SYEMDFM0qUbP3TX1wJSxBSKt7OlB2GcfDkPedW6mf+w6grJjdrIkyck4giayqn+OVoFM5hIqmabNwi96Zluj1
lUThbiEDAJb/kvkcN/DBKIu2YbsTUcgJaX/3SQzNTHyBqzywVTQBAtT7093OA8L1TeCDx8RBqKhdPoiEt93n/YbrpQ8VI6OxTc33tj+s
r/3OXK9CMjUVDO6vArI39Uc9KiOU4RxQkAxe0r/5FvQ5q8ph7rr41glxsXzQoHNkUOcSpApKQ3ZUI7nrn/fCbOgnDg1sQmpi0QqbT5Tl
u3e0SMVnDgAwBS0+97yQ3m377MfhhwIevX5fGePnTJ3mBlz8hCaBQEjEI7DJuGng/u+NN4sb6V0pAWw5wX+P236rMVAfD6hmont2g+v2
Wryt5PC8OQVtjTOL1gBG875Rnhx4s/5QGRSbQ9ua32dvu3WfOboYOL0QI+Q8TkXw89+9ahmdoizBSCPQTPJ4qZO+1Xm2TSqELcgExxwz
R9+5qp02lF3seeoPvBSF5y8W7/Xm0z6H7VAFBCQheQX512J23vJTm6mxuB2rxIbYx9zr/xKx38srxFYRG+fNkrKs8a1EmQZvCIdsCm+N
hgQt/Ub6TmP3vwHBJHhwAVEAm6q/f2WxGBVGFlyKA4KKEFq1Z1F/z86dAVh/l+D/C1IYd1mvvt0cod2ALeF+hRGxb0uSum7KN/yTmCnz
X/UkH9HldbzfWuHOgU+yKXWbIRjT/9V3VNn8HnpqxECAQmFgn43PZNTKfv8nl+YFxpwBXF+ZtdxPlh//lADBSVMIgAC6lXZf3cqZ+jAO
FgbRzBEYnl7mFa6U/ZtZMT9vPGUuuu8KO+b44fa5OvNEQAaWArLp4mxyR/f23olAFBJVJK5I608a8bNkehlYkJo9hUjJQK97vu8kfslU
R65zTifoaeOTVlD/9da1xo2MybBagiE0JMxY+pd7vPugnIoYH8krCU/bM46wdfkVW0LIDgZGs2yw8auchujshNrrF23f7342vs+xL96p
H9eCVErMo85mx+iqamy3GdItlwUbJz6UVSBr+Cp+l3cl8IcC/CCpQjGg/y91759o6mPrGwtnC4eeBr1f/rt+tPF8JXjGaKoorA2+388W
RfFHnxkQJ0bCXBdNeBu/Fst6m7iihKoRVAELjHUP6nX9xf68SZ41O5XiBJtyb/6/hkLW8ydCW9ZOwA+ZabCaHL6OfaYVEECCwRLiLGRv
qeKQjfJxkfkuI4c9w8rlRGu529ffv4kTQJWUGJZ5mqI9JrVUyMPJFsKgsIbrOvDZ+lC8s3c6TwQgL2grUBfppqa6LrHr6RUjFIpdAaQA
jKkZMsWGzmsuSgA/r0RCOP23SG+Xyj2BaXtSXxfWI5y/b+OvynF4GxuQgyVP3AAc68J/+lm9fkf5ABOMsF4wsMZb6v/+k/71mRMCSaB4
IR6/LmTTHUxt01xgNT9c5wDzvfAOq1Jd/F8EiJcJRh2MOj+S+nRXwqRJyWQQKoQPCGCwPu7FhSVfnjJmGzI6oXMKeXD6rnH94Mlqgnwg
+Q0JZAWKfPPr8KurhQWh8cjCYbXqgWPw6so6zLgiaCruBhQPnrMcRfEBXfLAGiahrfETlPnq/xgP217GVo0TAOB+LEK7F3L4erBvA0RA
yajBRAlM3qN+P/chzSS2E6oBRS8lg6keb+/baLqah04h6GHuIgb7Pjbp67vvemeRiyxYqXvWj8Yq/LqtusuqjaLtBspTgNs3//nK+mLM
BGQqp9BXrzRd/ZHel8EnzkBwzFCgDqSi42+z/2O3n54xX/EoRJy05bOv9pUlxJbdR/qACyZiH0TQF0e/GXm5WMCSFzADto9JTfTSWU4x
3frkQiiBjgmsQhOYVVpvRImjJk11DmcAJp5WTpEhoZNvu5EkSOWMEZd9KCb02Tq9p/hETrEoykIdG/y9WYd6ZztI4qOKRg3CCi7+rBLq
6V79/pb69g9UBUoiN/1Z/rtp4tkH/C77HhCiD26iXnrqdWedVIT4eCWC9wT8u6oCt9mV7UDLQuSuLY4pma4Byn23jqsUIDMMqc8QrWe1
3/1er3YOPD8qx8OQEAsfqxa+vDv+ZHGobuigSWMwWrov3CQ5x/SkWoWBK7gAYhvVSWas5+jf9QwzMDADxy/r+xf2SLf6qqMt5gYNRWnA
zfbftOV8aWQhtNkEYMAUULm8zXWoGkv/6GAKsobBJjv8+X9+z+/Ndxs4F2zjg3c1Wv/CtUXiwskVS2e/WGU7EVS5/u15fX/eA/OpgqAu
FDz8VVmW1kpu4pZoD8IgecLlqcUip2zgfrYtRxMFYbNg8L3r05npeCqshQMHTcTYgABGn6y+vves3aOzWFLUDCRBT7t0NOVxTt88ioKZ
+ynTKFrBPP2YrpnupsceGGiCicC6t+/fmqxue55jDTZkkQY5O9b//9lAr8/RvxhTCZ7v0bZ537yKUFomKWjhuH1KBDaT7t8x96du4aXu
OC4oTjBFZ3Cf1F2V4dEHVOEeFHkVBHL/790r3PPuBVPJAnZZxkPvq5df/3HmCjIUFXknRZdl7//sCruV9d0gNcKqpZOzDOmA/d/1E82W
FV03D85wkIsPQiH/L4UWul4bxwAsC8FHJsH/dUNYLOpYIsYhpWx0DpKJlvj3egb5ABIOBCExO0JCgilXsj/K8iYIRGT+o3wC0J4ma7bt
h/+1YNpn7JLBdEJe/Mvbznz8F+MCkPN0nBR23PmXMPZI33G7AiE8pKwZ2X9Y8jxu5ntfiSwsvTJYK2bfE9HNxz2THqYYJkaayAf7+9fV
P2HpvAPTFcZIJk0ci5Dbzs+4lJUnFijlTR/EMKD9Jul2+iDyPjO9IUgYW0qrxf77RHDHaD4QBIyDjqAy97bs+F/E2fl5MDIkHKHGCe3k
s117vZNz43MVpAEJpgHJbOxOedUn/yxK89D2jgAMZdvW1qTs6V9AeMzdRII3DHP3Pqc15c/eBhFirCvXjVw/o/gMLkX36ROBlxNYDKiN
FRaY4FdGzNvaQou8eloFlOzd4q9u8Fw+0dQ2apwaq0AD6T13c7L37qMJjgzi57Nfs+vYoehIsJNHoYUYxKIyR7D+FdXIk/d0MFxwQQmy
sMf0gaT9kquWstgxfOOg0cDOw3OUnlPbL+MEpKk0AWegjNi7cWVvrsObp8MKFzlpoQB221/x7NX9SBpAQB6iMvZCP9Qm+1Zun82DiQVE
B2taIlL/9aXbCFxyXBS/AIhRUOx2292/v+aQ4ZBLOxHNP3BvwEY/Xove0bsZBMSPwRqLXdYWXsMhZvK/KNJyMMYuqrJQt6fLIPi2ctQo
QhEmQXuD5t6Mgx2M5bEX6ER48xSllJrcOoTMhePtRigGiyRKEDrNzXa3pWO0iAAK1gUC2jAKPTGEw6e12PjvZVq10M+gIP3/x7/ew+Xp
t99oTBgwUi21mnn9z9owp8pYgzZtI6Aq+4G4fXaguZ9LZNS4ViSoNv/l8qDY33qFLxDWSAUR2AR3M/qo7uhW2ZPSMkAKsVAB8jwpY82e
5NZDQjkMNCPMRn3Hrt6mi/CQPE4KRIFLZ0StOqBKU7oZ8XGGJN0RQy3Yse3YzfsDvnCeNjsJ+KUK+7+WOcDqbr5rkpCJZf2XfQL0MbX9
fLO3P3PtQTonhAS923N937795nI0qoLEVxNOhdf7Xnna/Nn2RmBUnmKurpFN1slPYG4p6wdUcUwiBB/sxOSH3rr6NfgvQhrxOpIfmQPU
mZ6VM9e5UnLr0F5J1iDGG0Z8e8/wb03LiCKKA4VamQJ53kNldJaALabALeWuRl68K9eXuKH/MiPtAh2bcAkt69a/zHrzOxd60EUdDCoY
7H7++frE37qujgQLxhZG3paj14r9t2RxAoBjAUjgwAh2/hOvnkhsdeACmBaYyDEz7HNjm+j8P5d9OxATRGCIiNz3qXm/SGdj3Mt4UQGh
wWKf59/PQ99VewwKwCE1hZ8lx/Ge/HbrdZ14NHEdbKoA2+2fbdN/D320FWm0shU3P3hZ7mqUNbuofybknJpMfXqR/q/li22p8F1Btx8g
iSJHQ7hlmapuxpMDICJuERPQ0X6lPiXUPLWcWggwsDK1fXXg+PZJLhn8DtEsP2RoMHSNAXmid6mO6sWj4euiaggGvdH49ouqX5CcY1Hn
tDcrKRgG+V9cgz6XU5hEGcFA0Coy6Oz1vM+WxKa5hASiIi78Hj7dKa3F/125tM6gFSQgMINy4hXZcttQ78LgaJSHJigkAcs1mdn7m9/q
SLsrAFEFtmD9/3/wfAL8XLEdErcxkUoo3ccRt7Vj9BLVIS0PSWkGS+1Wx17A5IjjJYgCK1CMJov4QgqcvdMZrWpApV6LoeAq5PkbtE2H
GjIGCEq/cMIFEv8GEKpq7h/ydSlFpmA6ymCJ4w/u1P4d1s3hTiEINjCgbye121PdxosgkLwglQWWreRj/Mle8DX4TBQwczUgiSHb73Op
Vsm+8kM+Q5aMZCjDzKUdp6vdS6ZTIGRZId6DFMbe/v8zfezUYQwN2SMA6JQZ55T+rvf3b+RmdgiJ4uG6hLv7aH999r4QRE6AsTJCLA/u
rtHjzz6nOhLFUa6AuABWtLvN00H4mQnA65tokxHVfCfylcjWtvsUkzIaZAnbYr7MY5+/Lgv8N1unmwMj+79nRf8+vuLX/9td2wZZVA4d
d9+XVvExsj0AAkHDIqBcOMBedVv+Krz3GtFlkg8AF6WQYvLLmnP47n5fO4/fUAW/YJL/vuUyS7ZwjRjNUZCMgNWJ9tmyui//8EkJegzk
NDnOa5/xu8Grd0YfRBQqGJWClfT/3ygz1quZpZ4Cw5jn2D7u8/z31s5VZihViOOBCNX7vEZeBOYHXoQOtQWPHNoI/MCM+8+yvLUEgELp
a+BVRTf1mcC38/RvdAFaTgmAJQ8rzJxr1+s6UUnxAKBUOC41lmL/8n04tneeaoGjPptYynBqSQWcutgU7rMDbjewWi516XimY7k2LZIn
AdMnITq1ZdzhP7K3Ve/80jrQMIQE6lB/FJN2hSk6EpqdMiW/hY2wyz8BJk931/IzfFZsCbADwV14lJKfHr+PO0PIMF0kFpjzfbvArX/V
lAqxSagUBFPyQ/LmKUzg4QkwF4kPIbkIXyJX0G7zpzVK7U2T/6LJY/Bj1Gfm0PH/stIwjaxNTE9//H/x0nuN2m8mDuxFb3VLTy70llc3
yOtDwQxGbIG2YuZqW9u7rPWaIEFCXYpuS3C83fRs5jEUX0vgNMcGIWEBnbdn7DPqp9szMT5PLOarSv+y0dRO8ONlGMwjmC/H2WDnxm/k
+6xjgs1hLQep4hcB5WqrHueWs68/hogbMkQOjYx6d1liMXS2HH4xEQt1i0/6zmed941s+0l4RiifKImt5Ls+6C+ym+TBABlQrnw1lT9u
67/ct3P2nFyKggCLB4vtfuW6kvC8TAI2IhgJhdpxyBbsw8XMLNeJ+BMQVQxP/n1LPOK+7d0/UVXk8oHbQkH3qUB7X3/f9UFRcWlPiIJr
yacj6uVf24YCC0ICSGbhQP2KWtJeLhjz5+TR4dXqBmP5d7X8JjvVv+UICRYCL2fRvKrUqdeXWvlRtmWh3J3hDFvVjSK29IeVQQJkaCO3
TID+jvmMTc+Jwbk9NOGOQl6b74Q/3VLzbukhcoFPBBOJSczn5VP/DUProSqAf+EiwUL6+Gx6z3ISW5qKSI1QbmwQJu74/zf/I3haLIYJ
NQ4OR7033NvDgU70NQAKGodrCAk2C1/PHa3hEuYRAp/5QKhrK3qeI7XYzvpjRynijj/Egv9efN8l5P6mE/TzzZOYgIxi6MX4amb2eyMx
Ytp8wUYY61PQ63+8wphvQ+IgM423E7pzRKeWzXu8QkOkiigeZxDO377b+fzhfRKFt4IdgodHp6pc3j9BzLir8I8CL0NFcdrLNPP+9Rpy
13EDF1mNJlZFuTvfutlvqwFIC3ZJhE8W5u2c0le6dPuV5kajvQANx2I7/FYqmfEpagc98TOLTF1v6Xzb2yQxMPw94AC2XEogXuzbZDtG
vSVQEnMxlISCLs6ItKXXm50jlwNKArc3ML5+y2DoOmO5tY5D4UMYhtXJw9TTvJqoa/oSEMS48psjLl3F8S8N54zkI35jmNMAz2TI/458
m7k40pSyAze6LfcCZPOy79Zbw92V0UtYYqP+V1+w1aO69dfsm7ZQS4xPec6vNtedoV3ezWMbZJuKa0QIZnz+Wxu63/+qNIGMxpbZIqxQ
5vHFwXOemT0NESEYsADfjebUXFqWu3IA7isLBGOo1/7L8K/8+TrTHDGDoTkCmmKqo3/x3Tq/ITI0OrdMOciLwddLO/wKmbnlAAUMmLko
KZLjpPR3j9G2gyfDJYplhz7qOmav7ebGxPAbhNx/xxw8Xa7oqbua6OInJoH04naafB6n5Uv8jWMBHEWEjlgRAEPCpcxqM/4riLQipaku
O7DoTBvP8y1n24BKsExeiAEJrqObQnLmS9LgcMqBO3QtpniV1d77X9ujzH0XCIEm10gu7ibq3J8LFqRGi+EQSCi0SMsHxz9+bldWPd6J
oGzkUuO9q7vLLUZt6sypffechYD1VxqTa+L5HE/VPUFYfG5jVHIdBjXnLP60ggAiBAQTcd9SHFf8IiLziFwEn0IiQY7/j1qerDibZb4K
tMsa/qHidf3r342v9/UAJa9IYB3Umx+632dVR8dt2uZWRWg2cjdMH3p/G3/M5mAUbJsr+vqAaLrs+b/ej8pvHQ9UkRkASEXuPtQqR6es
iwBmJxylJHr+9OtHUJJculQwBMBBbxACcc22gQQLukUkXu1FFQaFXG7PfMj59pimxzeRvQueYXD6tUxo+TD9i+nkDzexyOGiMqqfz9+j
o/eg2VMdgI90BFcr/+1/d/7uiBAFgBGWW0XS977jOu/a4wupDZBDhgHUfPf1/o6EEcRx5Hy3gggwajp5BMCv7in9BCjUGgbXnAlXWt10
Ru+eHzgCAngEXQgK9Jjc2vy10uAF8bdyklTJzIPHHv36lS2bg9gXkliWTrZWal5t3d/Ma2wIEkRx3o6W4v/db++VfrdrWtcVGBg8MnnI
KoZZnn3syB+NlMnGQiDebOC7j9Oh8FSkFqVbvXhUfdUzzIb9esZISaFSEAQtVuz/1/87P/3/bmXCQRjiaAPRLrqYzutsUXqZ8GhRmNk6
v+N5txtB+dnO/6Qz7pgZmlvY9r/qzP7XyEPfwDGB4CqnqOqqSHGGsiQHkwoRhDJztd7v2d/JO0kZocBKyDYvJRduvPdqJT9jFRKad7C2
wAawmbNvp8+Xzy9HFH2gh5NLmlp28l91UevXfQZIBBYJInL7tf8o7dL9YaUHQIPcv+mOy181OLP6aqGwSpYuFTQdK822GGyfb9lgnfdY
WSi1O15GcwdUtoHKgLtjVXVBZoZWa6Xfl8eTnzZyQQI6UiCrRaj51vJTalWsEWSQwDSll3Obzf/1+UsuotTpCIh6Hhm73nG7lB0swDgr
hnALCEgCif1lc//zublP+iYpZV54BC3oPpMcgs/rMjhjoZjNEf+/+Wfcc4/221UbrQeqJy7Muv/46/cH/IDkq8UxEDZFUgl9a/JbGw39
n25KUYujQ2nNoqdrOXj+pCCLqjpXNkVMujCnuP7ybrFeCDo0OJxwc9X+RtqevXLcAq2AhDZSOM2J2zO665Ea8CCUpcCLUVppWOHXndeE
7dtKBBksBSB4VtOHvHrD8SruKkZoJAGElwm33tTdtFXIqxASBpIB5sEJ21ffKNDmjLkKhEN2OgwgoPtMaFGaH/hJcykAiMIENgYW1rd1
1kVdYLbsC04mksEST7DTBbC93L0mgpiBQiGgAOQths0fACKve4xYTnZ/lpPuoJs/d3pL8+neMjvYFcZiDPvI23Xde7sgXV6IKxX4D+45
Tn617+9kCXGGlkDax9SLVbn39KL+6QOzAEkDClSZclBJRu7S/ZKhF4mAIWxM+df32NJUn1jGBXZcf6opVRLQ80n9uRg/+wcK8BDgD5Il
C6nP3K7nnt9lM6wKjRIJGMydwF3DXzjzMkVZyhBQMILh2beGej9wpiFYYRWC2VQIgjXeY/f7Of9xAzBKe5lfUe0rzY1sv+jhTzk41SFC
Syh8Qhss57iKywWJEPgFXgOA4u7773eqXzqfJQ0U/Rxc0T9QxJ/m4QT92tSAijmTJoQ/rv6/bAa2/AqhFwWBogZr5FP7/yVpTVx6AzMV
sKAFkAXkVLruTt9aJIYWI1YOO0mbMS+TWGja8GrUGPTqkBLQsvgz3S3MqYjkzBiGx0xzc/E6j+jw7XlLVEkFsBtAyCjepXu+ycM2CzNI
AAY3LJOrMjd58+1k25SQW7VK5zOsSqf8u5BV4gRpUZ5p/JIYCAMj+YGzmsVtUcpxIyi1ncpZT2l2/6x/f/yhCMs2vwO6cd679ZLv5Rz3
UhT5xpBkKwgfgaz7bPfZ9QhzibyBRC1kvpq9fppKs7k5IyVoYllxITTyN/0/eljOjwNDez4MFxvvz03z56+2f0ERYELviRcJZIsp444F
o6gaxrO4mwgVRGSjXCDVMYH9oxSBhARKKyWpjN/r/dim5DDTBgUA8anVrP+rOOfl72tASNcNDoOoqhSXfmXOd/r4MCpgQF0ilgTR+l9X
Uiruh7gYAkzEAhm3563xmlfO70xFGpMB1xFIy7NxZt41PjNYgGOlBpIxRzSes9R35Rcul7MmWYpEYKOS2X0/rlw1+L6rF9vMjZGFXGJt
g2a+tembTbJHOvJSjeqtFfZr7mdA3eTyHUNhjG37f3XjeuP/KWuuAFEyOgldwLPeYgvfzG7TlQJ2CIXGwEuDdBq/3JOS1UhADROTCOlE
9HXk0tblhqUEq1xxJJltiDygNeruF2zcaIRBDw0FFWi60rtC7rzeuLRQQdAIdUKGma2c7376+1tfDYRqETAdqKvWaely+e7tu+8Ta6Ij
T9Wo41Vs8ZfbPXiLwRGAgwUOAegqf8pfdLFKSZKCEgXwu000T7sa+N4h0ZqsA7OwEZyY3XupiDWfsrEx91eWIggbpX+UXvnwrp1EEdQK
y8yCttv5hr5Wy0QvArCoMIkVQEXv/Kslzf1OzsKOgyLERisES+853Pu3+9gpDliqiQxvDLh1U/+vc6bTirJnCEr6lKFGvcPyqyBHUloK
HXq6g3kou3rNlcFN5L00Njm3XE7Qel4fmfj5ZkzhLAxwAOYChEuAnIca0o6+3U9pgBVXXIQiz8///+yawH5WOR5ued3DAT/97t9Wo7uH
JApbRlveUerr+H6Z9v5u2748QSTQpU0mD6I+ew9evjwJnC4gQn92QdDCt88870/22vDkax7CGN6Ga4Dmzupb/iYY84IIH4eIaPPqO38z
tjXxih4LgQUGbBX6cvz4ZpiVtVWKANkNXsVh+NFrab49PyquGl7qktgThu8lLbrs/l5upKB11D5EFX0Lpk35tX5/PMY4SPJDHD0ufqBl
j6+0ZJSkWBapw3BBjdFlfItL7rPrFSFW5Yg3YUlRZdPrYh4GLgBNZqPZVQPJ8xdzc2lMNCEKe2kXQMZDk2s37E9pf9olvgdIqVIDBrdC
GrRqaX15ZJMMdhiMIQ360Z40+a/u3ued3x5CqqCpxFa6ef/2tIOUFZhIYVtOHRjbkCccbgE6Ihq2QIEPqtD3uo312f+5ElkAMbujM8QS
mUNdl7J1E3qYI8QMHQSwiNqpFvX71Bm0wRAZAKs0tjnAUp+3xaDq731YCGBBNEad1H4j/X7Mqri8veRiKIUpU97b1/Ck9Ps5PXgOMFk2
32T51m7k/TjnyNYJ70UoLSFxbujl/LAqul2SqSnNjVAA2nLODv4kqxCWogHKPHZjAmCXkzzxijPf97JuMFTkKVC0cx/VIQ5pk9FXiWFe
jBXs4S/YytLaItBLGHllDWqvGkP62s33/8v89ScIwenxGWEabpzNO1jZU/+3DAtabXMoHb6v7dws3/73JoICQxgFNBf7YOr+bd59Yw4j
HhxCk0kB82ZP2PZFbqgx0Qn2DlSBOBaCh/do7ElU0QI2ABWtZh05jW/f3UE09FmBD9oYAgwnaeV1v/Tzh7+SI/38HLFGOjMd/zEXaU92
LSiXxE2VYx3x/+rw2VfVY91sGcdBiM4Q3SFQyt36z9CikMD9TIkJFc/tN19xZ43roPIB0RjhCXTozHlfZn09TRk69aUgCQwS7OXtLOzc
PE5tROEQCwvEIPcv9jgtvBeKYtAzSQdmBSotGOxn9YeblY0WA0gbgTAkZfw8Zvgsl9kfspDLhIPFgLwH2/1N8q4d8KI+zgWlUZRQ3+eE
4+7FC3yz28cxxZFS1DsWBvTmMocXrByZFEvTB5q3/WGm8oucql81gmtvi7H5B+QHPPdrw1ljG4YrxAibl3EvmSZ4u7BCy2BjkibwFKwA
sos6O3AbhCUK1AWrMwgW64z/eOvXmSCZLFFYhkoOX3g2p3yv4ly3F+ebqAzGYO8vrjc9u6CYCKGhneinDzjdf117V3Tj89YIC5RChfbE
S3i+VkLzfMnL/JSCkybYED4y2vHTlJr+4EamD8NBluFP/qPnjEb2vfXAHAgtW5RT4dy7snjXzWUHcRqNpV1dGv77PXe5r9aNL0m3B0wF
kwOznW3+x17XY4ygClQjhhhA9/wp9SeD6wUlhJoO6JmECOjP3dubSVvTFYYmkgbVH0I259Wvrvx2nTYKD1wN/A6knyS6fg2TGYOXSBoE
jfHQF/gv72eBTnOtBOzpZNkiJYCVNfERu7C8yXFUIayGxlpltt93pxankGl/6C06LNATWZfwLePywz7W56AxyF9LD4iv+X4uVreUq15x
vM+MCQGI+N+4rsMVp+2vCAy6qGeZMo6oZbd7+76+CSBl1wHGNOTw+LY204stjtVgkQGIeeDUnee/W/92/xkZUBPhtUV0CGTfjzeSn2/H
PrfI444ai3jasHY9nbqK3osvhB3SZeVJO76hPtreHKwRKJoKpJDFYOPe5cxH78OXHxBbN7y/cAL1+D6/bc7Z19GyMCmmAaSAVgt+T9t4
391OhUSFwAEGAsli/8E63Fmn3KcRJqEBGK4iR0/aVOy26CgK2DgF8IZiBRj4zlZWl49UCshGK2TChSTrVfSg6iDPSwYnheAFHTS4SHHo
frXcIL9dqE83U8XAPvn3E3+d79vVM9LFwgVWIXM1Pb99+57cLtKPIqqRxPzpVmicCeR0cyQEFSC/6XCQvfVc/939ft2JJQ00IPa4eKb3
a+63k/MhUiTUk5TKbXqg98K0rfP/jAcgWycEDF1SCV5yw3k8MnYo2HkGeqAnNgz+b65Ozit6aTYAxUhGxEVvtuz97NK0ZQa9mZac7+OW
30Hgcybl4dekgP1p6Cyh1PAsRm/uOho6uKxKXQh5wQy+vPIbr85v9RUPqyZAUsA/pdTn//LOFNinMEQh/Jq6zVPSRS/Lcg7LWAb1eSFO
LSK/7v79Bye93NQKEpFUSGyjZLbkmG7Q716FVJBjPglMNv3kYLtm1Xl0JgHgFwry0zwn/4P9mnocuqA9BJSMp7PG8bjqcbnv/tieKmoE
oxfkqLJ77fZ1/N14YAAh+CDoJIhcwnHX5VW99L/OxXhZA4Ajbf/Q7ah71agBSIq6B3YnQK7etZ/P/vfF4zZgWoNjGs6j5dpwks3x+NDn
mDJNQYLhby9r529xdoy4zlQApE0FNqU/balPs7qYBsphQ896Rk3iNvIuvdvas+kMgXRWwtIOhxNsDQ2PuvXKb/RVk3cLXV6zTq5t3zPV
4HykRlOrJRTvM4+xnruN2upLR2K7GWLo3/1v/+/64s/AZlmQE4MidMetewTwMVma7TlsZNr+i2aO6M2/V+N/NULUJZF5tYl1/chXm/t4
xPlS5xEe1UKUQD+/XuLGdjcWi4MQQiuyXap3uPz1l1uaWBACpHncTYkiwhmP7KMX48aIuG/c6FJVXPfrs6gDNWXpMAV5Cltfp7nJtt6+
BdnrguUhRlzAZKoDbK0n31La6L9NJcMOYITQDN/Y8HXU6mJPVfanQocuBIx6u0nXe0dW7QBpoiJiGjtZ/p7bMc1otwkpKRQEFgNNNthe
ex3WySzTHxFk6YAaAy7Oxz9en0ZvvIanq5osU2H1frtf57j8kJX1MtiFPE+0A0tWC9INc6Unnx+XDvYKYrpi+/69WdNELACITZ467F8M
hci/ePnn+7OyLSAQZ3ZBPstrpeWP6XPPHqm5BESTHjNHeLy0Ad71vWCiVArHWWQRrpW4VjvQ1tY9k6KAY7QcBM/fKoyYr51aaBCxMtku
JQH0WT/r1/v+u3JRl5an0Exopp2ySzrTZvaBRRACQx/nXhzxd5esn5nMpRwspC8mCAg7m47XvtxAtQTkKGyeSBUg+ll8/77UX8zEg4+N
lewZmv778Hz1/kI/CYyLVArMFWVPVSvt+9VtP8wLMyxiDhkBXO2VP2rW7qcGIWMAkH0Ljy09T//0tzncFNnEdLlZBoB5L9xeBN93lgOe
+AI4MSd3QWysK+vfJsze3AMIbGwRSi71uzr/8sfNKaAcUKkxpgZGnF+i3v9mp4JBGJNMSwRq6ss3K03ZZFNjXSyg4gjCWJbcVL96W33e
LAkhr6KkFgAZxMJPtnsP8rSRYxt1uCFg2/lTyw+GM+qWHCoKYISwaPnydS7OxP6URBhiBDAQXsBK8W8leZHFyIKJVpCnYnTKJP8+OPty
u3EwhRFhIQcHSl5qG1as+OtNYIXjSgIYI23lymzNM5ta+g+qUDsqaAAfL7qi5t3mee5kMMsDBuZ9f+j2WX1a6TQ1IDZxSXPQbaQWoLp0
w+/h7gjkpBgaQRAGLWLf1yu31uehBFwGozghLcbW829Dwd/LFQKTJ4UTwYj1rxvH2663/mgRA2gjUUUx93/q8JvzsMtAoTJXD0i4QLsn
NS5a1zn+UbxZDgnyUADrvH25L033/8UEhmwCCpFATnZzvs7OZsa8AwQtNAcIFTqvBjxtS636AKDqUXsIUQaD9v+O0s6d++qdUvgP+KSG
0sX+Hz1b37vAYIICgjjSg9tbS7/q42y6oXATB4gZtPA9b3J+3Nr64lfscKp1isMIyQ4PrjUZP6pTBiKKzxT5VEhXWu5yx9v9JHhWC4kS
NZDMy3V8hXtpCFzCqsAsIsSEerXXwls9s2Fr5Nsw9xaJJc7zxr/bEcnfzp4pgDyggM4/c0b03Mn/9qxIwZUlSoEACY8G/n9xcdlNTAcx
RQWwja2+NJ796GQSKdYPO+vKt6DR3Hz2/3fhBSBACNcBsAUAJ58du/Uxtt/9hE09IIEjpnyykzHcw3KzUsKN/iPFeI86Tdd2e4DkF1ix
XhgEaC0WfcueVIh97X9NRsMS3xBECLftla9je677hM8GFxGDSyXlnPDvmf952RqYWvSAmjr1yK4T4M/2z85SAfrMYtIN3ru/8XLFh1g/
TFMJCQYg4UrM/Q7pEO92jTCn6BFChu1FP77wz1Ui6lw0z6TghMRYRB0Ga37YsE/mYiV8yxi4ITtD1ZkVN3UWblLSlBGpWA46u8VxZwb7
unZ7lRqfPQ9NM77nM59f2PGM3WjJQExRWDh8VQf19TkveY7zOUhWNRSenCrN/lj18ZuSYFOxDEZeOb/00k+K1mP/0McCqIXkxccde3hv
ofTL/wQKnAzzfRg0StoOebXbBc36TBABqi45DNXucfcjds84MjHABxbj/xf1nXJSgu7biEmRq/pz+ygpAv+/2ezMcbzEkGlASmUFYbwU
/taxi5/fADmSCisjgL/wpXpPiXRctgdAhBHNEIEnu7nuuZOqN6YIFaYDYVQdlc33fR/j826TlLn5YwMvgkJgY8eH8Ez+2r0gtbyJPCam
Mvdx5QijN686QtsXtB6wm8Z3/z1rwEdiAWSyFCiJPlm920fpu9y3o46x6FQTBJphJJq6YNLU/PZ/VpGEwWeDA9yFdwdaLxC9CRgZAwt5
UIaibDBL9BTOvslmvWB5jLgY17Wdf5f3/9eGFcNCBkBAY76Pu3NetL37+fPqI0FD0TPY3Frr5bHPO9AtHMGQ0AOkl50h8UPWaO4J4mFI
wA7jlnFt7P4+q/zPTgt5IoOGEyHa19xLffP8iwDR80hXvECBz2aEb7TvRxPVBaNLJMMhcIxay6RlAVxxYxgdA+/K2iDT/eVy+sIZHNJS
QgUFI60Oe87RdTt+jONS61OQhQTiA4nuNS++pAaHi/aQ8KETLDGoK7Pb3+f6lg+s0U4FYiIT/5Tyfuv7U394qBmEzDaqgNRV44aEP5e0
gLO4rAdEKOJXxtbxd/Ytbzh4S0rTyyR0Ci9mbPfvRe5IiSNnIWEq40jihs1v2LfNg8OcSklpgYh2W/khOT6OmlJAMbzWoku0j3O6ff9+
YfApCcaJxABdcddf2/7JVfpcI8sIIf6gGYAuuevxrL6P5m7cshgDnguMVGvfZdKPrFcEhEBg6WI5MZlTfvT7hEPSg26DIlwQEZ/G1U7t
TS3Vfp1COJh8BpA09te81wfgP3i+ia5YPYCOlLej0U2Kj3sG+zJXmFGQPALV/218Hjl4wosChqKzAnf5rc97xxE+ltwHw5iwo6UfZNop
dn0TqMW95hQFSsZjIla/6z4+COnKrIY5UGGMIsUkQQzC88ptlRiViDcgK6WDIvRcv/9rldebpJExbBiQSODzlBTj5eqDpXnEvASOYSRT
/VGq7Exql8EUxmzivWleUYDJjf1DXV28GvygkB3qKugdEe0j8Df+meOmIDexQIhWJ1w+zybW7toDBMETyzqa0HpNwyp90/PjB0aySIBJ
FF7tQp/9mPe4RwlMKhAhkbPRG/6M7+2FaqxJMggYLTSHK1rckja8zNweDnBsX0hUFFL4yTv+KvtyTsN1TNRXdxJH2nJGm1z5vnrtBWsD
BAQCQubs/r/r6J/lo7FQKWksY7Kaxyv9xvZfWV9SMmJMKVORv0U9Savjfl7QVzIQFLWlIX08nblf4yC2QhQquZBQQAgKKyqF/4HmNp3s
k2gpR4sAag5KerJo9lFnqyc2rsglXtMnM1zKpWXuYAqiK3tTNUPcjW0MdustSCnVGUxwJZM43gGVr/Z7ssnb2R+efY28l2ffa3aUObdZ
EInLEgUkzyr/uVrU3OBNGY4SnG8RJ4lC5BNYcgj2bVejEDIB9+0YTOzn4mK1NYeqU+DRCQxJJiEas7fohimhlxD6EkgEMWS+WsvP9GZ8
X8S2QjYrAsBr06kfxOt6WxG1lombSXIwKLH9Waqz+8V/VdIPXG0yIQ2S9/KHuDJsVf33QP/KsVlQRpv73buc6VXFgmywUwuACEKpKvPv
OF35o/YVN3FzUACxBDU9wF2wQnc2HMsCshbAc9+5wdYBX2N1wIYqsoR9qgHAp86zeISw1Qe5U5bfFzVo+eTxlf5b5aY3Ig8ZyZQrKm71
3bu2OMhNIyzC4LRl4ojzz+mmve3yl3jMDzhaKoozm+1i/V4S+xQcIEOEqhR02lm+Y819O88NjUOrZREiohzCeefWrPyNvEgVP8D7DGjG
r/rN/2CZgjbsX9UvP0BSDuIhxTNT572SGetPg4rDIwFJ3tu//yVsk/gE8Yax95gF9fZXcYNtoJllN/4EB8lqhRj94/uB77sheHUoB6ZM
7iL+vTnlDtV+105xgJKFRVnC4G/dnlKw6NlIkGQFYTGKl/52JeuQg+QtEwJeBCnAxIX9j8S76ttxDQOyFVWsIpAAj6vuCiZ1fcZWoJSh
LHBNW7mg9n9/qS+tWGhoReQhd0f7+eur6pe76+GwjSJls5yDdvife+o490Ii2zQMYDVIKq/7/9OlJo/8v40ESzQCQl9mneC9vJltu8FI
ICv8uErR3BCDcig/ou3BiAYlkIgQJGiX733Zq5TaLylBcCc0IWLlHa2nOry1+wPvtgqJ2QLYvsuw7953vL0SySoBWgPQjFB75tRvIG31
hViJANg3GUzOvN+W3KNbfZNM+RFwPxF1rP+uiwS1ufnRK6OlVkBDsWrVmPypnKkfQoBAwSxcoCiOfl7L7/WujlAIEDAnMsAQe5i9H2e9
vn4ME/QAYneOYt+L3hsA42ztLttrjgC0mnVXPthXJdKjNKpCNwE9tlE46q8P079tNt+bK95vL8GBMcuzzS/d9+ObW6WGkjddJWPGvbGx
Ji+b9T+HogpACG2dcuyxkUK6FHiYCgOw8QT5EGn7ar6Z+jZvwgMwFgzYoEDs5bj2tcSV1ACgsIIBbUwKNqi/PpXgwQLAcsM6W0RnKNb3
uxpv2us9nmIBxExYFQKfnLKrezvzv6pLCNah1khGz0q6zTo8fOPKIaFCxDETLdjNT1ZqRNMfgXhCErMYiST6jad719bhSljigrI0CEc2
043vAVq+aZ5oRrkVWG3yBfnMH/F1ZT51gASYLyNGDwCKvIWY6VbPr1Fc8eK/iQRo6ra9nufyd269qEQgyD8DdvgqWGH7PGwVnB4C3Qva
VrVjXVjBvNnL7AjIhEgqogGx27y9v939N1/V/EimKW6HZvLwzvvls/I2nPl1FMhFpITl/WRZOvbYpmVQAUAuWSRB9jZ91I2978S6AicA
BIeEN7gcS5fLqV53UzhlAMdo+8OfnfGxxN16sAFhUskwPcar/2PcEFn5BPd3gA0AgyOQn7Rxg/85SX9OZwMQ6yQVQAxJua/X7xPz+Mx0
BZMIS6Zp9ee60xG+LRXEUpKHUWVinOSm+Hdj7Vwb0DincoidGGTVvdrWDvw8/RG2RTmmGmJ6/S6K+fUzARpeJlNiCrykIvkPH8K2lXK2
Icw7iUKdbMmj0vO19z+UewXBUUWzjTpIe9kPpcqbm6nEuhe2ZmRar4rfMLpz3pqJRCfhiSzfpB3cvzD6PxJtk0hFFKQT0pADb0b2vpbu
sEB3O8GYWCGYQOExdus+MfrHlBt5Em+p0kBpWxf+8IOulsC1NUs74Xpi/K1hrojPxx6JBdOvuqT5isvyj9bn262XJDXZZhkJiBg29X7x
fc2R+Cs41StZAIXLoJ4v/7Nq7uOxYAwYSKxAqNIkYyO9OE340MQ1XuKkwfx4tPqkQXmrHubQSAIK64UU21ZZcz7zQ7O1jSmAScCcNDye
Loj9OXn9IieCEtKc8CAfsEXVoef1Q8pUA8J/had6BoGnx+N7QVOg4Z4LBsDmOLns5/3/N5rhsk1QAYmEt9UzgW6zTndhsoFfiQhFx6n8
V1wE0S6yBJ0yZ69ynvrE6OaAYzvDKokTsBzlie65BiTbSkfKf9ey/8KMkGDuHJZMb+3qVx7z8PNdUKQxm8AL/pboE8ewg7V98SzYPiI6
U3/OjZ67t3fBuQ0OEVvGTIFghSs1IKm/ud3pq6q9mlphnIv6ixD+949IyrNugCkBKFsTtTm4FLskox3O/EjtIDOYcOnWpclCC69RhhoC
BwIAO2Vw+z3b/DfX4QOvIRaKAMA/i5U6MfWzATjIgODRZTamt/Sv5aTUdjuR8U4e978wGf39zJfo7fRtJ9dqaGBsCGCMc8vfeDTKHgl6
SA4xQEwgLuD1OXOR4/0V06hL0YSAVm2mTZfncnC8w5lIkIdVTBzU/G6XftZs1uJGD8BCXTWAq4DeMvH+P+0hQl1BGEjYAPnFe5/390u+
ShZQJHgACW6Juf/al3e6b5L0DSm/r1d8CujR5P7JrpIVPq6K/vepADWbljvde5eaLaQukYAueahisjof/2sMbhJrcgzTiZDf6dzn9i+B
8OGggjZ9+c1LaV95t/PfZiiEN3ZwCCAP7ATUvhv3iWHvgRUiLw0KWTE0dVO/n5iYePqAW9ckAR2UNWGXx2S9///alhKq1ImMj/1ur/Ju
ZlP22woNwR1JpDxAqvPxv8B7fotOpHFoSkEPhAhS33/ptsfA6QRlEzCHMDBvLa4pDvuz07agDrGIhICwb/+5rGj/ySkAIY1gVsIIBNbu
td7Tj85rLCYpCAVRQQDeVvav4m2g+O3C8zsU6IxA7KuMZtNvu5cEgjwggK5gGbf8binvs+73AFV+kEEgNadKqtSpR7P/378aAvYDBMrm
F2utrXbknGsQ41I4MQGHwYvL9h9meb/wehUC7AncuS170v7GdxahLSdZmhxTEpwBr0ZG3gYF8dZOBhIOxuiYS7FeBEuemZgkAVvE6nDc
bplJe/b8S2P9odpGJMEp64Ra/giXNwdD3s5cbzLo8QEdI67nTKK9t1mXiH2/J9kDSss7+tb8q/ofv95h1gAAJUjUw7PpgS1BVsMuLaA8
oWjCXvwp0TMSf8a3nFBBH1xURwhk8pbQ0rdzMxBBYg7IELIB5ffL5zkj5PUNNxZLOdVgmptO3etZ1fHbiXzEkKz9AbRJM87rt+9LeONo
O9LcjV80/fclm3dGzw8K4oAXomCbDO9vJvWXid9aSSkr0iUBCDGd1ZjypIVud+8ncICnsA6mWbYPmN4FQt8q0MkC0qUGlXxFomzQAJJ+
myoWQGSLLzBPvUmcdZVmeRDwuOhaCMgJed/CuTtMr5qpphYQk7bhkQsEx1xk5dXV80djJoUN9f4O3nKfM2/+9vhS9dQNjjsBpz957q18
+a6kURBWka8mOtJcGHwUEemO9ZyQQEqAFCgAM+9g9fjfHoYIECCMAGz6OnW1LthJ/Y6x5RiRzIoDBIPkRxaOiJ/ngAwWFIEg2ixQgfJR
DDpRysKHYqrEJAANFmTIV0nS6/MCAJ1FYNwBTrqxceWqcfag+zJeQQtB9MJAiQRCAAAAAA==
------ END MPHAhA== ------

------ DATA BEGIN 42040000@0000A000@wifi_ram ------
AAAAAAAIAAACAAAACAAAAEABAABsCQAAAABxCQAAAAB2CQAAAAB7CQAAAACACQAAAACFCQAAAACKCQAAAACPCQAAAACUCQAAAACZCQAA
AACeCQAAAACjCQAAAACoCQAAAAAAAAAAAAAAAAAAAAAAAAAAAAAAAAAAAAAAAAAAAAAAAAAAAAAAAAAAAAAAAAAAAAAAAAAAAAAAAAAA
AAAAAAAAAAAAAAAAAAAAAAAAAAAAAAAAAAAAAAAAAAAAAAAAAAAAAAAAAAAAAAAAAAAAAAAAAAAAAAAAAAAAAAAAAAAAAAAAAAAAAAAA
AAAAAAAAAAAAAAAAAAAAAAAAAAAAAAAAAAAAAAAAAAAAAAAAAAAAAAAAAAAAAAAAAAAAAAAAAAAAAAAAAAAAAAAAAAAAAAAA////////
AAAAAAAAAAAAAAAAAAAADQEBAAAAAAAAAAAAAAAAAAAAAAAAAAAAAAAAAAAAAAAAAAAAAAAAAAAAAAAAAAAAAAAAAAAAAAAAAAAAAAAA
AAAAAAAAAAAAAAAAAAAAAAAAAAAAAAAAAAAAAAAAAAAAAAAAAAAAAAAAAAAAAAAAAAAAAAAAAAAAAAAAAAAAAAAAAAAAAAAAAAAAAAAA
AAAAAAAAAAAAAAAAAAAAAAAAAAAAAAAAAAAAAAAAAAAAAAAAAAAAAAAAAAAAAAAAAAAAAAAAAAAAAAAAAAAAAAAAAAAAAAAAAAAAAAAA
AAAAAAAAAAAAAAAAAAAAAAAAAAAAAAAAAAAAAAAAAAAAAAAAAAAAAAAAAAAAAAAAAAAAAAAAAAAAAAAAAAAAAAAAAAAAAAAAAAAAAAAA
AAAAAAAAAAAAAAAAAAAAAAAAAAAAAAAAAAAAAAAAAAAAAAAAAAAAAAAAAAAAAAAAAAAAAAAAAAAAAAAAAAAAAAAAAAAAAAAAAAAAAAAA
AAAAAAAAAAAAAAAAAAAAAAAAAAAAAAAAAAAAAAAAAAAAAAAAAAAAAAAAAAAAAAAAAAAAAAAAAAAAAAAAAAAAAAAAAAAAAAAAAAAAAAAA
AAAAAAAAAAAAAAAAAAAAAAAAAAAAAAAAAAAAAAAAAAAAAAAAAAAAAAAAAAAAAAAAAAAAAAAAAAAAAAAAAAAAAAAAAAAAAAAAAAAAAAAA
AAAAAAAAAAAAAAAAAAAAAAAAAAAAAAAAAAAAAAAAAAAAAAAAAAAAAAAAAAAAAAAAAAAAAAAAAAAAAAAAAAAAAAAAAAAAAAAAAAAAAAAA
AAAAAAAAAAAAAAAAAAAAAAAAAAAAAAAAAAAAAAAAAAAAAAAAAAAAAAAAAAAAAAAAAAAAAAAAAAAAAAAAAAAAAAAAAAAAAAAAAAAAAAAA
AAAAAAAAAAAAAAAAAAAAAAAAAAAAAAAAAAAAAAAAAAAAAAAAAAAAAAAAAAAAAAAAAAAAAAAAAAAAAAAAAAAAAAAAAAAAAAAAAAAAAAAA
AAAAAAAAAAAAAAAAAAAAAAAAAAAAAAAAAAAAAAAAAAAAAAAAAAAAAAAAAAAAAAAAAAAAAAAAAAAAAAAAAAAAAAAAAAAAAAAAAAAAAAAA
AAAAAAAAAAAAAAAAAAAAAAAAAAAAAAAAAAAAAAAAAAAAAAAAAAAAAAAAAAAAAAAAAAAAAAAAAAAAAAAAAAAAAAAAAAAAAAAAAAAAAAAA
AAAAAAAAAAAAAAAAAAAAAAAAAAAAAAAAAAAAAAAAAAAAAAAAAAAAAAAAAAAAAAAAAAAAAAAAAAAAAAAAAAAAAAAAAAAAAAAAAAAAAAAA
AAAAAAAAAAAAAAAAAAAAAAAAAAAAAAAAAAAAAAAAAAAAAAAAAAAAAAAAAAAAAAAAAAAAAAAAAAAAAAAAAAAAAAAAAAAAAAAAAAAAAAAA
AAAAAAAAAAAAAAAAAAAAAAAAAAAAAAAAAAAAAAAAAAAAAAAAAAAAAAAAAAAAAAAAAAAAAAAAAAAAAAAAAAAAAAAAAAAAAAAAAAAAAAAA
AAAAAAAAAAAAAAAAAAAAAAAAAAAAAAAAAAAAAAAAAAAAAAAAAAAAAAAAAAAAAAAAAAAAAAAAAAAAAAAAAAAAAAAAAAAAAAAAAAAAAAAA
AAAAAAAAAAAAAAAAAAAAAAAAAAAAAAAAAAAAAAAAAAAAAAAAAAAAAAAAAAAAAAAAAAAAAAAAAAAAAAAAAAAAAAAAAAAAAAAAAAAAAAAA
AAAAAAAAAAAAAAAAAAAAAAAAAAAAAAAAAAAAAAAAAAAAAAAAAAAAAAAAAAAAAAAAAAAAAAAAAAAAAAAAAAAAAAAAAAAAAAAAAAAAAAAA
AAAAAAAAAAAAAAAAAAAAAAAAAAAAAAAAAAAAAAAAAAAAAAAAAAAAAAAAAAAAAAAAAAAAAAAAAAAAAAAAAAAAAAAAAAAAAAAAAAAAAAAA
AAAAAAAAAAAAAAAAAAAAAAAAAAAAAAAAAAAAAAAAAAAAAAAAAAAAAAAAAAAAAAAAAAAAAAAAAAAAAAAAAAAAAAAAAAAAAAAAAAAAAAAA
AAAAAAAAAAAAAAAAAAAAAAAAAAAAAAAAAAAAAAAAAAAAAAAAAAAAAAAAAAAAAAAAAAAAAAAAAAAAAAAAAAAAAAAAAAAAAAAAAAAAAAAA
AAAAAAAAAAAAAAAAAAAAAAAAAAAAAAAAAAAAAAAAAAAAAAAAAAAAAAAAAAAAAAAAAAAAAAAAAAAAAAAAAAAAAAAAAAAAAAAAAAAAAAAA
AAAAAAAAAAAAAAAAAAAAAAAAAAAAAAAAAAAAAAAAAAAAAAAAAAAAAAAAAAAAAAAAAAAAAAAAAAAAAAAAAAAAAAAAAAAAAAAAAAAAAAAA
AAAAAAAAAAAAAAAAAAAAAAAAAAAAAAAAAAAAAAAAAAAAAAAAAAAAAAAAAAAAAAAAAAAAAAAAAAAAAAAAAAAAAAAAAAAAAAAAAAAAAAAA
AAAAAAAAAAAAAAAAAAAAAAAAAAAAAAAAAAAAAAAAAAAAAAAAAAAAAAAAAAAAAAAAAAAAAAAAAAAAAAAAAAAAAAAAAAAAAAAAAAAAAAAA
AAAAAAAAAAAAAAAAAAAAAAAAAAAAAAAAAAAAAAAAAAAAAAAAAAAAAAAAAAAAAAAAAAAAAAAAAAAAAAAAAAAAAAAAAAAAAAAAAAAAAAAA
AAAAAAAAAAAAAAAAAAAAAAAAAAAAAAAAAAAAAAAAAAAAAAAAAAAAAAAAAAAAAAAAAAAAAAAAAAAAAAAAAAAAAAAAAAAAAAAAAAAAAAAA
AAAAAAAAAAAAAAAAAAAAAAAAAAAAAAAAAAAAAAAAAAAAAAAAAAAAAAAAAAAAAAAAAAAAAAAAAAAAAAAAAAAAAAAAAAAAAAAAAAAAAAAA
AAAAAAAAAAAAAAAAAAAAAAAAAAAAAAAAAAAAAAAAAAAAAAAAAAAAAAAAAAAAAAAAAAAAAAAAAAAAAAAAAAAAAAAAAAAAAAAAAAAAAAAA
AAAAAAAAAAAAAAAAAAAAAAAAAAAAAAAAAAAAAAAAAAAAAAAAAAAAAAAAAAAAAAAAAAAAAAAAAAAAAAAAAAAAAAAAAAAAAAAAAAAAAAAA
AAAAAAAAAAAAAAAAAAAAAAAAAAAAAAAAAAAAAAAAAAAAAAAAAAAAAAAAAAAAAAAAAAAAAAAAAAAAAAAAAAAAAAAAAAAAAAAAAAAAAAAA
AAAAAAAAAAAAAAAAAAAAAAAAAAAAAAAAAAAAAAAAAAAAAAAAAAAAAAAAAAAAAAAAAAAAAAAAAAAAAAAAAAAAAAAAAAAAAAAAAAAAAAAA
AAAAAAAAAAAAAAAAAAAAAAAAAAAAAAAAAAAAAAAAAAAAAAAAAAAAAAAAAAAAAAAAAAAAAAAAAAAAAAAAAAAAAAAAAAAAAAAAAAAAAAAA
AAAAAAAAAAAAAAAAAAAAAAAAAAAAAAAAAAAAAAAAAAAAAAAAAAAAAAAAAAAAAAAAAAAAAAAAAAAAAAAAAAAAAAAAAAAAAAAAAAAAAAAA
AAAAAAAAAAAAAAAAAAAAAAAAAAAAAAAAAAAAAAAAAAAAAAAAAAAAAAAAAAAAAAAAAAAAAAAAAAAAAAAAAAAAAAAAAAAAAAAAAAAAAAAA
AAAAAAAAAAAAAAAAAAAAAAAAAAAAAAAAAAAAAAAAAAAAAAAAAAAAAAAAAAAAAAAAAAAAAAAAAAAAAAAAAAAAAAAAAAAAAAAAAAAAAAAA
AAAAAAAAAAAAAAAAAAAAAAAAAAAAAAAAAAAAAAAAAAAAAAAAAAAAAAAAAAAAAAAAAAAAAAAAAAAAAAAAAAAAAAAAAAAAAAAAAAAAAAAA
AAAAAAAAAAAAAAAAAAAAAAAAAAAAAAAAAAAAAAAAAAAAAAAAAAAAAAAAAAAAAAAAAAAAAAAAAAAAAAAAAAAAAAAAAAAAAAAAAAAN8K26
LA0EQgAAAACAYQFCAAAAAAAAAAAAAAAAAAAAAMZNywcAAAAAXwAAAACAAAABAADLAHYOAP8AABIAAAAAAAAAAAAAqAmoCf8AAAAAAAAA
AAAAAAAAAAAAAAAAAAAAAAAADfCtupANBEIAAAAAmGEBQgAAAAAAAAAAAAAAAAAAAABrUssHAAAAAF8AAAAAgAAAAQAAygCGDAD/AAAS
AAAAAAAAAAAAAKgJqAn/AAAAAAAAAAAAAAAAAAAAAAAAAAAAAAAAAA3wrbr0DQRCAAAAALBhAUIAAAAAAAAAAAAAAAAAAAAAS17LBwAA
AABJAQAAAIAAAAEAAMcAlg4A/wAAEgAAAAAAAAAAAACoCagJ/wAC//8AAAAAAAAAAAAAAAAAAAAAAAAAAAAN8K26WA4EQgAAAADIYQFC
AAAAAAAAAAAAAAAAAAAAAPAzywcAAAAAXwAAAACAAAABAADLAIYKAP8AABIAAAAAAAAAAAAAqAmoCf8AAAAAAAAAAAAAAAAAAAAAAAAA
AAAAAAAADfCtugAAAAAAAAAA4GEBQgAAAAAAAAAAAAAAAAAAAADQQ8sHAAAAAA6wAAAAAAAJAQAA1ACUDAD/AADh+AAAAAAAAAAAAKgJ
qAn/AAL//wAAAAAAAAAAAAAAAAAAAAAAAAAAAAAAAABQCDoBAAAAAAAASlUZy6ubSlUZy6ubUIYbrsX6BgAAAGQAAQAAD0RXRC1TMjIw
X2NiYWI5YgEIi5aChAwYMGADAQEHBkNOAAENFDIEbBIkSN0JGP40AwEAAAAAAAAAAAAAAAAAAAAAAMF7oUsT+5GEfocAAAAAAAAAAAAA
AAAAAEYhVdfGXxL16ROW9uR4n4jn6Rl8LnD0+wW1DxSl2+x0YfD9OFDCWvYTOPM111nkFMCvRwrXuciXzXEGqEQyCf/bnqdPXd3m35yl
5asM+QP1wgYL6LMvKPGaayT/nLTzQV3j/VdOnHr5/LX/Ej7IFHJ7QteLuwny4Qw9hc02Jr/pdzfAceEtZcg+BugfmSdcuWjMYWi41Qcm
xNrReLwdssdQCFRKl2GC/kjCM2WCTFF96ChoXq50YUHKtSlVn2qGgGiNAMuneyTjBP+BngAAUPIEAQAAUPIEAQAAUPIC3RaM/fAEAABJ
TFEDAglyAQAAAAD8/wAA3QeM/fAEAQEB3R0ACusKAAEBAAABAgcAAggBBPn4KCKDLAQE//9cAAAAAAAAAAAAAAAAAAAAADSmAlbpGw52
XvqjvhGo2ji0TjcbMcyDMXnMGwWDKlnTdbtXywK/6uu1HyNujlPTLvCyDhO+4sUUzqHPKDVAXwXfvIyzc+OouDkl2m1Ty3uN8S4E5SG8
yOz71REicNeJFDzVhrJai5FFz+47oxj9+KFehi6mTSCYg8RNNdnP/CNY9n/uNOp+YaSNf6eOMbJHH8QJoFJK4pu+ZaepcpEHFsfEJxSr
4Bkaw2cVBHLzxhDIFODn4TWBMhEogNuRh4qvtl45Ss7knoegCWvJU6NFtgRduoY4UZo9lJmdgiXdRXApduzO5QxRYZqW7WCNVFnUpTBc
FnYGm6sH0C+/6+tO7FsONVKNiA/GoMkxLR6Xh5pkkOkgUl6Nwk+olBOpZ0w8Cnn4F+EOTK/bf7H9hFZtP/PgWTV7/KFmae29SG/qLMQX
uCFmPvUHQWeVr2kJzUFb7BjW7MrgF+LtoA4iNjjqnGcMTDEPy04pN06uZhcaE/j90JQZsYnaiHu3ylOMd+57pwsp+W0mjo/pAf7PvHfP
l12ZR/hmHMng6yoohgNmEk9ZPN2RaVAIOgEAAAAAAABKVRnLq5tKVRnLq5tQhsCyxfoGAAAAZAABAAAPRFdELVMyMjBfY2JhYjliAQiL
loKEDBgwYAMBAQcGQ04AAQ0UMgRsEiRI3QkY/jQDAQAAAAAAAAAAAAAAAAAAAAAAy+b/1ABGBXIAAAAAOwJRAC0a7REb//8AAAAAAAAA
AAAAAQAAAAAAAAAAAAA9FgsAAAAAAAAAAAAAAAAAAAAAAAAAAAB/CAQACAIAAABA3RgAUPICAQEAAAOkAAAnpAAAQkNeAGIyLwDdDPT1
6AUF/wAA/////wAAAAAAAAAAAAAAAAAAoic8gVgcJiEcSLq42MjOMxKbGm2n7RuKV3jfMOKfqmuIL3fLP+LYtwAmHLHcAC7P/L3y/kJp
F/AapEc5ea/34lmhMxnS2L+wYekHKppLgm+9cRpqQijyWbnNpgJ4u1kuG8jervBY0xzYcra8Qqj4/xmpmhQ79qX1CwAAAAAAAAAAAAAA
AAAAAH4XV7yKVpFitJLy4H65HB5gQn02av+U+VCZkVP08YdwIdL/J59AyCbn83mPxI7YKVXrB2qhohUSSt6/oSxCJBK2/PUTaxyPqQlr
vsdIjg5av6O2DCp944dVlSP3otn/qSPYXEZOuHKhu1RFFOBLrkUaqzIYMl+2V4n5+EIttpwnzheM5Rz8UggWEyckegt/AoNMrnatdNU9
+tkS6MPF7pY29mhu+KJbZYF7TALJrf7z66H8XEyrwuMpmn8Q+Ailsv7Q9EIx/iaK9hC6HtgbEibmd9B8rWdZ0A6yznazOz0IVZB5ZdAp
SXMtajP3OjpMyPzXvsiKcO8c+x8tvp7eQnqXT18QuOmre8+I8KGEgdPabsWSmcny9vvsh1RSpop3mbzIDs1kaS8fZLP6jBS4k2p+EIYz
eI2tsr94zj8pnL+bqGdwTMaBFLVEFOY74zDB5GA3AKY+vMEIi5JoNo754zD9LZiJFjcxh43bFbUOWnxh+/BIMvhm7bPYIx8ehq53AatN
xmQ5DDUPNp5XOZU1gGUFE6w0pT2J8wdmrxxoAMByNesxRG9YwHlp1wHlIbLaR6799aGBL1DguKzOFSlMAGzMevCAAniblDABgm0F1VsU
rgZ5C5KbTRo2N5XBgAAAAP///////9IcHPmBkdIcHPmBkfCbZtI84JQAAABkABEVAAZkZW1vQVABCIKEi5YkMEhsAwELBQQBAgAABwZL
UiABDYAgAQAjAhMAKgEEMgQMEhhgMBQBAAAPrAQBAAAPrAQBAAAPrAIMAC0aLQAb//8AAAAAAAAAAAAAAAAAAAAAAAAAAAA9FgsABAAA
AAAAAAAAAAAAAAAAAAAAAAB/CAQACAAAAABA/xwjAQgAGgCAICACgA0BngAAAAD1//X/ORzHcRwH/wckBAAAAPz//w4mAAOk/yek/0JD
/2Iy//8EJwAAAN0FABYygADdBAAA8P7dCABQ8hECAAAA3R4AkEwECL8MMniBD/r/AAD6/wAgwAUACwAAAMMCAGzdCgAQGAIDABwAAADd
GABQ8gIBAYAAA6QAACekAABCQ14AYjIvAAAAAAAAAAAAAAAAAAAAAO7w84Aw5sUQEzsUkX1rsaNUwmrc6nLTADedAAAAAAAAAAAAAAAA
AABqrgURxny7ixAEPqqW7Ps93hWTtRkpcD7sIu1QNGa898c7NbrXifUNGUNWdpO0HZijRZBP/hYrn2n8OJKpLQ68f/dXF4S1G7JvBRxD
qk/ErZfKiK1Hcx6UGOk/tSISmuGvo8Dj+wQykw2XF+PPfGruSiMr4/xFdVU5BAUi2V+LOAvxcj2JHPpsL1T/9vP699d86skkvM3BoBCa
+8YM2aHRj5rYHKXQPRSHNQr/4Xf8xMzz17/JKVfUFnIulYnRAppIs/N6iFBtqXLDTHaAOvy8APSzz/M+Mf5sR9t/+LQw6+WmoBhHplEc
+KLmBYafqFRgOvDlichb5HQ+EpoyP/XKwZ9DV5hDqIQ3O3URL2yeP6CNFZ9V2w264HNZmz8HZ1sv8Sl59Is9qKYHvRLLn+v6sH9VqgVG
bqfkPGbtaK9pluMDjKg4nsHz5GwE3OF9a8gEXokFbDBEGE3pXlEmopeCZcTxc49S7lzvAWPrYpASCGc4EJIyOilLPzz+vawTR4L5mGYN
LJSI/kWPa+k5bqOk4DWSf034aCgzbNTXcTuJNvhMxm0MVBBHdS7fGlVd+GgeL6zQdtLowlVVtK28f/mxLvq358I2NSg9RgsD8d1tFr3r
V3xQCDoBAAAAAAAASlUZy6ubSlUZy6ubUIZElMX6BgAAAGQAAQAAD0RXRC1TMjIwX2NiYWI5YgEIi5aChAwYMGADAQEHBkNOAAENFDIE
bBIkSN0JGP40AwEAAAAAAAAAAAAAAAAAAAAAAChIWqHHLqYOZ1/YizNgIF6zR890sCFE/Ml5Z9qMWCPFaUABVq08GqP1zuofOTQeBMKJ
/v33qDXD+wEP5YIyYoxwdye568PXnL6vwzGH7gfZdO8d+WSpyYbgowQA/4VnrWmTPsQB90CH823E3Y8w6yGW/Fyj3S0qVZG9kIYyu7PI
Z6KFsbvqdUgJ52/THJ1+7u7LHAXVE0WBaQkmpL5/dDaahXGiPOp2WdMx7siDLJ0XTRtVzI8FsBzh4wtUFDIKHYYAFxn4LVYjT9r/Plos
Suk0/5M10bDkwIxMJNGGs8dXkFtOInBI+7Utb11rUbwX4TvF6zCATmn0vyMpY1AkRY/bYTH1cKb1j7l2ioHd7Nd1/KP8f15p7p+ZcDhm
ArGvu4eGqqS7+5V64eharMnOzZnbSpPkGUY/jAdkkZoc4yfplAAAAAAAAAAAAAAAAAAAAPLTH2EpJLONA3idrJDuPGhmtAC/5q1Kkobl
+tTuQJOX4O4etfLAnL3VRYrvAONDfHzw4O8Rz/Yzh8Y8eL8lEqytuxTREEDVEOkKbDY28ZcA0XAflZ9nkdnfbRRcUsNLVo2BicLJsPZ8
6Rb+x9frIANULO0IaJtIcG1X2ifVrCw0PIpoNDy9jNDGLUsqWX3aLHklimUIsC+3L7jUlhnIWZPhUu2VfZnJiefeAAH08PoyFBXsg/dQ
zH8PgY75eQxZTBQhS3eAbhDy9O3lxqEZGDXaYZ08JLdcd/KjZY+Yhe8EvryIToawGvIxcMM5YGa6p8gq8bY1xjgqIDitHZp1/3PwM6AX
a1phJVzoWKyZrr1ejuq6T+rkigpry7CbQBwFQv1/t5LpGyCxqBD7813cQq3BWC2RrwQC+dmQbRja+kOcO47m20uPOMsauXyuMahhOQgu
NcLhAZs0q39Y9oHO467Adbp2dI7u7DTBUaUAndTIRxeO5+nIJeFqY3eQpvkdffjPS+Dt97A0lMJBS4rNQ3PRvJpx6KPBDtQAAACEcgdR
g/kAAAAAAAAAAAAAAAAAACpfJZcAIAAAAAB+5pY5oRValVrVg8UGqRY2LaodAMcjke5yYkIYXanY15ZzstrwJhalRfURwSiArhqYqBhf
uRTn+WvGINHJKIk6o4WpsVIoKh/ejEPS2/2gbnYAAAAAAAAAAAAAAAAABdBU54fBjtXfaVfq/qjnMBJ40VI/7oYn0H1bait0J5WR7509
6DG/KEvJWp9jryNnQGPEWFGRbBbos8UmbqCwQA5nilcZ2kqCtQYvvvGEyv2TXpAilceK9YXR/PuDgLpPvKctKUVKGorORTDSG6pqjVzw
/+SYuEcgY2YFsnfb3WVQ/w0suG3a9Zf4+TUoL5xqifVEJ+ig3sEhL7qma4QszPbEBjx7bI0zHQy7CeemeQYsc/Oo6A1zkNBG/2akqkNw
2CtikkxDX+cvnfBb7ygifvkHUV5XGOCNl8dHW+SQnwwzu1KYJRwP2UtjvROrQfWhtmhSC6MHw65fdeBQ+ol7DXDasogmJ5X0jnIOMOQT
LkIMZ2mZhAAAAAAAAAAAAAAAAAAAAEYDZlji+PLQ7wAAAAAAAAAAAAAAAAAAAIQVLuU02JLmvTSTQkB6Mqmb0D2kHyW4DbswjNhoR0K/
0vIoWZSCPMOmqBugtrMOCiqmDyDtFnjIbkLyHIvHYugldHSruoZ8yBApNQOtWYRduGWbxNo7egV3xzenis/a4HmVLgad4cBgY6XO8kQp
Mkh61z/N86RbBV4Ur7q9ZM3A13vU0GtFr/zfldOPZbGcgz6ZXFb1841ONnNo49wqXdeCwf/Gh9lcsKUfI9QjwPZtcbrNmBMruo+WB1oy
Ba66/nXDP+TGbvqOx1wS9uE6+R82H69Q9Y8uj5TuLvOxkqGMfu9mLxJtgjXALZlkWfV1iRgOylW12W0nf5+PG6D+tA1XUynHt5ZnrZ5q
1ej1yMFUGOqoJYxDnauiEbGw/lzzrstVO2/FC9UV+zYKbaU6EXv4MNm6DxX+IL3RQRx01GAaxpJFgB+dFdCZ2RFDAqffMs+3b5ztbDVj
XlU+NQsgAh5OoyX8/kkJSqwdz/atoMNUj3C3MRVpLfZiMkWy188UZUdGcK2ImRAXbLNRAzJe9C1kVKCiAAAAAAAAAAAAAAAAAAAAAK3b
3sCUHwRCwA4EQg8SBEIAAAAAAAAAAMAOBEIAAAAAAAAAAAAAAAAAAAAAAAAAAAAAAACt297AyB8EQhASBEJfFQRCAAAAAAAAAAAQEgRC
AAAAAAAAAAAAAAAAAAAAAAAAAAAAAAAArdvewPwfBEJgFQRCrxgEQgAAAAAAAAAAYBUEQgAAAAAAAAAAAAAAAAAAAAAAAAAAAAAAAK3b
3sAwIARCsBgEQv8bBEIAAAAAAAAAALAYBEIAAAAAAAAAAAAAAAAAAAAAAAAAAAAAAACt297AAAAAAAAcBEJPHwRCAAAAAAAAAAAAHARC
AAAAAAAAAAAAAAAAAAAAAAAAAAAAAAAAHqvcugAAAAABAAAAAAAAAAQH//8AAAAAAAAAAAAAAAAAAAAAIAAAAAAAAAAAAAAAAAAAAAAA
AAAAAD8AHqvcugAAAAABAAAAAAAAAAQH//8AAAAAAAAAAAAAAAAAAAAAIAAAAAAAAAAAAAAAAAAAAAAAAAAAAD8AHqvcugAAAAABAAAA
AAAAAAQH//8AAAAAAAAAAAAAAAAAAAAAIAAAACAAAAAgAAAAIAAAAAAiAAAAAD8AHqvcugAAAAABAAAAAAAAAAQH//8AAAAAAAAAAAAA
AAAAAAAAIAAAACAAAAAgAAAAIAAAAAAiAAAAAD8AHqvcugAAAAABAAAAAAAAAAQH//8AAAAAAAAAAAAAAAAAAAAAIAAAACAAAAAgAAAA
IAAAAAAiAAAAAD8AHqvcugAAAAABAAAAAAAAAAQH//8AAAAAAAAAAAAAAAAAAAAAIAAAACAAAAAgAAAAIAAAAAAiAAAAAD8AHqvcugAA
AAABAAAAAAAAAAQH//8AAAAAAAAAAAAAAAAAAAAAIAAAACAAAAAgAAAAIAAAAAAiAAAAAD8AHqvcugAAAAAAAAAAAAAAAAAAAAAAAAAA
AAAAAAAAAAAAAAAAAAAAAAAAAAAAAAAAAAAAAAAAAAAAAAAAHqvcugAAAAAAAAAAAAAAAAAAAAAAAAAAAAAAAAAAAAAAAAAAAAAAAAAA
AAAAAAAAAAAAAAAAAAAAAAAAHqvcugAAAAAAAAAAAAAAAAAAAAAAAAAAAAAAAAAAAAAAAAAAAAAAAAAAAAAAAAAAAAAAAAAAAAAAAAAA
HqvcugAAAAAAAAAAAAAAAAAAAAAAAAAAAAAAAAAAAAAAAAAAAAAAAAAAAAAAAAAAAAAAAAAAAAAAAAAAHqvcugAAAAAAAAAAAAAAAAAA
AAAAAAAAAAAAAAAAAAAAAAAAAAAAAAAAAAAAAAAAAAAAAAAAAAAAAAAAHqvcugAAAAAAAAAAAAAAAAAAAAAAAAAAAAAAAAAAAAAAAAAA
AAAAAAAAAAAAAAAAAAAAAAAAAAAAAAAAHqvcugAAAAAAAAAAAAAAAAAAAAAAAAAAAAAAAAAAAAAAAAAAAAAAAAAAAAAAAAAAAAAAAAAA
AAAAAAAAHqvcugAAAAAAAAAAAAAAAAAAAAAAAAAAAAAAAAAAAAAAAAAAAAAAAAAAAAAAAAAAAAAAAAAAAAAAAAAAAAAAAAAAAAAAAAAA
AAAAAAAAAAAECwFCAAAAAAAAAAAAAAAAAAAAAAAAAAAAAAAAAAAAAAAAAAAAAAAAAAAAAAAAAAAAAAAA3vr+ygAAAAAAAAAAAAAAAAAA
AAAAAAAAAAAAAAAAAAAAAAAAAAAAAAAAAAAAAAAAAAAAAAAAAAAAAAAAAAAAAAAAAAAAAAAAAAAAAAAAAAAAAAAAAAAAAAAAAAAAAAAA
AAAAAAAAAAAAAAAAAAAAAAAAAAAAAAAAAAAAAAAAAAAAAAAAAAAAAAAAAAAAAAAAAAAAAAAAAAAAAAAAAAAAAAAAAAAAAAAAAAAAAAAA
AAAAAAAAAAAAAB6r3LoAAAAAAQAAAAAAAAAEB///AAQAAAAAAAAAAAAAAAAAABgAAAAAAAAAAAAAAAAAAAAAAAAAAAAAAAAAAAAAAAAA
AAAAAAAAAAAAAAAAAAAAAAAAAAAAAAAAQAAAAP///////wAAAAAAAP///////yAGAAAAAAAAAAAAAAAAAAAAAAAAAAAAAAAAAAAAAAAA
AAAAAAAAAAAAAAAAAAAAAAAAAAAAAAAAAAAAAAAAAAAAAAAAAAAAAAAAAAAAAAAAAAAAAAAAAAAAAAAAAAAAAAAAAAAAAAAAAAAAAAAA
AAAAAAAAAAAAAAAAAAAAAAAAAAAAAAAAAAAAAAAAAAAAAAAAAAAAAAAAAAAAAAAAAAAAAAAAAAAAAAAAAAAAAAAAAAAAAAAAAAAAAAAA
AAAAAAAAAAAAAAAAAAAAAAAAAAAAAAAAAAAAAAAAAAAAAAAAAAAAAAAAAAAAAAAAAAAAAAAAAAAAAAAAAAAAAAAAAAAAAAAAAAAAAAAA
AAAAAAAAAAAAAAAAAAAAAAAAAAAAAAAAAAAAAAAAAAAAAAAAAAAAAAAAAAAAAAAAAAAAAAAAAAAAAAAAAAAAAAAAAAAAAAAAAAAAAAAA
AAAAAAAAAAAAAAAAAAAAAAAAAAAAAAAAAAAAAAAAAAAAAAAAAAAAAAAAAAAAAAAAAAAAAAAAAAAAAAAAAAAAAAAAAAAAAAAAAAAAAAAA
AAAAAAAAAAAAAAAAAAAAAAAAAAAAAAAAAAAAAAAAAAAAAAAAAAAAAAAAAAAAAAAAAAAAAAAAAAAAAAAAAAAAAAAAAAAAAAAAAAAAAAAA
AAAAAAAAAAAAANwLAUIAAAAAAAAAAAAAAAAAAAAAAAAAAAAAAAAAAAAAAAAAAAAAAAAAAAAAAAAAAAAAAADe+v7KAAAAAAAAAAAAAAAA
AAAAAAAAAAAAAAAAAAAAAAAAAAAAAAAAAAAAAAAAAAAAAAAAAAAAAAAAAAAAAAAAAAAAAAAAAAAAAAAAAAAAAAAAAAAAAAAAAAAAAAAA
AAAAAAAAAAAAAAAAAAAAAAAAAAAAAAAAAAAAAAAAAAAAAAAAAAAAAAAAAAAAAAAAAAAAAAAAAAAAAAAAAAAAAAAAAAAAAAAAAAAAAAAA
AAAAAAAAAAAAAAAAHqvcugAAAAABAAAAAAAAAAQH//8ABAAAAAAAAAAAAAAAAAAAGAAAAAAAAAAAAAAAAAAAAAAAAAAAAAAAAAAAAAAA
AAAAAAAAAAAAAAAAAAAAAAAAAAAAAAAAAABAAAAA////////AAAAAAAA////////QAYAAAAAAAAAAAAAAAAAAAAAAAAAAAAAAAAAAAAA
AAAAAAAAAAAAAAAAAAAAAAAAAAAAAAAAAAAAAAAAAAAAAAAAAAAAAAAAAAAAAAAAAAAAAAAAAAAAAAAAAAAAAAAAAAAAAAAAAAAAAAAA
AAAAAAAAAAAAAAAAAAAAAAAAAAAAAAAAAAAAAAAAAAAAAAAAAAAAAAAAAAAAAAAAAAAAAAAAAAAAAAAAAAAAAAAAAAAAAAAAAAAAAAAA
AAAAAAAAAAAAAAAAAAAAAAAAAAAAAAAAAAAAAAAAAAAAAAAAAAAAAAAAAAAAAAAAAAAAAAAAAAAAAAAAAAAAAAAAAAAAAAAAAAAAAAAA
AAAAAAAAAAAAAAAAAAAAAAAAAAAAAAAAAAAAAAAAAAAAAAAAAAAAAAAAAAAAAAAAAAAAAAAAAAAAAAAAAAAAAAAAAAAAAAAAAAAAAAAA
AAAAAAAAAAAAAAAAAAAAAAAAAAAAAAAAAAAAAAAAAAAAAAAAAAAAAAAAAAAAAAAAAAAAAAAAAAAAAAAAAAAAAAAAAAAAAAAAAAAAAAAA
AAAAAAAAAAAAAAAAAAAAAAAAAAAAAAAAAAAAAAAAAAAAAAAAAAAAAAAAAAAAAAAAAAAAAAAAAAAAAAAAAAAAAAAAAAAAAAAAAAAAAAAA
AAAAAAAAAAAAAAAAtAwBQgAAAAAAAAAAAAAAAAAAAAAAAAAAAAAAAAAAAAAAAAAAAAAAAAAAAAAAAAAAAAAAAN76/soAAAAAAAAAAAAA
AAAAAAAAAAAAAAAAAAAAAAAAAAAAAAAAAAAAAAAAAAAAAAAAAAAAAAAAAAAAAAAAAAAAAAAAAAAAAAAAAAAAAAAAAAAAAAAAAAAAAAAA
AAAAAAAAAAAAAAAAAAAAAAAAAAAAAAAAAAAAAAAAAAAAAAAAAAAAAAAAAAAAAAAAAAAAAAAAAAAAAAAAAAAAAAAAAAAAAAAAAAAAAAAA
AAAAAAAAAAAAAAAAAAAeq9y6AAAAAAEAAAAAAAAABAf//wAEAAAAAAAAAAAAAAAAAAAYAAAAAAAAAAAAAAAAAAAAAAAAAAAAAAAAAAAA
AAAAAAAAAAAAAAAAAAAAAAAAAAAAAAAAAAAAAEAAAAD///////8AAAAAAAD///////9gBgAAAAAAAAAAAAAAAAAAAAAAAAAAAAAAAAAA
AAAAAAAAAAAAAAAAAAAAAAAAAAAAAAAAAAAAAAAAAAAAAAAAAAAAAAAAAAAAAAAAAAAAAAAAAAAAAAAAAAAAAAAAAAAAAAAAAAAAAAAA
AAAAAAAAAAAAAAAAAAAAAAAAAAAAAAAAAAAAAAAAAAAAAAAAAAAAAAAAAAAAAAAAAAAAAAAAAAAAAAAAAAAAAAAAAAAAAAAAAAAAAAAA
AAAAAAAAAAAAAAAAAAAAAAAAAAAAAAAAAAAAAAAAAAAAAAAAAAAAAAAAAAAAAAAAAAAAAAAAAAAAAAAAAAAAAAAAAAAAAAAAAAAAAAAA
AAAAAAAAAAAAAAAAAAAAAAAAAAAAAAAAAAAAAAAAAAAAAAAAAAAAAAAAAAAAAAAAAAAAAAAAAAAAAAAAAAAAAAAAAAAAAAAAAAAAAAAA
AAAAAAAAAAAAAAAAAAAAAAAAAAAAAAAAAAAAAAAAAAAAAAAAAAAAAAAAAAAAAAAAAAAAAAAAAAAAAAAAAAAAAAAAAAAAAAAAAAAAAAAA
AAAAAAAAAAAAAAAAAAAAAAAAAAAAAAAAAAAAAAAAAAAAAAAAAAAAAAAAAAAAAAAAAAAAAAAAAAAAAAAAAAAAAAAAAAAAAAAAAAAAAAAA
AAAAAAAAAAAAAAAAAACMDQFCAAAAAAAAAAAAAAAAAAAAAAAAAAAAAAAAAAAAAAAAAAAAAAAAAAAAAAAAAAAAAAAA3vr+ygAAAAAAAAAA
AAAAAAAAAAAAAAAAAAAAAAAAAAAAAAAAAAAAAAAAAAAAAAAAAAAAAAAAAAAAAAAAAAAAAAAAAAAAAAAAAAAAAAAAAAAAAAAAAAAAAAAA
AAAAAAAAAAAAAAAAAAAAAAAAAAAAAAAAAAAAAAAAAAAAAAAAAAAAAAAAAAAAAAAAAAAAAAAAAAAAAAAAAAAAAAAAAAAAAAAAAAAAAAAA
AAAAAAAAAAAAAAAAAAAAAB6r3LoAAAAAAQAAAAAAAAAEB///AAQAAAAAAAAAAAAAAAAAABgAAAAAAAAAAAAAAAAAAAAAAAAAAAAAAAAA
AAAAAAAAAAAAAAAAAAAAAAAAAAAAAAAAAAAAAAAAQAAAAP///////wAAAAAAAP///////4AGAAAAAAAAAAAAAAAAAAAAAAAAAAAAAAAA
AAAAAAAAAAAAAAAAAAAAAAAAAAAAAAAAAAAAAAAAAAAAAAAAAAAAAAAAAAAAAAAAAAAAAAAAAAAAAAAAAAAAAAAAAAAAAAAAAAAAAAAA
AAAAAAAAAAAAAAAAAAAAAAAAAAAAAAAAAAAAAAAAAAAAAAAAAAAAAAAAAAAAAAAAAAAAAAAAAAAAAAAAAAAAAAAAAAAAAAAAAAAAAAAA
AAAAAAAAAAAAAAAAAAAAAAAAAAAAAAAAAAAAAAAAAAAAAAAAAAAAAAAAAAAAAAAAAAAAAAAAAAAAAAAAAAAAAAAAAAAAAAAAAAAAAAAA
AAAAAAAAAAAAAAAAAAAAAAAAAAAAAAAAAAAAAAAAAAAAAAAAAAAAAAAAAAAAAAAAAAAAAAAAAAAAAAAAAAAAAAAAAAAAAAAAAAAAAAAA
AAAAAAAAAAAAAAAAAAAAAAAAAAAAAAAAAAAAAAAAAAAAAAAAAAAAAAAAAAAAAAAAAAAAAAAAAAAAAAAAAAAAAAAAAAAAAAAAAAAAAAAA
AAAAAAAAAAAAAAAAAAAAAAAAAAAAAAAAAAAAAAAAAAAAAAAAAAAAAAAAAAAAAAAAAAAAAAAAAAAAAAAAAAAAAAAAAAAAAAAAAAAAAAAA
AAAAAAAAAAAAAAAAAAAAAGQOAUIAAAAAAAAAAAAAAAAAAAAAAAAAAAAAAAAAAAAAAAAAAAAAAAAAAAAAAAAAAAAAAADe+v7KAAAAAAAA
AAAAAAAAAAAAAAAAAAAAAAAAAAAAAAAAAAAAAAAAAAAAAAAAAAAAAAAAAAAAAAAAAAAAAAAAAAAAAAAAAAAAAAAAAAAAAAAAAAAAAAAA
AAAAAAAAAAAAAAAAAAAAAAAAAAAAAAAAAAAAAAAAAAAAAAAAAAAAAAAAAAAAAAAAAAAAAAAAAAAAAAAAAAAAAAAAAAAAAAAAAAAAAAAA
AAAAAAAAAAAAAAAAAAAAAAAAHqvcugAAAAABAAAAAAAAAAQH//8ABAAAAAAAAAAAAAAAAAAAGAAAAAAAAAAAAAAAAAAAAAAAAAAAAAAA
AAAAAAAAAAAAAAAAAAAAAAAAAAAAAAAAAAAAAAAAAABAAAAA////////AAAAAAAA////////oAUAAAAAAAAAAAAAAAAAAAAAAAAAAAAA
AAAAAAAAAAAAAAAAAAAAAAAAAAAAAAAAAAAAAAAAAAAAAAAAAAAAAAAAAAAAAAAAAAAAAAAAAAAAAAAAAAAAAAAAAAAAAAAAAAAAAAAA
AAAAAAAAAAAAAAAAAAAAAAAAAAAAAAAAAAAAAAAAAAAAAAAAAAAAAAAAAAAAAAAAAAAAAAAAAAAAAAAAAAAAAAAAAAAAAAAAAAAAAAAA
AAAAAAAAAAAAAAAAAAAAAAAAAAAAAAAAAAAAAAAAAAAAAAAAAAAAAAAAAAAAAAAAAAAAAAAAAAAAAAAAAAAAAAAAAAAAAAAAAAAAAAAA
AAAAAAAAAAAAAAAAAAAAAAAAAAAAAAAAAAAAAAAAAAAAAAAAAAAAAAAAAAAAAAAAAAAAAAAAAAAAAAAAAAAAAAAAAAAAAAAAAAAAAAAA
AAAAAAAAAAAAAAAAAAAAAAAAAAAAAAAAAAAAAAAAAAAAAAAAAAAAAAAAAAAAAAAAAAAAAAAAAAAAAAAAAAAAAAAAAAAAAAAAAAAAAAAA
AAAAAAAAAAAAAAAAAAAAAAAAAAAAAAAAAAAAAAAAAAAAAAAAAAAAAAAAAAAAAAAAAAAAAAAAAAAAAAAAAAAAAAAAAAAAAAAAAAAAAAAA
AAAAAAAAAAAAAAAAAAAAAAAAPA8BQgAAAAAAAAAAAAAAAAAAAAAAAAAAAAAAAAAAAAAAAAAAAAAAAAAAAAAAAAAAAAAAAN76/soAAAAA
AAAAAAAAAAAAAAAAAAAAAAAAAAAAAAAAAAAAAAAAAAAAAAAAAAAAAAAAAAAAAAAAAAAAAAAAAAAAAAAAAAAAAAAAAAAAAAAAAAAAAAAA
AAAAAAAAAAAAAAAAAAAAAAAAAAAAAAAAAAAAAAAAAAAAAAAAAAAAAAAAAAAAAAAAAAAAAAAAAAAAAAAAAAAAAAAAAAAAAAAAAAAAAAAA
AAAAAAAAAAAAAAAAAAAAAAAAAAAeq9y6AAAAAAEAAAAAAAAABAf//wAEAAAAAAAAAAAAAAAAAAAYAAAAAAAAAAAAAAAAAAAAAAAAAAAA
AAAAAAAAAAAAAAAAAAAAAAAAAAAAAAAAAAAAAAAAAAAAAEAAAAD///////8AAAAAAAD////////ABQAAAAAAAAAAAAAAAAAAAAAAAAAA
AAAAAAAAAAAAAAAAAAAAAAAAAAAAAAAAAAAAAAAAAAAAAAAAAAAAAAAAAAAAAAAAAAAAAAAAAAAAAAAAAAAAAAAAAAAAAAAAAAAAAAAA
AAAAAAAAAAAAAAAAAAAAAAAAAAAAAAAAAAAAAAAAAAAAAAAAAAAAAAAAAAAAAAAAAAAAAAAAAAAAAAAAAAAAAAAAAAAAAAAAAAAAAAAA
AAAAAAAAAAAAAAAAAAAAAAAAAAAAAAAAAAAAAAAAAAAAAAAAAAAAAAAAAAAAAAAAAAAAAAAAAAAAAAAAAAAAAAAAAAAAAAAAAAAAAAAA
AAAAAAAAAAAAAAAAAAAAAAAAAAAAAAAAAAAAAAAAAAAAAAAAAAAAAAAAAAAAAAAAAAAAAAAAAAAAAAAAAAAAAAAAAAAAAAAAAAAAAAAA
AAAAAAAAAAAAAAAAAAAAAAAAAAAAAAAAAAAAAAAAAAAAAAAAAAAAAAAAAAAAAAAAAAAAAAAAAAAAAAAAAAAAAAAAAAAAAAAAAAAAAAAA
AAAAAAAAAAAAAAAAAAAAAAAAAAAAAAAAAAAAAAAAAAAAAAAAAAAAAAAAAAAAAAAAAAAAAAAAAAAAAAAAAAAAAAAAAAAAAAAAAAAAAAAA
AAAAAAAAAAAAAAAAAAAAAAAAAAAUEAFCAAAAAAAAAAAAAAAAAAAAAAAAAAAAAAAAAAAAAAAAAAAAAAAAAAAAAAAAAAAAAAAA3vr+ygAA
AAAAAAAAAAAAAAAAAAAAAAAAAAAAAAAAAAAAAAAAAAAAAAAAAAAAAAAAAAAAAAAAAAAAAAAAAAAAAAAAAAAAAAAAAAAAAAAAAAAAAAAA
AAAAAAAAAAAAAAAAAAAAAAAAAAAAAAAAAAAAAAAAAAAAAAAAAAAAAAAAAAAAAAAAAAAAAAAAAAAAAAAAAAAAAAAAAAAAAAAAAAAAAAAA
AAAAAAAAAAAAAAAAAAAAAAAAAAAAAB6r3LoAAAAAAQAAAAAAAAAEB///AAQAAAAAAAAAAAAAAAAAABgAAAAAAAAAAAAAAAAAAAAAAAAA
AAAAAAAAAAAAAAAAAAAAAAAAAAAAAAAAAAAAAAAAAAAAAAAAQAAAAP///////wAAAAAAAP///////+AFAAAAAAAAAAAAAAAAAAAAAAAA
AAAAAAAAAAAAAAAAAAAAAAAAAAAAAAAAAAAAAAAAAAAAAAAAAAAAAAAAAAAAAAAAAAAAAAAAAAAAAAAAAAAAAAAAAAAAAAAAAAAAAAAA
AAAAAAAAAAAAAAAAAAAAAAAAAAAAAAAAAAAAAAAAAAAAAAAAAAAAAAAAAAAAAAAAAAAAAAAAAAAAAAAAAAAAAAAAAAAAAAAAAAAAAAAA
AAAAAAAAAAAAAAAAAAAAAAAAAAAAAAAAAAAAAAAAAAAAAAAAAAAAAAAAAAAAAAAAAAAAAAAAAAAAAAAAAAAAAAAAAAAAAAAAAAAAAAAA
AAAAAAAAAAAAAAAAAAAAAAAAAAAAAAAAAAAAAAAAAAAAAAAAAAAAAAAAAAAAAAAAAAAAAAAAAAAAAAAAAAAAAAAAAAAAAAAAAAAAAAAA
AAAAAAAAAAAAAAAAAAAAAAAAAAAAAAAAAAAAAAAAAAAAAAAAAAAAAAAAAAAAAAAAAAAAAAAAAAAAAAAAAAAAAAAAAAAAAAAAAAAAAAAA
AAAAAAAAAAAAAAAAAAAAAAAAAAAAAAAAAAAAAAAAAAAAAAAAAAAAAAAAAAAAAAAAAAAAAAAAAAAAAAAAAAAAAAAAAAAAAAAAAAAAAAAA
AAAAAAAAAAAAAAAAAAAAAAAAAAAAAOwQAUIAAAAAAAAAAAAAAAAAAAAAAAAAAAAAAAAAAAAAAAAAAAAAAAAAAAAAAAAAAAAAAADe+v7K
AAAAAAAAAAAAAAAAAAAAAAAAAAAAAAAAAAAAAAAAAAAAAAAAAAAAAAAAAAAAAAAAAAAAAAAAAAAAAAAAAAAAAAAAAAAAAAAAAAAAAAAA
AAAAAAAAAAAAAAAAAAAAAAAAAAAAAAAAAAAAAAAAAAAAAAAAAAAAAAAAAAAAAAAAAAAAAAAAAAAAAAAAAAAAAAAAAAAAAAAAAAAAAAAA
AAAAAAAAAAAAAAAAAAAAAAAAAAAAAAAAHqvcugAAAAABAAAAAAAAAAQH//8ABAAAAAAAAAAAAAAAAAAAGAAAAAAAAAAAAAAAAAAAAAAA
AAAAAAAAAAAAAAAAAAAAAAAAAAAAAAAAAAAAAAAAAAAAAAAAAABAAAAA////////AAAAAAAA////////AAYAAAAAAAAAAAAAAAAAAAAA
AAAAAAAAAAAAAAAAAAAAAAAAAAAAAAAAAAAAAAAAAAAAAAAAAAAAAAAAAAAAAAAAAAAAAAAAAAAAAAAAAAAAAAAAAAAAAAAAAAAAAAAA
AAAAAAAAAAAAAAAAAAAAAAAAAAAAAAAAAAAAAAAAAAAAAAAAAAAAAAAAAAAAAAAAAAAAAAAAAAAAAAAAAAAAAAAAAAAAAAAAAAAAAAAA
AAAAAAAAAAAAAAAAAAAAAAAAAAAAAAAAAAAAAAAAAAAAAAAAAAAAAAAAAAAAAAAAAAAAAAAAAAAAAAAAAAAAAAAAAAAAAAAAAAAAAAAA
AAAAAAAAAAAAAAAAAAAAAAAAAAAAAAAAAAAAAAAAAAAAAAAAAAAAAAAAAAAAAAAAAAAAAAAAAAAAAAAAAAAAAAAAAAAAAAAAAAAAAAAA
AAAAAAAAAAAAAAAAAAAAAAAAAAAAAAAAAAAAAAAAAAAAAAAAAAAAAAAAAAAAAAAAAAAAAAAAAAAAAAAAAAAAAAAAAAAAAAAAAAAAAAAA
AAAAAAAAAAAAAAAAAAAAAAAAAAAAAAAAAAAAAAAAAAAAAAAAAAAAAAAAAAAAAAAAAAAAAAAAAAAAAAAAAAAAAAAAAAAAAAAAAAAAAAAA
AAAAAB6r3LoAAAAAAQAAAAAAAAAEB///AAQAAAAAAAAAAAAAAAAAAAAAAAAAAAAAAAAAAAAAAAAAAAAAAAAAAAAAAAAAAAAAAAAAAAAA
AAAAAAAAAAAAAAAAAAAAAAAAAAAAAAAAAAAAAAAAAAAAAAAAAAAAAAAAAAAAAAAAAAAAAAAAAAAAAAAAAAAAAAAAAAAAAAAAAAAAAAAA
AAAAAAAAAAAAAAAAAAAAAAAAAAAAAAAAAAAAAAAAAAAAAAAAAAAAAAAAAAAAAAAAAAAAAAAAAAAAAAAAAAAAAAAAAAAAAAAAAAAAAAAA
AAAAAAAAAAAAAAAAAAAAAAAAAAAAAAAAAAAAAAAAAAAAAAAAAAAAAAAAAAAAAAAAAAAAAAAAAAAAAAAAAAAAAAAAAAAAAAAAAAAAAAAA
AAAAAAAAAAAAAAAAAAAAAAAAAAAAAAAAAAAAAAAAAAAAAAAAAAAAAAAAAAAAAAAAAAAAAAAAAAAAAAAAAAAAAAAAAAAAAAAAAAAAAAAA
AAAAAAAAAAAAAAAAAAAAAAAAAAAAAAAAAAAAAAAAAAAAAAAAAAAAAAAAAAAAAAAAAAAAAAAAAAAAAAAAAAAAAAAAAAAAAAAAAAAAAAAA
AAAAAAAAAAAAAAAAAAAAAAAAAAAAAAAAAAAAAAAAAAAAAAAAAAAAAAAAAAAAAAAAAAAAAAAAAAAAAAAAAAAAAAAAAAAAAAAAAAAAAAAA
AAAAAAAAAAAAAAAAAAAAAAAAAAAAAAAAAAAAAAAAAAAAAAAAAAAAAAAAAAAAAAAAAAAAAAAAAAAAAAAAAAAAAAAAAAAAAAAAAAAAAAAA
AAAAAAAAAAAAAAAAAAAAAAAAAAAAAAAAAAAAAAAAAAAAAAAAAAAAAAAAAAAAAAAAAAAAAAAAAAAAAAAAAAAAAAAAAAAAAAAAAAAAAAAA
AAAAAAAAAAAAAAAAAAAAAAAAAAAAAAAAAAAAAAAAAAAAAAAAAAAAAAAAAAAAAAAAAAAAAAAAAAAAAAAAAAAAAAAAAAAAAAAAAAAAAAAA
AAAAAAAAAAAAAAAAAAAAAAAAAAAAAAAAAAAAAAAAAAAAAAAAAAAAAAAAAAAAAAAAAAAAAAAAAAAAAAAAAAAAAAAAAAAAAAAAAAAAAAAA
AAAAAAAAAAAAAAAAAAAAAAAAAAAAAAAAAAAAAAAAAAAAAAAAAAAAAAAAAAAAAAAAAAAAAAAAAAAAAAAAAAAAAAAAAAAAAAAAAAAAAAAA
AAAAAAAAAAAAAAAAAAAAAAAAAAAAAAAAAAAAAAAAAAAAAAAAAAAAAAAAAAAAAAAAAAAAAAAAAAAAAAAAAAAAAAAAAAAAAAAAAAAAAAAA
AAAAAAAAAAAAAAAAAAAAAAAAAAAAAAAAAAAAAAAAAAAAAAAAAAAAAAAAAAAAAAAAAAAAAAAAAAAAAAAAAAAAAAAAAAAAAAAAAAAAAAAA
AAAAAAAAAAAAAAAAAAAAAAAAAAAAAAAAAAAAAAAAAAAAAAAAAAAAAAAAAAAAAAAAAAAAAAAAAAAAAAAAAAAAAAAAAAAAAAAAAAAAAAAA
AAAAAAAAAAAAAAAAAAAAAAAAAAAAAAAAAAAAAAAAAAAAAAAAAAAAAAAAAAAAAAAAAAAAAAAAAAAAAAAAAAAAAAAAAAAAAAAAAAAAAAAA
AAAAAAAAAAAAAAAAAAAAAAAAAAAAAAAAAAAAAAAAAAAAAAAAAAAAAAAAAAAAAAAAAAAAAAAAAAAAAAAAAAAAAAAAAAAAAAAAAAAAADBG
BEK+uv7KAAAAAAAAAAAoRwRCRCUEQl0lBEJHAAAAAAAAAAAAAADoJARCAAAAAAAAAAAAAAAAAAAAAAABAAAAAICAQgEAAERGBEK+uv7K
AAAAAAAAAAAoRwRCoCgEQrkoBEJHAAAAAAAAAAAAAABEKARCAAAAAAAAAAAAAAAAAAAAAAABAAAAAICAQgEAAFhGBEK+uv7KAAAAAAAA
AAAoRwRC/CsEQhUsBEJHAAAAAAAAAAAAAACgKwRCAAAAAAAAAAAAAAAAAAAAAAABAAAAAICAQgEAAGxGBEK+uv7KAAAAAAAAAAAoRwRC
WC8EQnEvBEJHAAAAAAAAAAAAAAD8LgRCAAAAAAAAAAAAAAAAAAAAAAABAAAAAICAQgEAAIBGBEK+uv7KAAAAAAAAAAAoRwRCtDIEQs0y
BEJHAAAAAAAAAAAAAABYMgRCAAAAAAAAAAAAAAAAAAAAAAABAAAAAICAFAEAAJRGBEK+uv7KAAAAAAAAAAAoRwRCEDYEQik2BEJHAAAA
AAAAAAAAAAC0NQRCAAAAAAAAAAAAAAAAAAAAAAABAAAAAICAFAEAAKhGBEK+uv7KAAAAAAAAAAAoRwRCbDkEQoU5BEJHAAAAAAAAAAAA
AAAQOQRCAAAAAAAAAAAAAAAAAAAAAAABAAAAAICAFAEAALxGBEK+uv7KAAAAAAAAAAAoRwRCyDwEQuE8BEJHAAAAAAAAAAAAAABsPARC
AAAAAAAAAAAAAAAAAAAAAAABAAAAAICAFAEAAAAAAAAAAAAAAAAAAAAAAAAAAICAAAAAAAAAAAAAAAAAAAAAAAAAgIAAAAAAAAAAAAAA
AAAAAAAAAACAgAAAAAAAAAAAAAAAAAAAAAAAAICAAAAAAAAAAAAAAAAAAAAAAAAAgIAAAAAAAAAAAAAAAAAAAAAAAACAgAAAAAAAAAAA
AAAAAAAAAAAAAICAAAAAAAAAAAAAAAAAAAAAAAAAgIAAAAAAAAAAAAAAAAAAAAAAAAAAAAAAAAAAAAAAAAAAAAAAAAAAAAAAAAAAAAAA
AAAAAAAAAAAAAAAAAAAAAAAAAAAAAAAAAAAAAAAAAAAAAAAAAAAAAAAA3vr+ygAAAAA8RwRCZEcEQgAAAIABCAwSGCQwSGBsAwENLRoM
AQP/AAAAAAAAAAAAQQAAAAAAAAAAAAAAAAAAAAAAAAAAAAAAAAAAAAAAAAAAAAAAAAAAAAAAAAAAAAAAAAAAAAAAAAAAAAAAAAAAAAAA
AAAAAAAAAAAAAAAAAAAAAAAAAAAAAAAAAAAAAAAAAAAAAAAAAAAAAAAAAAAAAAAAAAAAAAAAAAAAAAAAAAAAAAAAAAAAAAAAAAAAAAAA
AAAAAAAAAAAAAAAAAAAAAAAAAAAAAAAAAAAAAAAAAAAAAAAAAAAAAAAAAAAAAAAAAAAAAAAAAAAAAAAAAAAAAAAAAAAAAAAAAAAAAAAA
AAAAAAAAAAAAAAAAAAAAAAAAAAAAAAAAAAAAAAAAAAAAAAAAAAAAAAAAAAAAAAAAAAAAAAAAAAAAAAAAAAAAAAAAAAAAAAAAAAAAAAAA
AAAAAAAAAAAAAAAAAAAAAAAAAAAAAAAAAAAAAAAAAAAAAAAAAAAAAAAAAAAAAAAAAAAAAAAAAAAAAAAAAAAAAAAAAAAAAAAAAAAAAAAA
AAAAAAAAAAAAAAAAAAAAAAAAAAAAAAAAAAAAAAAAAAAAAAAAAAAAAAAAAAAAAAAAAAAAAAAAAAAAAAAAAAAAAAAAAAAAAAAAAAAAAAAA
AAAAAAAAAAAwAAAAAQAAAAAAAAAAAAAAAAAAQAAAAAAAAFzDAAAAAAAAAAAAQAAAVEwEIwAAAABIAAAAAQAAAMBJBEJ5jAIActEEI4x/
DCNgADAAAQAAAAAAAAAxmAIActEEI5R/DCN4AEgAAQAAAGBJBEKFigIActEEI5x/DCOQAGAAAQAAAJBJBEL1iAIActEEI6R/DCOoAHgA
AQAAAHhJBEJ5jAIActEEI6x/DCMAQJAAAAAAAAAAAADoSQRCRQFFAYIAAACAAAAA////////0hwc+YGR0hwc+YGR8Jtm0jzglAAAAGQA
ERUABmRlbW9BUAEIgoSLliQwSGwDAQsFBAECAAAHBktSIAENgCABACMCEwAqAQQyBAwSGGAwFAEAAA+sBAEAAA+sBAEAAA+sAgwALRot
ABv//wAAAAAAAAAAAAAAAAAAAAAAAAAAAD0WCwAEAAAAAAAAAAAAAAAAAAAAAAAAAH8IBAAIAAAAAED/HCMBCAAaAIAgIAKADQGeAAAA
APX/9f85HMdxHAf/ByQEAAAA/P//DiYAA6T/J6T/QkP/YjL//wQnAAAA3QUAFjKAAN0EAADw/t0IAFDyEQIAAADdHgCQTAQIvwwyeIEP
+v8AAPr/ACDABQALAAAAwwIAbN0KABAYAgMAHAAAAN0YAFDyAgEBgAADpAAAJ6QAAEJDXgBiMi8As8dXkFtOInBI+7Utb11rUbwX4TvF
6zCATmn0vyMpY1AkRY/bYTH1cKb1j7l2ioHd7Nd1/KP8f15p7p+ZcDhmArGvu4eGqqS7+5V64eharMnOzZnbSpPkGUY/jAdkkZoc4yfp
lPjy0O9cAAoAAADdCQAQGAIEABwAAN0YAFDyAgEBhAADpAAAJ6QAAEJDXgBiMi8A3QdQb5oWAQEApAAAJ6QAAEJDXgBiMi8A3QdQb5oW
AQEA3R4AHQ8QAWMAAEDtAC7+yEDtAC7+yN2yAAD+yAABAAABAYQAA6QAACekAABCQ14AYjIvAAzrVNkUnSi+HpeagTMx2F7SO8B6Hh7M
XTgP/aXKj0sAAAAAAAAAAAAAAAAAAAAAAAAAAAAAAAAAAAAAAAAAAAAAAAAAAAAAAAAAAAAAAAAAAAAAAAAAAAAAAAAAAAAAAAAAAAAA
AAAAAAAAAAAAAAAAAAAAAAAAAAAAAAAAAAAAAAAAAAAAAAAAAAAAAAAAAAAAAAAAAAAAAAAAAAAAAAAAAAAAAAAAAAAAAAAAAAAAAAAA
AAAAAAAAAAAAAAAAAAAAAAAAAAAAAAAAAECoAAAAAAAAAAAAAAAAAAAAAAAAAAAAAAAAAAAAAAAAAAAAAAAAAAAAAAAAAAAAAAAAAAAA
AAAAAAAAAAAAAAAAAAAAAAAAAAAAAAAAAAAAAAAAAAAAAAAAAAAAAAAAAAAAAAAAAAAAAAAAAAAAAAAAAAAAAAAAAAAAAAAAAAAAAAAA
AAAAAAAAAAAAAAAAAAAAAAAAAAAAAAAAAAAAAAAAAAAAAAAAAAAAAAAAAAAAAAAAAAAAAAAAAAAAAAAAAAAAAAAAAAAAAAAAAAAAAAAA
AAAAAAAAAAAAAAAAAAAAAAAAAAAAAAAAAAAAAAAAAAAAAAAAAAAAAAAAAAAAAAAAAAAAAAAAAAAAAAAAAAAAAAAAAAAAAAAAAAAAAAAA
AAAAAAAAAAAAAAAAAAAAAAAAAAAAAAAAAAAAAAAAAAAAAAAAAAAAAAAAAAAAAAAAAAAAAAAAAAAAAAAAAAAAAAAAAAAAAAAAAAAAAAAA
AAAAAAAAAAAAAAAAAAAAAAAAAAAAAAAAAAAAAAAAAAAAAAAAAAAAAAAAAAAAAAAAAAAAAAAAAAAAAAAAAAAAAAAAAAAAAAAAAAAAAAAA
AAAAAAAAAAAAAAAAAAAAAAAAAAAAAAAAAAAAAAAAAAAAAAAAAAAAAAAAAAAAAAAAAAAAAAAAAAAAAAAAAAAAAAAAAAAAAAAAAAAAAAAA
AAAAAAAAAAAAAAAAAAAAAAAAAAAAAAAAAAAAAAAAAAAAAAAAAAAAAAAAAAAAAAAAAAAAAAAAAAAAAAAAAAAAAAAAAAAAAAAAAAAAAAAA
AAAAAAAAAAAAAAAAAAAAAAAAAAAAAAAAAAAAAAAAAAAAAAAAAAAAAAAAAAAAAAAAAAAAAAAAAAAAAAAAAAAAAAAAAAAAAAAAAAAAAAAA
AAAAAAAAAAAAAAAAAAAAAAAAAAAAAAAAAAAAAAAAAAAAAAAAAAAAAAAAAAAAAAAAAAAAAAAAAAAAAAAAAAAAAAAAAAAAAAAAAAAAAAAA
AAAAAAAAAAAAAAAAAAAAAAAAAAAAAAAAAAAAAAAAAAAAAAAAAAAAAAAAAAAAAAAAAAAAAAAAAAAAAAAAAAAAAAAAAAAAAAAAAAAAAAAA
AAAAAAAAAAAAAAAAAAAAAAAAAAAAAAAAAAAAAAAAAAAAAAAAAAAAAAAAAAAAAAAAAAAAAAAAAAAAAAAAAAAAAAAAAAAAAAAAAAAAAAAA
AAAAAAAAAAAAAAAAAAAAAAAAAAAAAAAAAAAAAAAAAAAAAAAAAAAAAAAAAAAAAAAAAAAAAAAAAAAAAAAAAAAAAAAAAAAAAAAAAAAAAAAA
AAAAAAAAAAAAAAAAAAAAAAAAAAAAAAAAAAAAAAAAAAAAAAAAAAAAAAAAAAAAAAAAAAAAAAAAAAAAAAAAAAAAAAAAAAAAAAAAAAAAAAAA
AAAAAAAAAAAAAAAAAAAAAAAAAAAAAAAAAAAAAAAAAAAAAAAAAAAAAAAAAAAAAAAAAAAAAAAAAAAAAAAAAAAAAAAAAAAAAAAAAAAAAAAA
AAAAAAAAAAAAAAAAAAAAAAAAAAAAAAAAAAAAAAAAAAAAAAAAAAAAAAAAAAAAAAAAAAAAAAAAAAAAAAAAAAAAAAAAAAAAAAAAAAAAAAAA
AAAAAAAAAAAAAAAAAAAAAAAAAAAAAAAAAAAAAAAAAAAAAAAAAAAAAAAAAAAAAAAAAAAAAAAAAAAAAAAAAAAAAAAAAAAAAAAAAAAAAAAA
AAAAAAAAAAAAAAAAAAAAAAAAAAAAAAAAAAAAAAAAAAAAAAAAAAAAAAAAAAAAAAAAAAAAAAAAAAAAAAAAAAAAAAAAAAAAAAAAAAAAAAAA
AAAAAAAAAAAAAAAAAAAAAAAAAAAAAAAAAAAAAAAAAAAAAAAAAAAAAAAAAAAAAAAAAAAAAAAAAAAAAAAAAAAAAAAAAAAAAAAAAAAAAAAA
AAAAAAAAAAAAAAAAAAAAAAAAAAAAAAAAAAAAAAAAAAAAAAAAAAAAAAAAAAAAAAAAAAAAAAAAAAAAAAAAAAAAAAAAAAAAAAAAAAAAAAAA
AAAAAAAAAAAAAAAAAAAAAAAAAAAAAAAAAAAAAAAAAAAAAAAAAAAAAAAAAAAAAAAAAAAAAAAAAAAAAAAAAAAAAAAAAAAAAAAAAAAAAAAA
AAAAAAAAAAAAAAAAAAAAAAAAAAAAAAAAAAAAAAAAAAAAAAAAAAAAAAAAAAAAAAAAAAAAAAAAAAAAAAAAAAAAAAAAAAAAAAAAAAAAAAAA
AAAAAAAAAAAAAAAAAAAAAAAAAAAAAAAAAAAAAAAAAAAAAAAAAAAAAAAAAAAAAAAAAAAAAAAAAAAAAAAAAAAAAAAAAAAAAAAAAAAAAAAA
AAAAAAAAAAAAAAAAAAAAAAAAAAAAAAAAAAAAAAAAAAAAAAAAAAAAAAAAAAAAAAAAAAAAAAAAAAAAAAAAAAAAAAAAAAAAAAAAAAAAAAAA
AAAAAAAAAAAAAAAAAAAAAAAAAAAAAAAAAAAAAAAAAAAAAAAAAAAAAAAAAAAAAAAAAAAAAAAAAAAAAAAAAAAAAAAAAAAAAAAAAAAAAAAA
AAAAAAAAAAAAAAAAAAAAAAAAAAAAAAAAAAAAAAAAAAAAAAAAAAAAAAAAAAAAAAAAAAAAAAAAAAAAAAAAAAAAAAAAAAAAAAAAAAAAAAAA
AAAAAAAAAAAAAAAAAAAAAAAAAAAAAAAAAAAAAAAAAAAAAAAAAAAAAAAAAAAAAAAAAAAAAAAAAAAAAAAAAAAAAAAAAAAAAAAAAAAAAAAA
AAAAAAAAAAAAAAAAAAAAAAAAAAAAAAAAAAAAAAAAAAAAAAAAAAAAAAAAAAAAAAAAAAAAAAAAAAAAAAAAAAAAAAAAAAAAAAAAAAAAAAAA
AAAAAAAAAAAAAAAAAAAAAAAAAAAAAAAAAAAAAAAAAAAAAAAAAAAAAAAAAAAAAAAAAAAAAAAAAAAAAAAAAAAAAAAAAAAAAAAAAAAAAAAA
AAAAAAAAAAAAAAAAAAAAAAAAAAAAAAAAAAAAAAAAAAAAAAAAAAAAAAAAAAAAAAAAAAAAAAAAAAAAAAAAAAAAAAAAAAAAAAAAAAAAAAAA
AAAAAAAAAAAAAAAAAAAAAAAAAAAAAAAAAAAAAAAAAAAAAAAAAAAAAAAAAAAAAAAAAAAAAAAAAAAAAAAAAAAAAAAAAAAAAAAAAAAAAAAA
AAAAAAAAAAAAAAAAAAAAAAAAAAAAAAAAAAAAAAAAAAAAAAAAAAAAAAAAAAAAAAAAAAAAAAAAAAAAAAAAAAAAAAAAAAAAAAAAAAAAAAAA
AAAAAAAAAAAAAAAAAAAAAAAAAAAAAAAAAAAAAAAAAAAAAAAAAAAAAAAAAAAAAAAAAAAAAAAAAAAAAAAAAAAAAAAAAAAAAAAAAAAAAAAA
AAAAAAAAAAAAAAAAAAAAAAAAAAAAAAAAAAAAAAAAAAAAAAAAAAAAAAAAAAAAAAAAAAAAAAAAAAAAAAAAAAAAAAAAAAAAAAAAAAAAAAAA
AAAAAAAAAAAAAAAAAAAAAAAAAAAAAAAAAAAAAAAAAAAAAAAAAAAAAAAAAAAAAAAAAAAAAAAAAAAAAAAAAAAAAAAAAAAAAAAAAAAAAAAA
AAAAAAAAAAAAAAAAAAAAAAAAAAAAAAAAAAAAAAAAAAAAAAAAAAAAAAAAAAAAAAAAAAAAAAAAAAAAAAAAAAAAAAAAAAAAAAAAAAAAAAAA
AAAAAAAAAAAAAAAAAAAAAAAAAAAAAAAAAAAAAAAAAAAAAAAAAAAAAAAAAAAAAAAAAAAAAAAAAAAAAAAAAAAAAAAAAAAAAAAAAAAAAAAA
AAAAAAAAAAAAAAAAAAAAAAAAAAAAAAAAAAAAAAAAAAAAAAAAAAAAAAAAAAAAAAAAAAAAAAAAAAAAAAAAAAAAAAAAAAAAAAAAAAAAAAAA
AAAAAAAAAAAAAAAAAAAAAAAAAAAAAAAAAAAAAAAAAAAAAAAAAAAAAAAAAAAAAAAAAAAAAAAAAAAAAAAAAAAAAAAAAAAAAAAAAAAAAAAA
AAAAAAAAAAAAAAAAAAAAAAAAAAAAAAAAAAAAAAAAAAAAAAAAAAAAAAAAAAAAAAAAAAAAAAAAAAAAAAAAAAAAAAAAAAAAAAAAAAAAAAAA
AAAAAAAAAAAAAAAAAAAAAAAAAAAAAAAAAAAAAAAAAAAAAAAAAAAAAAAAAAAAAAAAAAAAAAAAAAAAAAAAAAAAAAAAAAAAAAAAAAAAAAAA
AAAAAAAAAAAAAAAAAAAAAAAAAAAAAAAAAAAAAAAAAAAAAAAAAAAAAAAAAAAAAAAAAAAAAAAAAAAAAAAAAAAAAAAAAAAAAAAAAAAAAAAA
AAAAAAAAAAAAAAAAAAAAAAAAAAAAAAAAAAAAAAAAAAAAAAAAAAAAAAAAAAAAAAAAAAAAAAAAAAAAAAAAAAAAAAAAAAAAAAAAAAAAAAAA
AAAAAAAAAAAAAAAAAAAAAAAAAAAAAAAAAAAAAAAAAAAAAAAAAAAAAAAAAAAAAAAAAAAAAAAAAAAAAAAAAAAAAAAAAAAAAAAAAAAAAAAA
AAAAAAAAAAAAAAAAAAAAAAAAAAAAAAAAAAAAAAAAAAAAAAAAAAAAAAAAAAAAAAAAAAAAAAAAAAAAAAAAAAAAAAAAAAAAAAAAAAAAAAAA
AAAAAAAAAAAAAAAAAAAAAAAAAAAAAAAAAAAAAAAAAAAAAAAAAAAAAAAAAAAAAAAAAAAAAAAAAAAAAAAAAAAAAAAAAAAAAAAAAAAAAAAA
AAAAAAAAAAAAAAAAAAAAAAAAAAAAAAAAAAAAAAAAAAAAAAAAAAAAAAAAAAAAAAAAAAAAAAAAAAAAAAAAAAAAAAAAAAAAAAAAAAAAAAAA
AAAAAAAAAAAAAAAAAAAAAAAAAAAAAAAAAAAAAAAAAAAAAAAAAAAAAAAAAAAAAAAAAAAAAAAAAAAAAAAAAAAAAAAAAAAAAAAAAAAAAAAA
AAAAAAAAAAAAAAAAAAAAAAAAAAAAAAAAAAAAAAAAAAAAAAAAAAAAAAAAAAAAAAAAAAAAAAAAAAAAAAAAAAAAAAAAAAAAAAAAAAAAAAAA
AAAAAAAAAAAAAAAAAAAAAAAAAAAAAAAAAAAAAAAAAAAAAAAAAAAAAAAAAAAAAAAAAAAAAAAAAAAAAAAAAAAAAAAAAAAAAAAAAAAAAAAA
AAAAAAAAAAAAAAAAAAAAAAAAAAAAAAAAAAAAAAAAAAAAAAAAAAAAAAAAAAAAAAAAAAAAAAAAAAAAAAAAAAAAAAAAAAAAAAAAAAAAAAAA
AAAAAAAAAAAAAAAAAAAAAAAAAAAAAAAAAAAAAAAAAAAAAAAAAAAAAAAAAAAAAAAAAAAAAAAAAAAAAAAAAAAAAAAAAAAAAAAAAAAAAAAA
AAAAAAAAAAAAAAAAAAAAAAAAAAAAAAAAAAAAAAAAAAAAAAAAAAAAAAAAAAAAAAAAAAAAAAAAAAAAAAAAAAAAAAAAAAAAAAAAAAAAAAAA
AAAAAAAAAAAAAAAAAAAAAAAAAAAAAAAAAAAAAAAAAAAAAAAAAAAAAAAAAAAAAAAAAAAAAAAAAAAAAAAAAAAAAAAAAAAAAAAAAAAAAAAA
AAAAAAAAAAAAAAAAAAAAAAAAAAAAAAAAAAAAAAAAAAAAAAAAAAAAAAAAAAAAAAAAAAAAAAAAAAAAAAAAAAAAAAAAAAAAAAAAAAAAAAAA
AAAAAAAAAAAAAAAAAAAAAAAAAAAAAAAAAAAAAAAAAAAAAAAAAAAAAAAAAAAAAAAAAAAAAAAAAAAAAAAAAAAAAAAAAAAAAAAAAAAAAAAA
AAAAAAAAAAAAAAAAAAAAAAAAAAAAAAAAAAAAAAAAAAAAAAAAAAAAAAAAAAAAAAAAAAAAAAAAAAAAAAAAAAAAAAAAAAAAAAAAAAAAAAAA
AAAAAAAAAAAAAAAAAAAAAAAAAAAAAAAAAAAAAAAAAAAAAAAAAAAAAAAAAAAAAAAAAAAAAAAAAAAAAAAAAAAAAAAAAAAAAAAAAAAAAAAA
AAAAAAAAAAAAAAAAAAAAAAAAAAAAAAAAAAAAAAAAAAAAAAAAAAAAAAAAAAAAAAAAAAAAAAAAAAAAAAAAAAAAAAAAAAAAAAAAAAAAAAAA
AAAAAAAAAAAAAAAAAAAAAAAAAAAAAAAAAAAAAAAAAAAAAAAAAAAAAAAAAAAAAAAAAAAAAAAAAAAAAAAAAAAAAAAAAAAAAAAAAAAAAAAA
AAAAAAAAAAAAAAAAAAAAAAAAAAAAAAAAAAAAAAAAAAAAAAAAAAAAAAAAAAAAAAAAAAAAAAAAAAAAAAAAAAAAAAAAAAAAAAAAAAAAAAAA
AAAAAAAAAAAAAAAAAAAAAAAAAAAAAAAAAAAAAAAAAAAAAAAAAAAAAAAAAAAAAAAAAAAAAAAAAAAAAAAAAAAAAAAAAAAAAAAAAAAAAAAA
AAAAAAAAAAAAAAAAAAAAAAAAAAAAAAAAAAAAAAAAAAAAAAAAAAAAAAAAAAAAAAAAAAAAAAAAAAAAAAAAAAAAAAAAAAAAAAAAAAAAAAAA
AAAAAAAAAAAAAAAAAAAAAAAAAAAAAAAAAAAAAAAAAAAAAAAAAAAAAAAAAAAAAAAAAAAAAAAAAAAAAAAAAAAAAAAAAAAAAAAAAAAAAAAA
AAAAAAAAAAAAAAAAAAAAAAAAAAAAAAAAAAAAAAAAAAAAAAAAAAAAAAAAAAAAAAAAAAAAAAAAAAAAAAAAAAAAAAAAAAAAAAAAAAAAAAAA
AAAAAAAAAAAAAAAAAAAAAAAAAAAAAAAAAAAAAAAAAAAAAAAAAAAAAAAAAAAAAAAAAAAAAAAAAAAAAAAAAAAAAAAAAAAAAAAAAAAAAAAA
AAAAAAAAAAAAAAAAAAAAAAAAAAAAAAAAAAAAAAAAAAAAAAAAAAAAAAAAAAAAAAAAAAAAAAAAAAAAAAAAAAAAAAAAAAAAAAAAAAAAAAAA
AAAAAAAAAAAAAAAAAAAAAAAAAAAAAAAAAAAAAAAAAAAAAAAAAAAAAAAAAAAAAAAAAAAAAAAAAAAAAAAAAAAAAAAAAAAAAAAAAAAAAAAA
AAAAAAAAAAAAAAAAAAAAAAAAAAAAAAAAAAAAAAAAAAAAAAAAAAAAAAAAAAAAAAAAAAAAAAAAAAAAAAAAAAAAAAAAAAAAAAAAAAAAAAAA
AAAAAAAAAAAAAAAAAAAAAAAAAAAAAAAAAAAAAAAAAAAAAAAAAAAAAAAAAAAAAAAAAAAAAAAAAAAAAAAAAAAAAAAAAAAAAAAAAAAAAAAA
AAAAAAAAAAAAAAAAAAAAAAAAAAAAAAAAAAAAAAAAAAAAAAAAAAAAAAAAAAAAAAAAAAAAAAAAAAAAAAAAAAAAAAAAAAAAAAAAAAAAAAAA
AAAAAAAAAAAAAAAAAAAAAAAAAAAAAAAAAAAAAAAAAAAAAAAAAAAAAAAAAAAAAAAAAAAAAAAAAAAAAAAAAAAAAAAAAAAAAAAAAAAAAAAA
AAAAAAAAAAAAAAAAAAAAAAAAAAAAAAAAAAAAAAAAAAAAAAAAAAAAAAAAAAAAAAAAAAAAAAAAAAAAAAAAAAAAAAAAAAAAAAAAAAAAAAAA
AAAAAAAAAAAAAAAAAAAAAAAAAAAAAAAAAAAAAAAAAAAAAAAAAAAAAAAAAAAAAAAAAAAAAAAAAAAAAAAAAAAAAAAAAAAAAAAAAAAAAAAA
AAAAAAAAAAAAAAAAAAAAAAAAAAAAAAAAAAAAAAAAAAAAAAAAAAAAAAAAAAAAAAAAAAAAAAAAAAAAAAAAAAAAAAAAAAAAAAAAAAAAAAAA
AAAAAAAAAAAAAAAAAAAAAAAAAAAAAAAAAAAAAAAAAAAAAAAAAAAAAAAAAAAAAAAAAAAAAAAAAAAAAAAAAAAAAAAAAAAAAAAAAAAAAAAA
AAAAAAAAAAAAAAAAAAAAAAAAAAAAAAAAAAAAAAAAAAAAAAAAAAAAAAAAAAAAAAAAAAAAAAAAAAAAAAAAAAAAAAAAAAAAAAAAAAAAAAAA
AAAAAAAAAAAAAAAAAAAAAAAAAAAAAAAAAAAAAAAAAAAAAAAAAAAAAAAAAAAAAAAAAAAAAAAAAAAAAAAAAAAAAAAAAAAAAAAAAAAAAAAA
AAAAAAAAAAAAAAAAAAAAAAAAAAAAAAAAAAAAAAAAAAAAAAAAAAAAAAAAAAAAAAAAAAAAAAAAAAAAAAAAAAAAAAAAAAAAAAAAAAAAAAAA
AAAAAAAAAAAAAAAAAAAAAAAAAAAAAAAAAAAAAAAAAAAAAAAAAAAAAAAAAAAAAAAAAAAAAAAAAAAAAAAAAAAAAAAAAAAAAAAAAAAAAAAA
AAAAAAAAAAAAAAAAAAAAAAAAAAAAAAAAAAAAAAAAAAAAAAAAAAAAAAAAAAAAAAAAAAAAAAAAAAAAAAAAAAAAAAAAAAAAAAAAAAAAAAAA
AAAAAAAAAAAAAAAAAAAAAAAAAAAAAAAAAAAAAAAAAAAAAAAAAAAAAAAAAAAAAAAAAAAAAAAAAAAAAAAAAAAAAAAAAAAAAAAAAAAAAAAA
AAAAAAAAAAAAAAAAAAAAAAAAAAAAAAAAAAAAAAAAAAAAAAAAAAAAAAAAAAAAAAAAAAAAAAAAAAAAAAAAAAAAAAAAAAAAAAAAAAAAAAAA
AAAAAAAAAAAAAAAAAAAAAAAAAAAAAAAAAAAAAAAAAAAAAAAAAAAAAAAAAAAAAAAAAAAAAAAAAAAAAAAAAAAAAAAAAAAAAAAAAAAAAAAA
AAAAAAAAAAAAAAAAAAAAAAAAAAAAAAAAAAAAAAAAAAAAAAAAAAAAAAAAAAAAAAAAAAAAAAAAAAAAAAAAAAAAAAAAAAAAAAAAAAAAAAAA
AAAAAAAAAAAAAAAAAAAAAAAAAAAAAAAAAAAAAAAAAAAAAAAAAAAAAAAAAAAAAAAAAAAAAAAAAAAAAAAAAAAAAAAAAAAAAAAAAAAAAAAA
AAAAAAAAAAAAAAAAAAAAAAAAAAAAAAAAAAAAAAAAAAAAAAAAAAAAAAAAAAAAAAAAAAAAAAAAAAAAAAAAAAAAAAAAAAAAAAAAAAAAAAAA
AAAAAAAAAAAAAAAAAAAAAAAAAAAAAAAAAAAAAAAAAAAAAAAAAAAAAAAAAAAAAAAAAAAAAAAAAAAAAAAAAAAAAAAAAAAAAAAAAAAAAAAA
AAAAAAAAAAAAAAAAAAAAAAAAAAAAAAAAAAAAAAAAAAAAAAAAAAAAAAAAAAAAAAAAAAAAAAAAAAAAAAAAAAAAAAAAAAAAAAAAAAAAAAAA
AAAAAAAAAAAAAAAAAAAAAAAAAAAAAAAAAAAAAAAAAAAAAAAAAAAAAAAAAAAAAAAAAAAAAAAAAAAAAAAAAAAAAAAAAAAAAAAAAAAAAAAA
AAAAAAAAAAAAAAAAAAAAAAAAAAAAAAAAAAAAAAAAAAAAAAAAAAAAAAAAAAAAAAAAAAAAAAAAAAAAAAAAAAAAAAAAAAAAAAAAAAAAAAAA
AAAAAAAAAAAAAAAAAAAAAAAAAAAAAAAAAAAAAAAAAAAAAAAAAAAAAAAAAAAAAAAAAAAAAAAAAAAAAAAAAAAAAAAAAAAAAAAAAAAAAAAA
AAAAAAAAAAAAAAAAAAAAAAAAAAAAAAAAAAAAAAAAAAAAAAAAAAAAAAAAAAAAAAAAAAAAAAAAAAAAAAAAAAAAAAAAAAAAAAAAAAAAAAAA
AAAAAAAAAAAAAAAAAAAAAAAAAAAAAAAAAAAAAAAAAAAAAAAAAAAAAAAAAAAAAAAAAAAAAAAAAAAAAAAAAAAAAAAAAAAAAAAAAAAAAAAA
AAAAAAAAAAAAAAAAAAAAAAAAAAAAAAAAAAAAAAAAAAAAAAAAAAAAAAAAAAAAAAAAAAAAAAAAAAAAAAAAAAAAAAAAAAAAAAAAAAAAAAAA
AAAAAAAAAAAAAAAAAAAAAAAAAAAAAAAAAAAAAAAAAAAAAAAAAAAAAAAAAAAAAAAAAAAAAAAAAAAAAAAAAAAAAAAAAAAAAAAAAAAAAAAA
AAAAAAAAAAAAAAAAAAAAAAAAAAAAAAAAAAAAAAAAAAAAAAAAAAAAAAAAAAAAAAAAAAAAAAAAAAAAAAAAAAAAAAAAAAAAAAAAAAAAAAAA
AAAAAAAAAAAAAAAAAAAAAAAAAAAAAAAAAAAAAAAAAAAAAAAAAAAAAAAAAAAAAAAAAAAAAAAAAAAAAAAAAAAAAAAAAAAAAAAAAAAAAAAA
AAAAAAAAAAAAAAAAAAAAAAAAAAAAAAAAAAAAAAAAAAAAAAAAAAAAAAAAAAAAAAAAAAAAAAAAAAAAAAAAAAAAAAAAAAAAAAAAAAAAAAAA
AAAAAAAAAAAAAAAAAAAAAAAAAAAAAAAAAAAAAAAAAAAAAAAAAAAAAAAAAAAAAAAAAAAAAAAAAAAAAAAAAAAAAAAAAAAAAAAAAAAAAAAA
AAAAAAAAAAAAAAAAAAAAAAAAAAAAAAAAAAAAAAAAAAAAAAAAAAAAAAAAAAAAAAAAAAAAAAAAAAAAAAAAAAAAAAAAAAAAAAAAAAAAAAAA
AAAAAAAAAAAAAAAAAAAAAAAAAAAAAAAAAAAAAAAAAAAAAAAAAAAAAAAAAAAAAAAAAAAAAAAAAAAAAAAAAAAAAAAAAAAAAAAAAAAAAAAA
AAAAAAAAAAAAAAAAAAAAAAAAAAAAAAAAAAAAAAAAAAAAAAAAAAAAAAAAAAAAAAAAAAAAAAAAAAAAAAAAAAAAAAAAAAAAAAAAAAAAAAAA
AAAAAAAAAAAAAAAAAAAAAAAAAAAAAAAAAAAAAAAAAAAAAAAAAAAAAAAAAAAAAAAAAAAAAAAAAAAAAAAAAAAAAAAAAAAAAAAAAAAAAAAA
AAAAAAAAAAAAAAAAAAAAAAAAAAAAAAAAAAAAAAAAAAAAAAAAAAAAAAAAAAAAAAAAAAAAAAAAAAAAAAAAAAAAAAAAAAAAAAAAAAAAAAAA
AAAAAAAAAAAAAAAAAAAAAAAAAAAAAAAAAAAAAAAAAAAAAAAAAAAAAAAAAAAAAAAAAAAAAAAAAAAAAAAAAAAAAAAAAAAAAAAAAAAAAAAA
AAAAAAAAAAAAAAAAAAAAAAAAAAAAAAAAAAAAAAAAAAAAAAAAAAAAAAAAAAAAAAAAAAAAAAAAAAAAAAAAAAAAAAAAAAAAAAAAAAAAAAAA
AAAAAAAAAAAAAAAAAAAAAAAAAAAAAAAAAAAAAAAAAAAAAAAAAAAAAAAAAAAAAAAAAAAAAAAAAAAAAAAAAAAAAAAAAAAAAAAAAAAAAAAA
AAAAAAAAAAAAAAAAAAAAAAAAAAAAAAAAAAAAAAAAAAAAAAAAAAAAAAAAAAAAAAAAAAAAAAAAAAAAAAAAAAAAAAAAAAAAAAAAAAAAAAAA
AAAAAAAAAAAAAAAAAAAAAAAAAAAAAAAAAAAAAAAAAAAAAAAAAAAAAAAAAAAAAAAAAAAAAAAAAAAAAAAAAAAAAAAAAAAAAAAAAAAAAAAA
AAAAAAAAAAAAAAAAAAAAAAAAAAAAAAAAAAAAAAAAAAAAAAAAAAAAAAAAAAAAAAAAAAAAAAAAAAAAAAAAAAAAAAAAAAAAAAAAAAAAAAAA
AAAAAAAAAAAAAAAAAAAAAAAAAAAAAAAAAAAAAAAAAAAAAAAAAAAAAAAAAAAAAAAAAAAAAAAAAAAAAAAAAAAAAAAAAAAAAAAAAAAAAAAA
AAAAAAAAAAAAAAAAAAAAAAAAAAAAAAAAAAAAAAAAAAAAAAAAAAAAAAAAAAAAAAAAAAAAAAAAAAAAAAAAAAAAAAAAAAAAAAAAAAAAAAAA
AAAAAAAAAAAAAAAAAAAAAAAAAAAAAAAAAAAAAAAAAAAAAAAAAAAAAAAAAAAAAAAAAAAAAAAAAAAAAAAAAAAAAAAAAAAAAAAAAAAAAAAA
AAAAAAAAAAAAAAAAAAAAAAAAAAAAAAAAAAAAAAAAAAAAAAAAAAAAAAAAAAAAAAAAAAAAAAAAAAAAAAAAAAAAAAAAAAAAAAAAAAAAAAAA
AAAAAAAAAAAAAAAAAAAAAAAAAAAAAAAAAAAAAAAAAAAAAAAAAAAAAAAAAAAAAAAAAAAAAAAAAAAAAAAAAAAAAAAAAAAAAAAAAAAAAAAA
AAAAAAAAAAAAAAAAAAAAAAAAAAAAAAAAAAAAAAAAAAAAAAAAAAAAAAAAAAAAAAAAAAAAAAAAAAAAAAAAAAAAAAAAAAAAAAAAAAAAAAAA
AAAAAAAAAAAAAAAAAAAAAAAAAAAAAAAAAAAAAAAAAAAAAAAAAAAAAAAAAAAAAAAAAAAAAAAAAAAAAAAAAAAAAAAAAAAAAAAAAAAAAAAA
AAAAAAAAAAAAAAAAAAAAAAAAAAAAAAAAAAAAAAAAAAAAAAAAAAAAAAAAAAAAAAAAAAAAAAAAAAAAAAAAAAAAAAAAAAAAAAAAAAAAAAAA
AAAAAAAAAAAAAAAAAAAAAAAAAAAAAAAAAAAAAAAAAAAAAAAAAAAAAAAAAAAAAAAAAAAAAAAAAAAAAAAAAAAAAAAAAAAAAAAAAAAAAAAA
AAAAAAAAAAAAAAAAAAAAAAAAAAAAAAAAAAAAAAAAAAAAAAAAAAAAAAAAAAAAAAAAAAAAAAAAAAAAAAAAAAAAAAAAAAAAAAAAAAAAAAAA
AAAAAAAAAAAAAAAAAAAAAAAAAAAAAAAAAAAAAAAAAAAAAAAAAAAAAAAAAAAAAAAAAAAAAAAAAAAAAAAAAAAAAAAAAAAAAAAAAAAAAAAA
AAAAAAAAAAAAAAAAAAAAAAAAAAAAAAAAAAAAAAAAAAAAAAAAAAAAAAAAAAAAAAAAAAAAAAAAAAAAAAAAAAAAAAAAAAAAAAAAAAAAAAAA
AAAAAAAAAAAAAAAAAAAAAAAAAAAAAAAAAAAAAAAAAAAAAAAAAAAAAAAAAAAAAAAAAAAAAAAAAAAAAAAAAAAAAAAAAAAAAAAAAAAAAAAA
AAAAAAAAAAAAAAAAAAAAAAAAAAAAAAAAAAAAAAAAAAAAAAAAAAAAAAAAAAAAAAAAAAAAAAAAAAAAAAAAAAAAAAAAAAAAAAAAAAAAAAAA
AAAAAAAAAAAAAAAAAAAAAAAAAAAAAAAAAAAAAAAAAAAAAAAAAAAAAAAAAAAAAAAAAAAAAAAAAAAAAAAAAAAAAAAAAAAAAAAAAAAAAAAA
AAAAAAAAAAAAAAAAAAAAAAAAAAAAAAAAAAAAAAAAAAAAAAAAAAAAAAAAAAAAAAAAAAAAAAAAAAAAAAAAAAAAAAAAAAAAAAAAAAAAAAAA
AAAAAAAAAAAAAAAAAAAAAAAAAAAAAAAAAAAAAAAAAAAAAAAAAAAAAAAAAAAAAAAAAAAAAAAAAAAAAAAAAAAAAAAAAAAAAAAAAAAAAAAA
AAAAAAAAAAAAAAAAAAAAAAAAAAAAAAAAAAAAAAAAAAAAAAAAAAAAAAAAAAAAAAAAAAAAAAAAAAAAAAAAAAAAAAAAAAAAAAAAAAAAAAAA
AAAAAAAAAAAAAAAAAAAAAAAAAAAAAAAAAAAAAAAAAAAAAAAAAAAAAAAAAAAAAAAAAAAAAAAAAAAAAAAAAAAAAAAAAAAAAAAAAAAAAAAA
AAAAAAAAAAAAAAAAAAAAAAAAAAAAAAAAAAAAAAAAAAAAAAAAAAAAAAAAAAAAAAAAAAAAAAAAAAAAAAAAAAAAAAAAAAAAAAAAAAAAAAAA
AAAAAAAAAAAAAAAAAAAAAAAAAAAAAAAAAAAAAAAAAAAAAAAAAAAAAAAAAAAAAAAAAAAAAAAAAAAAAAAAAAAAAAAAAAAAAAAAAAAAAAAA
AAAAAAAAAAAAAAAAAAAAAAAAAAAAAAAAAAAAAAAAAAAAAAAAAAAAAAAAAAAAAAAAAAAAAAAAAAAAAAAAAAAAAAAAAAAAAAAAAAAAAAAA
AAAAAAAAAAAAAAAAAAAAAAAAAAAAAAAAAAAAAAAAAAAAAAAAAAAAAAAAAAAAAAAAAAAAAAAAAAAAAAAAAAAAAAAAAAAAAAAAAAAAAAAA
AAAAAAAAAAAAAAAAAAAAAAAAAAAAAAAAAAAAAAAAAAAAAAAAAAAAAAAAAAAAAAAAAAAAAAAAAAAAAAAAAAAAAAAAAAAAAAAAAAAAAAAA
AAAAAAAAAAAAAAAAAAAAAAAAAAAAAAAAAAAAAAAAAAAAAAAAAAAAAAAAAAAAAAAAAAAAAAAAAAAAAAAAAAAAAAAAAAAAAAAAAAAAAAAA
AAAAAAAAAAAAAAAAAAAAAAAAAAAAAAAAAAAAAAAAAAAAAAAAAAAAAAAAAAAAAAAAAAAAAAAAAAAAAAAAAAAAAAAAAAAAAAAAAAAAAAAA
AAAAAAAAAAAAAAAAAAAAAAAAAAAAAAAAAAAAAAAAAAAAAAAAAAAAAAAAAAAAAAAAAAAAAAAAAAAAAAAAAAAAAAAAAAAAAAAAAAAAAAAA
AAAAAAAAAAAAAAAAAAAAAAAAAAAAAAAAAAAAAAAAAAAAAAAAAAAAAAAAAAAAAAAAAAAAAAAAAAAAAAAAAAAAAAAAAAAAAAAAAAAAAAAA
AAAAAAAAAAAAAAAAAAAAAAAAAAAAAAAAAAAAAAAAAAAAAAAAAAAAAAAAAAAAAAAAAAAAAAAAAAAAAAAAAAAAAAAAAAAAAAAAAAAAAAAA
AAAAAAAAAAAAAAAAAAAAAAAAAAAAAAAAAAAAAAAAAAAAAAAAAAAAAAAAAAAAAAAAAAAAAAAAAAAAAAAAAAAAAAAAAAAAAAAAAAAAAAAA
AAAAAAAAAAAAAAAAAAAAAAAAAAAAAAAAAAAAAAAAAAAAAAAAAAAAAAAAAAAAAAAAAAAAAAAAAAAAAAAAAAAAAAAAAAAAAAAAAAAAAAAA
AAAAAAAAAAAAAAAAAAAAAAAAAAAAAAAAAAAAAAAAAAAAAAAAAAAAAAAAAAAAAAAAAAAAAAAAAAAAAAAAAAAAAAAAAAAAAAAAAAAAAAAA
AAAAAAAAAAAAAAAAAAAAAAAAAAAAAAAAAAAAAAAAAAAAAAAAAAAAAAAAAAAAAAAAAAAAAAAAAAAAAAAAAAAAAAAAAAAAAAAAAAAAAAAA
AAAAAAAAAAAAAAAAAAAAAAAAAAAAAAAAAAAAAAAAAAAAAAAAAAAAAAAAAAAAAAAAAAAAAAAAAAAAAAAAAAAAAAAAAAAAAAAAAAAAAAAA
AAAAAAAAAAAAAAAAAAAAAAAAAAAAAAAAAAAAAAAAAAAAAAAAAAAAAAAAAAAAAAAAAAAAAAAAAAAAAAAAAAAAAAAAAAAAAAAAAAAAAAAA
AAAAAAAAAAAAAAAAAAAAAAAAAAAAAAAAAAAAAAAAAAAAAAAAAAAAAAAAAAAAAAAAAAAAAAAAAAAAAAAAAAAAAAAAAAAAAAAAAAAAAAAA
AAAAAAAAAAAAAAAAAAAAAAAAAAAAAAAAAAAAAAAAAAAAAAAAAAAAAAAAAAAAAAAAAAAAAAAAAAAAAAAAAAAAAAAAAAAAAAAAAAAAAAAA
AAAAAAAAAAAAAAAAAAAAAAAAAAAAAAAAAAAAAAAAAAAAAAAAAAAAAAAAAAAAAAAAAAAAAAAAAAAAAAAAAAAAAAAAAAAAAAAAAAAAAAAA
AAAAAAAAAAAAAAAAAAAAAAAAAAAAAAAAAAAAAAAAAAAAAAAAAAAAAAAAAAAAAAAAAAAAAAAAAAAAAAAAAAAAAAAAAAAAAAAAAAAAAAAA
AAAAAAAAAAAAAAAAAAAAAAAAAAAAAAAAAAAAAAAAAAAAAAAAAAAAAAAAAAAAAAAAAAAAAAAAAAAAAAAAAAAAAAAAAAAAAAAAAAAAAAAA
AAAAAAAAAAAAAAAAAAAAAAAAAAAAAAAAAAAAAAAAAAAAAAAAAAAAAAAAAAAAAAAAAAAAAAAAAAAAAAAAAAAAAAAAAAAAAAAAAAAAAAAA
AAAAAAAAAAAAAAAAAAAAAAAAAAAAAAAAAAAAAAAAAAAAAAAAAAAAAAAAAAAAAAAAAAAAAAAAAAAAAAAAAAAAAAAAAAAAAAAAAAAAAAAA
AAAAAAAAAAAAAAAAAAAAAAAAAAAAAAAAAAAAAAAAAAAAAAAAAAAAAAAAAAAAAAAAAAAAAAAAAAAAAAAAAAAAAAAAAAAAAAAAAAAAAAAA
AAAAAAAAAAAAAAAAAAAAAAAAAAAAAAAAAAAAAAAAAAAAAAAAAAAAAAAAAAAAAAAAAAAAAAAAAAAAAAAAAAAAAAAAAAAAAAAAAAAAAAAA
AAAAAAAAAAAAAAAAAAAAAAAAAAAAAAAAAAAAAAAAAAAAAAAAAAAAAAAAAAAAAAAAAAAAAAAAAAAAAAAAAAAAAAAAAAAAAAAAAAAAAAAA
AAAAAAAAAAAAAAAAAAAAAAAAAAAAAAAAAAAAAAAAAAAAAAAAAAAAAAAAAAAAAAAAAAAAAAAAAAAAAAAAAAAAAAAAAAAAAAAAAAAAAAAA
AAAAAAAAAAAAAAAAAAAAAAAAAAAAAAAAAAAAAAAAAAAAAAAAAAAAAAAAAAAAAAAAAAAAAAAAAAAAAAAAAAAAAAAAAAAAAAAAAAAAAAAA
AAAAAAAAAAAAAAAAAAAAAAAAAAAAAAAAAAAAAAAAAAAAAAAAAAAAAAAAAAAAAAAAAAAAAAAAAAAAAAAAAAAAAAAAAAAAAAAAAAAAAAAA
AAAAAAAAAAAAAAAAAAAAAAAAAAAAAAAAAAAAAAAAAAAAAAAAAAAAAAAAAAAAAAAAAAAAAAAAAAAAAAAAAAAAAAAAAAAAAAAAAAAAAAAA
AAAAAAAAAAAAAAAAAAAAAAAAAAAAAAAAAAAAAAAAAAAAAAAAAAAAAAAAAAAAAAAAAAAAAAAAAAAAAAAAAAAAAAAAAAAAAAAAAAAAAAAA
AAAAAAAAAAAAAAAAAAAAAAAAAAAAAAAAAAAAAAAAAAAAAAAAAAAAAAAAAAAAAAAAAAAAAAAAAAAAAAAAAAAAAAAAAAAAAAAAAAAAAAAA
AAAAAAAAAAAAAAAAAAAAAAAAAAAAAAAAAAAAAAAAAAAAAAAAAAAAAAAAAAAAAAAAAAAAAAAAAAAAAAAAAAAAAAAAAAAAAAAAAAAAAAAA
AAAAAAAAAAAAAAAAAAAAAAAAAAAAAAAAAAAAAAAAAAAAAAAAAAAAAAAAAAAAAAAAAAAAAAAAAAAAAAAAAAAAAAAAAAAAAAAAAAAAAAAA
AAAAAAAAAAAAAAAAAAAAAAAAAAAAAAAAAAAAAAAAAAAAAAAAAAAAAAAAAAAAAAAAAAAAAAAAAAAAAAAAAAAAAAAAAAAAAAAAAAAAAAAA
AAAAAAAAAAAAAAAAAAAAAAAAAAAAAAAAAAAAAAAAAAAAAAAAAAAAAAAAAAAAAAAAAAAAAAAAAAAAAAAAAAAAAAAAAAAAAAAAAAAAAAAA
AAAAAAAAAAAAAAAAAAAAAAAAAAAAAAAAAAAAAAAAAAAAAAAAAAAAAAAAAAAAAAAAAAAAAAAAAAAAAAAAAAAAAAAAAAAAAAAAAAAAAAAA
AAAAAAAAAAAAAAAAAAAAAAAAAAAAAAAAAAAAAAAAAAAAAAAAAAAAAAAAAAAAAAAAAAAAAAAAAAAAAAAAAAAAAAAAAAAAAAAAAAAAAAAA
AAAAAAAAAAAAAAAAAAAAAAAAAAAAAAAAAAAAAAAAAAAAAAAAAAAAAAAAAAAAAAAAAAAAAAAAAAAAAAAAAAAAAAAAAAAAAAAAAAAAAAAA
AAAAAAAAAAAAAAAAAAAAAAAAAAAAAAAAAAAAAAAAAAAAAAAAAAAAAAAAAAAAAAAAAAAAAAAAAAAAAAAAAAAAAAAAAAAAAAAAAAAAAAAA
AAAAAAAAAAAAAAAAAAAAAAAAAAAAAAAAAAAAAAAAAAAAAAAAAAAAAAAAAAAAAAAAAAAAAAAAAAAAAAAAAAAAAAAAAAAAAAAAAAAAAAAA
AAAAAAAAAAAAAAAAAAAAAAAAAAAAAAAAAAAAAAAAAAAAAAAAAAAAAAAAAAAAAAAAAAAAAAAAAAAAAAAAAAAAAAAAAAAAAAAAAAAAAAAA
AAAAAAAAAAAAAAAAAAAAAAAAAAAAAAAAAAAAAAAAAAAAAAAAAAAAAAAAAAAAAAAAAAAAAAAAAAAAAAAAAAAAAAAAAAAAAAAAAAAAAAAA
AAAAAAAAAAAAAAAAAAAAAAAAAAAAAAAAAAAAAAAAAAAAAAAAAAAAAAAAAAAAAAAAAAAAAAAAAAAAAAAAAAAAAAAAAAAAAAAAAAAAAAAA
AAAAAAAAAAAAAAAAAAAAAAAAAAAAAAAAAAAAAAAAAAAAAAAAAAAAAAAAAAAAAAAAAAAAAAAAAAAAAAAAAAAAAAAAAAAAAAAAAAAAAAAA
AAAAAAAAAAAAAAAAAAAAAAAAAAAAAAAAAAAAAAAAAAAAAAAAAAAAAAAAAAAAAAAAAAAAAAAAAAAAAAAAAAAAAAAAAAAAAAAAAAAAAAAA
AAAAAAAAAAAAAAAAAAAAAAAAAAAAAAAAAAAAAAAAAAAAAAAAAAAAAAAAAAAAAAAAAAAAAAAAAAAAAAAAAAAAAAAAAAAAAAAAAAAAAAAA
AAAAAAAAAAAAAAAAAAAAAAAAAAAAAAAAAAAAAAAAAAAAAAAAAAAAAAAAAAAAAAAAAAAAAAAAAAAAAAAAAAAAAAAAAAAAAAAAAAAAAAAA
AAAAAAAAAAAAAAAAAAAAAAAAAAAAAAAAAAAAAAAAAAAAAAAAAAAAAAAAAAAAAAAAAAAAAAAAAAAAAAAAAAAAAAAAAAAAAAAAAAAAAAAA
AAAAAAAAAAAAAAAAAAAAAAAAAAAAAAAAAAAAAAAAAAAAAAAAAAAAAAAAAAAAAAAAAAAAAAAAAAAAAAAAAAAAAAAAAAAAAAAAAAAAAAAA
AAAAAAAAAAAAAAAAAAAAAAAAAAAAAAAAAAAAAAAAAAAAAAAAAAAAAAAAAAAAAAAAAAAAAAAAAAAAAAAAAAAAAAAAAAAAAAAAAAAAAAAA
AAAAAAAAAAAAAAAAAAAAAAAAAAAAAAAAAAAAAAAAAAAAAAAAAAAAAAAAAAAAAAAAAAAAAAAAAAAAAAAAAAAAAAAAAAAAAAAAAAAAAAAA
AAAAAAAAAAAAAAAAAAAAAAAAAAAAAAAAAAAAAAAAAAAAAAAAAAAAAAAAAAAAAAAAAAAAAAAAAAAAAAAAAAAAAAAAAAAAAAAAAAAAAAAA
AAAAAAAAAAAAAAAAAAAAAAAAAAAAAAAAAAAAAAAAAAAAAAAAAAAAAAAAAAAAAAAAAAAAAAAAAAAAAAAAAAAAAAAAAAAAAAAAAAAAAAAA
AAAAAAAAAAAAAAAAAAAAAAAAAAAAAAAAAAAAAAAAAAAAAAAAAAAAAAAAAAAAAAAAAAAAAAAAAAAAAAAAAAAAAAAAAAAAAAAAAAAAAAAA
AAAAAAAAAAAAAAAAAAAAAAAAAAAAAAAAAAAAAAAAAAAAAAAAAAAAAAAAAAAAAAAAAAAAAAAAAAAAAAAAAAAAAAAAAAAAAAAAAAAAAAAA
AAAAAAAAAAAAAAAAAAAAAAAAAAAAAAAAAAAAAAAAAAAAAAAAAAAAAAAAAAAAAAAAAAAAAAAAAAAAAAAAAAAAAAAAAAAAAAAAAAAAAAAA
AAAAAAAAAAAAAAAAAAAAAAAAAAAAAAAAAAAAAAAAAAAAAAAAAAAAAAAAAAAAAAAAAAAAAAAAAAAAAAAAAAAAAAAAAAAAAAAAAAAAAAAA
AAAAAAAAAAAAAAAAAAAAAAAAAAAAAAAAAAAAAAAAAAAAAAAAAAAAAAAAAAAAAAAAAAAAAAAAAAAAAAAAAAAAAAAAAAAAAAAAAAAAAAAA
AAAAAAAAAAAAAAAAAAAAAAAAAAAAAAAAAAAAAAAAAAAAAAAAAAAAAAAAAAAAAAAAAAAAAAAAAAAAAAAAAAAAAAAAAAAAAAAAAAAAAAAA
AAAAAAAAAAAAAAAAAAAAAAAAAAAAAAAAAAAAAAAAAAAAAAAAAAAAAAAAAAAAAAAAAAAAAAAAAAAAAAAAAAAAAAAAAAAAAAAAAAAAAAAA
AAAAAAAAAAAAAAAAAAAAAAAAAAAAAAAAAAAAAAAAAAAAAAAAAAAAAAAAAAAAAAAAAAAAAAAAAAAAAAAAAAAAAAAAAAAAAAAAAAAAAAAA
AAAAAAAAAAAAAAAAAAAAAAAAAAAAAAAAAAAAAAAAAAAAAAAAAAAAAAAAAAAAAAAAAAAAAAAAAAAAAAAAAAAAAAAAAAAAAAAAAAAAAAAA
AAAAAAAAAAAAAAAAAAAAAAAAAAAAAAAAAAAAAAAAAAAAAAAAAAAAAAAAAAAAAAAAAAAAAAAAAAAAAAAAAAAAAAAAAAAAAAAAAAAAAAAA
AAAAAAAAAAAAAAAAAAAAAAAAAAAAAAAAAAAAAAAAAAAAAAAAAAAAAAAAAAAAAAAAAAAAAAAAAAAAAAAAAAAAAAAAAAAAAAAAAAAAAAAA
AAAAAAAAAAAAAAAAAAAAAAAAAAAAAAAAAAAAAAAAAAAAAAAAAAAAAAAAAAAAAAAAAAAAAAAAAAAAAAAAAAAAAAAAAAAAAAAAAAAAAAAA
AAAAAAAAAAAAAAAAAAAAAAAAAAAAAAAAAAAAAAAAAAAAAAAAAAAAAAAAAAAAAAAAAAAAAAAAAAAAAAAAAAAAAAAAAAAAAAAAAAAAAAAA
AAAAAAAAAAAAAAAAAAAAAAAAAAAAAAAAAAAAAAAAAAAAAAAAAAAAAAAAAAAAAAAAAAAAAAAAAAAAAAAAAAAAAAAAAAAAAAAAAAAAAAAA
AAAAAAAAAAAAAAAAAEAAQAEAAAAAAAAAAAAAAAAAAAAAAAAA+J8EQrgWAADR3DPCBCVZORNOEBBz+XzN+f1q1qRB3MXQsKsGYVP8v5E6
kQcEGVMHEhGBoWXvvjbd66+tXQGCAcyiiQG890mm/n6a1xDFlh0Py6op13zg/fr2We7EW8h0/3TlDP0x1jz3HcrT3ERRGqARE5tuBfMb
2inBtPLINHDJFRR49t7nJszPMpdhma2xYKhJHcFnUL6Yda0xfw7ibaMjQZtrtxoN7vmvgYSDQAQAIIAjZgr/R5a2u/6AKkRQSVmKHd3/
5BtW683emUNEkWguCMBeq44dbPr+6sVhEho/DC8niaP/+9vmkX+AKkKS+DJ48u91Wy9XhyfQC0rZUJDcImB7pWmecMul3q7wsgAYACux
3dPzO/41p2xQQ4iZFBknrmyy2j/Q/pLxKnN3JFjGpwCvuQ6vno891fIFldJQZlXJvP2/f/p9Y+k0eaWHfwwLDVVRAv2+rcvqVULlmeN4
6kpFLl8vfz34p+CEVWCWlOE44fv81b76G3ajczj/dCIxx301eEJKXbpQkBsQcQVUI9Xr9ulQUwv7kmpoNQAFpkLCGmb58rGlHOIBT0ZR
CBWeh+xbv8z/B0TgSj44d8fQY9z1+Jv8mfb6HvRcWijO8hAaC1PZ1R/5XpYkcjA1Ya/AlO/9f7r6l6i0WcKsg+Q8HyJrS3dUXxvfSh2M
HtSfQS8FPXe++CTP1EZkOFAJBNEEB/3mnPxj+i6eWTYECBkNbACdf4cszyWu7PAbIHUSAcgmEffvtXfdSpBPbLCsBIBkRl7fdyKG3P7a
KFppBiWNEyOIVPIf9NT3SSrTEMTrlukAO77f/wH8e2eHTPIgREI4snfd8msJG1v+JoiVuR0Q7mE//8sO9/OKryAeAIQgC4BBH9/c745u
cR0I7KHQKigAIg+vonZ8Bg3/awwXRwINhAo1C5ejPwlE5ssAhRZMqClQ+517OW/f/CBokrKmgwArkqxenQPO3PPHXFCK5io2G0Xvn9b8
/zJQs1QeiuT80Eas/T8L17vaB/fKRKLagKIZC4PLShy933dUAAgEVzCPW9Vul7jqTK26j+bhT0FiRwrr2rveqwf2+/2pIXbQ7gsQYXq0
OB/Y4wqSkRVC6qDATMiSy0pvbI9W32iVT1ikzAe1G7931u96C32DioS5a10A4r++O3dXSx/WqE3mrUIOlW2dqfzbcpmdfAnCLgMASYmi
jTsfV+7v/W4oc5jBFuRQUDioPm1uuk+BEfhAV7x5ZHz1PKc2L4yf/ioyNCeBTLQRzAOA3v6u7zwTEC9SUBINgLRs4E++3/m9qGkAYBMU
LCxpz/G1p+PLs07xwHoNgOYao3ccKRt799vmCgC+aVKXItzj3thvtdN5eqdwmCQcrAR943dt/+di7OC6Y8jCRQEC2O5NOfDxxmFAKEab
gq7VZGOSNm9VbWQRpoYSVQVouSvuHefrWxWe9RyAeJZ+W0dBg/r6r3bN2DF4wUDwaYF9KOxK/2m/ySc/kKRU1RBblwMjc916X1dhH1Np
mCIGrJNqRzprpMiPe3blJ1CWUsmUDcvdoFXUW14+AkBFJFEICBDsZnVyZ7bd7wAEJ8KXHQBRtabX7L30aehmSCWhipkWI6iNI2DypL/L
RAtCFceJErDqS2+Ta9d2qDspY934FO5Afu21u6s7Zo1DYtiZcHQSS6PMZn1elldKUSBiKSAyHqLRvX/F2YS/2dqoh/OAgK2Mhnqa+8cK
TnYQZUvD5V7vkNTC1WrZnS/VjMri9BKgODr2nxNW1vfftwQFuQQNCsW2mVwNUvilU9rKjxjMH7pfY/HEJkve3r6yFk98yQBYfmf+sLtO
Js31/oDXkHEOXiZGXka96c+gXbMZFY4qC10IWR79Z2f4rP6ODOV+OE/jJCbPYjWf2rjS6t7gcjAhSAwr+z92vq9Laa3m8jD4OVUBMGel
uj7n8ufFUDlym8FVAYFqT12x579hhoZxAKGAMCTg3833I4NXzfHiL8ZljJOhZIdbA00Hq13p4MD4TFxleiiGfyeomfe12y7YlZ7cekzU
96E9PPWcbdXKwgIciRFBJaMLf3ZYkYtjZYFI1CxYmGIra5ef9S9+pBgQyh4GfF8WQ7LPsFzE676CPNxWQik5BMedFmwG/7bZsiZpmEBp
xgHbf6fi3tXXYzCGVeTlz72TzPsexnSyUeJ8K8iL0DNPRv8XK/nf+3/Xs7y/QtQkRFPy46VUzzY+xkPnMBkHH5g2srcXGzELW3jJMRwF
JQAEMsY65Y83XuvPIE6SBXDgACrlf3YsR7viyvAsMM/BoJkK53SBg9yU8XWu/EAUcI++ihsG9gVNsnLZkIAYzQ1eGF23WLvY3DvleznS
oiBHByQH2ffvP/7394+EiDTIqExtXoBj1TnvG/i3D/QtxI2CxCq5/x66fd9dQCoEyONZIq4Ic/4ENxwS3GwIHBQIBJggjUOll3VUUzMh
0oVyYkZtbBFHLHuB8dqkOnTguXKhQT8Lbn69gz3ElfelLUgmFY1wG97oXh07umE5QS0zSQWlXWv3Odm5Wxh/3DxEASg0hgWYGe5mFYbO
3nUYCTLxwAHIFNPl91v3b3jugj54OGxIDmD/4xNbz1im6xFrfoFAQgLWozS37cz7cdfHOEUBGJoHpmN49Cj2hYQyQkgVaBeCjmNxozJd
+aO8Y+K9jgegIJGSue8vwK2i+9tAl2gQ1EiHWv/yvb37S2bdCgMEpoGLDrFpO8tlbergLEoljEsSGohBjfyJCPX4DgAGdQxVOirHszvp
s3bLyP7+MvhBTbCQA6VlT2271s3ClvSOkeEZTIkidR8+IOXfv/OAMQCASgQyBX1Qc+ymen43qHEPBU1IRQKP+piNs7tk5BdFBeB4UEsu
igaTPr/Du7aPUBlexbAcr66cXXE8fHezwQjJiSkgwZyVI0jN3dfw4aJJJk3jEhRE+frTpszp+/FbU4r4EAaQYen96XNX7hz0cAFCRl/4
9OHy2U/o+7Sg534agTMLCWTYP1rV6PZR+peDuXF7WugvAnlXPX+/wbpyMWl6DfQwQ9D3nu9cT3udsoopF+oU1PjElvoA+cR6/7IdwXOE
QAKJA/9VyLyu+MB3lLwJUGY9luL/9FQvO3ezwSUT1Y71gfKsXSo499nMrnMoCuVjmZIQC0eNugv2+Mt4RcDGFo4M2D57sY3HOL7uLsCY
doEnIAERwe3221nyq8/BmuBHBYZX2N0Ha1nZXMZVEclVzhWrBUP7F5P7YtWsa4jDk+hg8pIEPTJbdIZrh/8oIHp7XSApuaPOProfb5oB
AdqIBQwbjUH+PYeSNLYzf0yR9Tml0QGkRg2bWDmKlv3T+2CAYFWDYb8F18wm9dYNqwASnbBXRMJObFD7973nIQsKqx5gXCOO6v3hJ8Xs
5O/jAgqiwAIxhV+M+9JDN3R/hckUKQgAeGh2u5BVuP+2iUzrCkJhASAAFh8zy2G1mFeTocSKpE8zUD7vWdXgxbv7ZTIZpQnlJ351Zr47
iN+yfwCgmmgqijo7W97O6qdLewsiiAYDgyiEOdJP6Wrrjyu1HZMwYHSA+71Guzf/3PPc2ZCW4MwGzTQ+ZC6vrlXcSLqFZgLJEVMPEzx7
XRHyddIl8IvoebIUnwC1zJs8Rrosr+BZSekJp2CB+Wx3HVv/RDncAQp7jldXDPZ7umj88c3jGY4jPBlW4p0++n6cGrGNuYlQYa0FBt8b
uYut3ScfeuYDWEAYbyiYoL+2UYN+n0OkXTSPgAIQwAWPOXUU1MS7NwxkCKClmJyb/VC6x43s7OpzQomOASDTYNXtN906pSVtLxSCZhBr
EUXzh9NIOrnHLFi08/gaJheAXBlxNm7cGvkF2AAsskorY+3q/vouy/mjAKwAE4OVzcROMgobVF59z7vGUIh9J7OgOy+dZ1mp9GJKI3NP
BgMyhY31/Pc0PG74J7AcBeCPnZHtZ0C/bX/MmsoJ4gOoBI95ifrKfubufxsuEwBEhKsAFK4PVxvfPcfZcJq4o+JGVCS4Y/KOmEf1Nakh
GBAPdglm/nFpUVnesfzFqQpv8QfGTP+7r/21hN/vuLBUQSEh6Onsrd81nh/Co50RHYQjbD28d9IqiPA5HnPdeTfBAKIFCP+QMe3T+npG
FnlaigEvwWRXh36deYt/F3kfMAQUEoRAdwaTv1k6e+BK5BjeOAkGj1efpCLvJ8diFehvIpAEj3J0n+9iUDa874jIEi01wBsSPxxdvq/O
LNsABrNTBrL+b29G+X/0vg5jmMgl67htAgzmRpWv7lVn7cc2lryg6mQErYOW9Pqa+aq0UqcY5ysBhV7Wf626aGvqK4MAh3E1DDXnk2m5
R7tXBoHtpBU1gACOWSe5ctbR39/5MeAGM19ZoN/uXinsxczmJJAIQVL8QlDb8keX7m5u7gbpihIq7I8U7f+DjzTEr/0EoJIrndoSIM28
kt2efh/9Q+C2lqBS1Aw+pVSXJsTVEsgGAIwRQHcT22kqxg5m6tks5MYgW1IBMLX//Rzpvr1bWyTgQq0ENTB32+sKGXfYzTdBqKMd8O8P
Lo49G7f5ruMoQLRYKK3WTaiXZmkqr6czf0WK1rFnDuh1ZV/bEcc9r5kk9MKbXWuNxjsLLR14l/fbZDbkmpK5kQMnRn7EfZEUEKRDWwNW
oxIN/dVTio75BJBEYUuDBwMbywt8L/TkRvI09gBcAgJGgXFH9drmrM4/OEEkiguJ1ynr/Pc6du4hfWzhiUv5sBJl/Z+rwS4/+pbICNTZ
QzBnANVnu+24Pq4FFvQZVC9fmkR+cn+ifI7PMeIEDjqFRQMNm932aP72bPtiMYTLS0xyAErwAO1imV3XW7jjSABywyx4dntjQj+k6kLG
UwSgGsnCHuK4k7su/LcWdRR0lMrqET4b/rnYFPc7MkYBUmjdmk67v/805fp/7QBrQEPWGPxW025fde3x/XMsh8p27nWQiN9N/8Pf7tvp
SUWB6AJiNQgp/JTCwRDX82CoTNkHYUjAOe993n9fg8hgJ1AMbElfLqMPsyRd7+u/nIBVdQIFPADT156vjvRYZ4QKhQyYTniTop8V+2r9
lt6uA2ulBx6VRK0vHLT72an91YcFRnaaTYJyYhxbP3VGHEbZQHTyRh8h1vq+Kurh/bxwDRaE9TCBsN6j5Q3jVwTPwBXkQYOv+jcw2kzP
+e56taOnwQcYjQrovmAjxsfqcdZBApPLBDLM0Ts9vnqu6Gv7i8DPt4UAhnF9lt/+v/5H4vMgSDkIEREJ47/e/ouDfruGdSJTUHfZcfRQ
rR61nn3Tg82AjAgDE0pnWdRKgz/mVAmkf94CZiFmw/6/yt8Jj9cUKxwA2WAqakKVJXi+LvoDfJIlQitIABvBtqfvbY7+GxI8nmgAQ5di
bxyj/sX2tPCQT5ZqOQM2KXK0+SycMlv91DzO63k3Uuzcr/FinV0S/rL7DLLjjGlx5jwZztvJWXEkUQgIpKrGwYPqz3OTX9ca0YpGGQCI
QaaPXs98t5YzH11CEGQCHcQje0xXDfW8+9AEuayACUCQBf8LmcDnp6d+gBC2AWBNA0BwCFl7bKQTr4OWri0GLSXn8+8za270Bp1gHTox
WpKCMNmln2ey7dTrYy2jQpAxWYbn5EBDZv/xXp3GxUEMwCoF0/l/7epUbVNy0RDN4cEaBSes/vt0vk69UXnaWeOAe2k3p8G0yG1aUmBA
4FaKEEFcXApIfa8Prh2PJkTtxeuKqxWoWog3OZI7BtEw8gkgWQej0Uu9AI7vb1asAyFueuAmMvHONe/0i3MqIzwKvTi8hEV2LuDHLmfA
qy6xkxIAf8rnM5t0p63S38wnx0QlMMUDZ2mtpkl4j9bKqFMdByDw2W+RBr1uQ6Dp8wCFE5waTArkZf6mjiZK6MgOJYwOVtIEKvE+uTyy
B1/HgPfAIBc+EnVXudjYoDmiYatNIEgHFZG7qEutvPb2jiIg2NhwxhAkd9f29tqxfh2YXAFIPsOHVLu3iMoff4H/idiAKUeRJ6GPQbLf
vHmruwz7hODoRYglXvgurn3SmbLYRGCddOIBRI07yPjTLj6CBniCYp4VZdSlKxLKcVOlbn3Z+qxxQW7c6e8r/zOM7b4koxAUXkqpcK/m
BjOFn7VcPW0qBKxBpktrLons9+3PMjkRo5RY9o0k598vCi9L1IlIGbGECjoCUd7x4/YUfl36h4SSQIFmwUZnzkMrw8G05LigA2wamcoC
K9TRz/NPq7sQgPAxKISiqOvnDbnYQrTLEgZydZcoCELXecebXlVN+gBnMGgYWkgw+VuNW+udWN6SEZ/MyEIrMpoa7+rBv9r/KiTjACpI
AR3UxwW3zaIIjRHTkqKW3g9cgBEFmdxW7ib8DOAGpgonAG1tuR14h9yo1LUtAKFHIAhVV86857fpz+TumRJiADwmkOxvNeyMIXtjpEKd
AAAAAEJGUFQAAAcAAAAAACaa3xIAAABGVwAAAAAAAAAAAAEAAIAQAACADwAAgAYAAAAAAAAAAAACAABtZmcAAAAAAAAAABcAAAAAAAAg
AwAAAAAAAAAAAAAAAAADAABtZWRpYQAAAAAAIBoAAAAAAABwBAAAAAAAAAAAAAAAAAAEAABQU00AAAAAAAAAkB4AAAAAAACAAAAAAAAA
AAAAAAAAAAAFAABLRVkAAAAAAAAAEB8AAAAAAAAgAAAAAAAAAAAAAAAAAAAGAABEQVRBAAAAAAAAMB8AAAAAAABQAAAAAAAAAAAAAAAA
AAAHAABmYWN0b3J5AAAAgB8AAAAAAABwAAAAAAAAAAAAAAAAAADRsbwBRkNGRwQBAQFmmf8DnwCfAATvAAHHIFLYBgIyAAsBCwE7AbsA
awHrAusCAlAAAQABAQAAAQEBqwEFNQAAATEAADj/IP93AwJAdwMC8JABQAbQBwUAIE4DAAvkeuMMR04k9Z/+T7K9GdZ2UiMQAZwuICLV
bog8+3feMACrsFagpjXqUy/p7vHTrHmogiwshJww6DxeGTInp6Xggvo8oHLHQZ8ciqexnpX6Jy7a8lCmygMc//IC7krftKVBgmjCWGak
1B3/TeJ80zxgWEBSyxQDwrtvhTzW1zvXVcoThEZ5+hS2/w0XxdS4g0AvQpQIMHRDjr+XfTrLe46WEXYT2UCHMY+fl9Pmbffv1GoF1w6f
Khzb7O/62s21/8tMCK6AfIxkC2bn98z+ar2KoESRx4LLJsV/4v72zpKrCKSglSGiRK0HpovYxjut/dSDBxSCAUFofOzF04PPL9MOmDO4
kS2nIixJ1C3pF2DZQa6iq84Bw0Q6UpIbfxtmoWjqtVHI2qxptXeXZLt2JP8mgULR2QFA5Br/sVWSmZr+EdbJr5pIh2XubvFzmZi4e8mQ
JiXjgwlIaU6jHSiy+lBAcya8kkVQYj9sWhrx+3vplMYLJHYxQlFyqAJ0IHnzaezRDBkyPmJoZXB59YH6p2PBUYbi1ZiPSts+rJTu/vrt
FAs8u3PhBlBn3Obs9k3bZ9yKCClgzTy+9emvOaYLjnigtnwbIZhTrK295V+S3vT5wGCzs2XZQYD/DW3K5l2h44hignHagpYJwacmw9n7
Ue05J8LmQA4QhX8ZZNDzGrwy4VZiC8nBsIiGKdgg65Y3v4kDmJRt0MAki87akiv/Sc8ZwQ1Whz9+eU01e5fmt2J1qNBSF5H9+nOFfHEO
/X3skzEACMYmWaAKtL3TAR+H7/Eie6TsCAuBAe0MeEvhO3aKGUycADaDAuSf9ozh0o9hNggHgBYDRBAgV33yhz4mTZYMHDGiHYUYH2k0
hXAAAAAAAAAAAA==
------ END xsEaJg== ------

------ DATA BEGIN 24B00000@0000055C@0x24B00000-0x24B0055C ------
BgAAAPtVAACzAQAAAQAAAAAAAAAAAAAAAAAAAAAAAAAAAAAAAAAAAAAAAAAAAAAAAAAAAAAAAAAAAAAAAAAAAAAAAAAAAAAAAAAAAMHX
AAQAAAAAAAABAAAAAAAAAAAA3v//f2QAkP8AAAAAAAAAAAAAAAAAAAAAAAAAAAAAAAAAAAAAAAAAAAAAAAAAAAAAAAAAAAAAAAAHBAAA
AAAABBQYAAAAAAAAAAAAAAAAAAAAAAAAAAAAAAAAAAD///////8AAAAAAAAAAAAAAAAAAAAAAAAAAAAACAwCPxAAAAAAAAAAKAAgAglo
AQC0AHACAkBBBQqQAQAQgAIAAgQAACHGZiEoQIEMAAAAAAkAAACcDwAACgEBAABAAABMZ92PvCL/CQAAAAAAAAAAAAAAAAAAAABiL8sH
AAAAAEjqAAAAAAAAeF/LBwAAAAAAAAAAABAAAAAAAAAAAAAAAAAAAAAAAAAAAAAAAAAAAAAAAAAAAAAAAAAAAAAAAAAAAAAAAAAAAAAA
AAAAAAAAAAAAAAAAAAAAAAAAAAAAAAAAAAAAAAAAAAAAAAAAAAAAAAAAAAAAAAAAAAAAAAAAAAAAAAAAAAAAAAAAAAAAAAAAAAAAAAAA
AAAAAAAAAAAAAAAAAAAAAAAAAAAAAAAAAAAAAAAAAAAAAAAAAAAAAAAAAABHCgAAQwoAADLkBQAi8wIAAAAAAAAAAAAAAAAAAAAAAMr1
AgAAAAAAAAAAAAAAAAAAAAAAAAAAAAAAAAAAAAAAAAAAAAAAAAAAAAAAAAAAAAAAAAAAAAAAAAAAAAAAAAAAAAAAAAAAAAAAAAAAAAAA
AAAAAAAAAAAAAAAAAAAAAAAAAAAAAAAAAAAAAAAAAAAAAAAAAAAAAAAAAAAAAAAAAAAAAAAAAAAAAAAAAAAAAAAAAAAAAAAAAAAAAAAA
AAAAAAAAAAAAAAAAAAAAAAAAAAAAAAAAAAAAAAAAAAAAAAAAAAAAAAAAAAAAAAAAAAAAAAAAAAAAAAAAAAAAAAAAAAAAAAAAAAAAAAAA
AAAAAJgKAgD//wAAAAAAAP//AAAAAAAAAAAAAAAAAAAAAAAAAAAAAAAAAAAAAAAAAAAAAAAAAAAAAAAAAAAAAAAAAAAAAAAAAAAAAAAA
AAAAAAAAAAAAAAAAAAAAAAAAAAAAAAAAAAAAAAAAAAAAAAAAAAAAAAAAAAAAAAAAAAAAAAAAAAAAAAAAAAAAAAAAAAAAAAAAAAAAAAAA
AAAAAAAAAAAAAAAAAAAAAAAAAAAAAAAAAAAAAAAAAAAAAAAAAAAAAAAAAAAAAAAAAAAAAAAAAAAAAAAAAAAAAAAAAAAAAAAAAAAAAAAA
AAAAAAAAAAAAAEkAAGg39iQAAQAAAAAAAAAAAAAAAAAAAAAAAAAAAAAAAAAAAAAAAAAAAAAAAAAAAAAAAAAAAAAAAAAAAAAAAAAAAAAA
AAAAAAAAAAAAAAAAAAAAAAAAAAAAAAAAAAAAAAAAAAAAAAAAAAAAAAAAAAAAAAAAAAAAAAAAAAAAAAAAAAAAAAAAAAAAAAAAAAAAAAAA
AAAAAAAAAAAAAAAAAAAAAAAAAAAAAAAAAAAAAAAAAAAAAAAAAAAAAAAAAAAAAAAAAAAAAAAAAAAAAAAAAAAAAAAAAAAAAAAAAAAAAAAA
AAAAAAAAAAAAAAAAAAAAAAAAAAAAAAAAAAAAAAAAAAAAAAAAAAAAAAAAAACAQAAECy8AAAAAAABEIwAAAAAAAAAAAAAAAAAAAAAAAAAA
AAAAAAAAAAAAAAAAAAAAAAAAAAAAAAAAAAAAAAAAAAAAAAAAAAAAAAAAAAAAAA==
------ END ZFVebg== ------

------ DATA BEGIN 24B08000@00000560@0x24B08000-0x24B08560 ------
AAAAAAAAAAAAAAAAAAAAAAAAAAAAAAAAAAAAAAAAAAAAAAAAAAAAAAAAAAAAAAAAAAAAAAAAAAAAAAAAAAAAAOYAAAAAAAAAAQAAAAAA
AAAAAAAAAAAAAAAAAAAAAAAAAAAAAAAAAAAAAAAAAAAAAAAAAABM8XODAAAAAAAAAADABwqAAAAAAAAAAAAAAAAAAAAAAAAAAAAAAAAA
AAAAAAAAAADLRf8JAAAAAAAAAAAAAAAAAAAAAAAAAAAAAAAAAAAAAAAAAAAAAAAAAAAAAAAAAAAAAAAAAAAAAAAAAAAAAAAAAAAAAAAA
AAAAAAAAAAAAAAAAAAAAAAAAAAAAAAAAAAAAAAAAAAAAAAAAAAAAAAAAAAAAAAAAAAAAAAAAAAAAAAAAAAAAAAAAAAAAAAAAAAAAAAAA
AAAAAAAAAAAAAAAAAAAAAAAAAAAAAAAAAAAAAAAAAAAAAAAAAAAAAAAAAAAAAAAAAAAAAAAAAAAAAAAAAAAAAAAAAAAAAAAAAAAAAAAA
AAAAAAARAAAAAAAAAAAfAAAAAAAAAAAAAAAAAAAAAAAAAMxEBEJNREQFAAAAAAAAAAAsDQRClB8EQhAAEAAAAAAAAAAAAAAAAAAAAAAA
AAAAAAAAAAAAAAAAAAAAAAAAAAAAAAAAAAAAAAAAAAAAAAAAAAAAAAAAAAAAAAAAAAAAAAAAAAAAAAAAAAAAAAAAAAAAAAAAAAAAAAAA
AAAAAAAAAAAAAF4ALwAAAAAAAAAAAAAAAAAAAAAAAAAAAAAAAAAAAAAAAAAAAAAAAAAAAAAAAAAAAAAAAAAAAAAAAAAAAAAAAAAAAAAA
AAAAAAAAAAAAAAAAAAAAAAAAAAAAAAAAAAAAAAAAAAAAAAAAAAAAAAAAAAAAAAAAAAAAAAAAAAAAAAAAAAAAAAAAAAAAAAAAAAAAAAAA
AAAAAAAAAAAAAAAAAAAAAAAAAAAAAAAAAAAAAAAAAAAAAAAAAAAAAAAAAAAAAAAAAAAAAAAAAAAAAAAAAAAAAAAAAAAAAAAAAAAAAAAA
AAAAAAAAAAAAAAAAAAAAAAAAAAAAAAAAAAAAAAAAAAAAAAAAAAAAAAAAAAAAAAAAAAAAAAAAAAAAAAAAAAAAAAAAAAAAAAAAAAAAAAAA
AAAAAAAAAAAAAAAAAAAAAAAAAAAAAAAAAAAAAAAAAAAAAAAAAAAAAAAAAAAAAAAAAAAAAAAAAAAAAAAAAAAAAAAAAAAAAAAAAAAAAAAA
AAAAAAAAAAAAAAAAAAAAAAAAAAAAAAAAAAAAAAAAAAAAAAAAAAAAAAAAAAAAAAAAAAAAAAAAAAAAAAAAAAAAAAAAAAAAAAAAAAAAAAAA
AAAAAAAAAAAAAAAAAAAAAAAAAAAAAAAAAAAAAAAAAAAAAAAAAAAAAAAAAAAAAAAAAAAAAAAAAAAAAAAAAAAAAAAAAAAAAAAAAAAAAAAA
AAAAAAAAAAAAAAAAAAAAAAAAAAAAAAAAAAAAAAAAAAAAAAAAAAAAAAAAAAAAAAAAAAAAAAAAAAAAAAAAAAAAAAAAAAAAAAAAAAAAAAAA
AAAAAAAAAAAAAAAAAAAAAAAAAAAAAAAAAAAAAAAAAAAAAAAAAAAAAAAAAAAAAAAAAAAAAAAAAAAAAAAAAAAAAAAAAAAAAAAAAAAAAAAA
AAAAAAAAAAAAAAAAAAAAAAAAAAAAAAAAAAAAAAAAAAAAAAAAAAAAAAAAAAAAAAAAAAAAAAAAAAAAAAAAAAAAAAAAAAAAAAAAAAAAAAAA
AAAAAAAAAAAAAAAAAAAAAAAAAAAAAJQfBEIsDQRCAAAAAAAAAAAAAAAAAAAAAAAAAAA=
------ END 20ZdOw== ------

------ DATA BEGIN 24C00000@0000003C@0x24C00000-0x24C0003C ------
ESGCAIX2EgAAAAAAAIDKP8T4AwAAAAAAAAAAAAIAAAAAAAAAAAAAAAAAAAAAAAAAAAAAAC3tBAC0WgAA
------ END gFEdAg== ------

------ DATA BEGIN 24C00800@000000BC@0x24C00800-0x24C008BC ------
AAAAAA38QBL/+8TzAAAAAAAAAACJAaBNBgyIAQ8PAAANEgAADQAAACgQEBEAAAAADxsAAAEBFga0AAAABAEEAQAAAAAAAAAAAAAAAAAA
AAAAAAAAAAAAAAAIEwwUPhQ8A38AAJoBIAAyIAQARHDABMFAH4gAAAAIAAAAAAAAAAAAAAAAAAAAAAAAAAATHAAA/PjwAAAAAAA4BNAC
/////wAAAAAAAAAAAAAAAAAAAAAAAAAAAAAAAAAAAAA=
------ END GNw0IQ== ------

------ DATA BEGIN F0000000@00000020@others_reg ------
AAAAAAEAAAAAAAAAAAAAAAACAACAQAAEGQAAAAAAAAA=
------ END IhSuOA== ------

------ DATA BEGIN 40000000@00000318@GLB_reg ------
7wABbAEAEAGTGY//AwH/AQAAAAAAAAAAAAAAAAAAAAD/AAAA////ABEAAAAAAAAAAAAAAAAAAAAAAAAAAAAAAAAAAAAAAAAAAAAAAAAA
AAAAAAAAAQAAAAAAAAAJCRkgAAAAAAAAAAAAAAAA/////wAAAAAAAAAADAwMDAMAAAAAgwEAAAAAAAAAAAAAAAAABwAEAAAAAAAAAAAA
AAAAAAAAAAAFAQAA6BM+AwAAAAAAAAAAAAAAAAAAAAAAAAAA8n/2PwAAAAAAAAAAAAAAAAQAAAAEAABABAAAgAQAAMAAAAAAAAAAAAAA
AAAAAAAAAAAAAAAAAAAAAAAAAAAAAAK7E7sXuxd3F3cDEQMLFwcDCwMLAwsXDhcOAwsXDgMLFwcXDgMLAwsCCxcLFwsDACMAAwADAAMA
AwAAAAAAAAAAAAAAAAAAAAAAAAAAAAAAAAAAAAAAAAAAAAAAAAAAAAAAAAAAAAAAAAAAAAAAAAAAAAAAAAAAAAAAAAAAAAAABgBgAAAA
AAABAAAAAAAAAAEAEAAAAAAAAAAAAAAAAAD/////AAAAAAAAAAAAAAAAAAAAAAAAAAAAAAAAAAAAAAAAAAAAAAAAAAAAAAAAAAAAAAAA
AAAAAAAAAAAAAAAAAAAAAAAAAAAAAAAAAAAAAAAAAAAAAAAAAAAAAAAAAAAAAAAAAAAAAAAAAAAAAAAAAAAAAAAAAAAAAAAAAAAAAAAA
AACAAAAAAAAAAAAAAAAAAAAAAAAAAAAAAAAAAAAAAAAAAAAAAAAAAAAAAAAAAAAAAAAAAAAAAAAAAAAAAAAAAAAAAAAAAAAAAAAAAAAA
AAAAAAAAAAAAAAAAAAAAAAAAAAAAAAAAAAAAAAAAAAAAAAAAAAAAAAAAAAAAAAAAAAAAAAAAAAAAAAAAAAAAAAAAAAAAAAAAAAAAAAAA
AAAAAAAAAAAAAAAAAAAAAAAAAAAAAAAAAAAAAAAAAAAAAAAAAAAAAAAAAAAAAAAAAAAAAAAAAAAAAAAAAAAAAAAAAAAAAAAAAAADAAAP
AAAMAAAADAAAAAAA
------ END 3z50Wg== ------

------ DATA BEGIN 4000A100@0000008F@uart1_reg ------
BRcAAAEHAABaAVoBAAAAAHAAnwBvAAAADwAAAAAAAAAEAAAA/wAAAAAAAAD/AAAAAAAAAAAAAAAAAAAAAAAAAAAAAAAAAAAAAAAAAAAA
AAAAAAAAAAAAAAAAAAAAAAAAAAAAAAAAAAAAAAAAAAAAAAAAAAAAAAAAAAAAAAAAAAAAAAAAIAAPDwAAAAAAAAA=
------ END 25SS2g== ------

------ DATA BEGIN 4000A420@00000098@pwm_reg ------
AAAAAAAAAAAAAAAA//8AAAgAAAAAAAAAACABQAAgAUAAAAAAAAAAAAAAAAD//wAACAAAAAAAAAAAIAFAACABQAAAAAAAAAAAAAAAAP//
AAAIAAAAAAAAAAAgAUAAIAFAAAAAAAAAAAAAAAAA//8AAAgAAAAAAAAAACABQAAgAUAAAAAAAAAAAAAAAAD//wAACAAAAAAAAAA=
------ END eScSDQ== ------

------ DATA BEGIN 4000E404@00000004@PDS_reg ------
FAIRAQ==
------ END PNhl2Q== ------

------ DATA BEGIN 4000F030@00000004@HBN_reg ------
JwAMqA==
------ END TSwZaA== ------
Exception in thread Thread-1 (read_serial):
Traceback (most recent call last):
  File "/usr/lib/python3.12/threading.py", line 1073, in _bootstrap_inner
    self.run()
  File "/usr/lib/python3.12/threading.py", line 1010, in run
    self._target(*self._args, **self._kwargs)
  File "/home/hyeonwo0-kim/samba/workspace/BLboard/st-device-sdk-c-ref/tools/bl602/monitor.py", line 44, in read_serial
    if ser.in_waiting > 0:
       ^^^^^^^^^^^^^^
  File "/usr/lib/python3/dist-packages/serial/serialposix.py", line 549, in in_waiting
    s = fcntl.ioctl(self.fd, TIOCINQ, TIOCM_zero_str)
        ^^^^^^^^^^^^^^^^^^^^^^^^^^^^^^^^^^^^^^^^^^^^^
OSError: [Errno 5] Input/output error
^Cinterrupted
closed
Traceback (most recent call last):
  File "/home/hyeonwo0-kim/samba/workspace/BLboard/st-device-sdk-c-ref/tools/bl602/build_bl602.py", line 111, in <module>
    main()
  File "/home/hyeonwo0-kim/samba/workspace/BLboard/st-device-sdk-c-ref/tools/bl602/build_bl602.py", line 101, in main
    execute_command(command, paths, port)
  File "/home/hyeonwo0-kim/samba/workspace/BLboard/st-device-sdk-c-ref/tools/bl602/build_bl602.py", line 92, in execute_command
    handler()
  File "/home/hyeonwo0-kim/samba/workspace/BLboard/st-device-sdk-c-ref/tools/bl602/build_bl602.py", line 84, in <lambda>
    "monitor": lambda: subprocess.run([
                       ^^^^^^^^^^^^^^^^
  File "/usr/lib/python3.12/subprocess.py", line 550, in run
    stdout, stderr = process.communicate(input, timeout=timeout)
                     ^^^^^^^^^^^^^^^^^^^^^^^^^^^^^^^^^^^^^^^^^^^
  File "/usr/lib/python3.12/subprocess.py", line 1201, in communicate
    self.wait()
  File "/usr/lib/python3.12/subprocess.py", line 1264, in wait
    return self._wait(timeout=timeout)
           ^^^^^^^^^^^^^^^^^^^^^^^^^^^
  File "/usr/lib/python3.12/subprocess.py", line 2053, in _wait
    (pid, sts) = self._try_wait(0)
                 ^^^^^^^^^^^^^^^^^
  File "/usr/lib/python3.12/subprocess.py", line 2011, in _try_wait
    (pid, sts) = os.waitpid(self.pid, wait_flags)
                 ^^^^^^^^^^^^^^^^^^^^^^^^^^^^^^^^
KeyboardInterrupt

Usage: python build.py apps/[BSP_NAME]/[APP_NAME]
                 or
       python build.py [BSP_NAME] [APP_NAME]
--------------------------------------------------
   [BSP_NAME] : [APP_NAME]
  esp32       : switch_example_ble, light_example, switch_example, ota_demo
  bl602       : light_example, switch_example

  ex) python build.py apps/esp32/switch_example
  ex) python build.py esp32 light_example

hyeonwo0-kim@hyeonwo0:~/samba/workspace/BLboard/st-device-sdk-c-ref$